2026-04-21 14:23:44 [main] INFO  c.c.k.KnowledgeServiceApplication - Starting KnowledgeServiceApplication v0.0.1-SNAPSHOT using Java 17.0.18 with PID 16060 (/Users/abhidhabmellwyn/Downloads/Services/knowledge_service/target/knowledge-service-0.0.1-SNAPSHOT.jar started by abhidhabmellwyn in /Users/abhidhabmellwyn/Downloads/Services/Notification_service)
2026-04-21 14:23:44 [main] DEBUG c.c.k.KnowledgeServiceApplication - Running with Spring Boot v3.2.0, Spring v6.1.1
2026-04-21 14:23:44 [main] INFO  c.c.k.KnowledgeServiceApplication - The following 1 profile is active: "local"
2026-04-21 14:23:45 [main] INFO  o.s.d.r.c.RepositoryConfigurationDelegate - Bootstrapping Spring Data JPA repositories in DEFAULT mode.
2026-04-21 14:23:45 [main] INFO  o.s.d.r.c.RepositoryConfigurationDelegate - Finished Spring Data repository scanning in 195 ms. Found 7 JPA repository interfaces.
2026-04-21 14:23:47 [main] INFO  o.s.b.w.e.tomcat.TomcatWebServer - Tomcat initialized with port 8085 (http)
2026-04-21 14:23:47 [main] INFO  o.a.catalina.core.StandardService - Starting service [Tomcat]
2026-04-21 14:23:47 [main] INFO  o.a.catalina.core.StandardEngine - Starting Servlet engine: [Apache Tomcat/10.1.16]
2026-04-21 14:23:47 [main] INFO  o.a.c.c.C.[Tomcat].[localhost].[/] - Initializing Spring embedded WebApplicationContext
2026-04-21 14:23:47 [main] INFO  o.s.b.w.s.c.ServletWebServerApplicationContext - Root WebApplicationContext: initialization completed in 2848 ms
2026-04-21 14:23:48 [main] ERROR o.s.b.w.e.tomcat.TomcatStarter - Error starting Tomcat context. Exception: org.springframework.beans.factory.UnsatisfiedDependencyException. Message: Error creating bean with name 'jwtAuthenticationFilter' defined in URL [jar:nested:/Users/abhidhabmellwyn/Downloads/Services/knowledge_service/target/knowledge-service-0.0.1-SNAPSHOT.jar/!BOOT-INF/classes/!/com/cognizant/knowledge_service/security/JwtAuthenticationFilter.class]: Unsatisfied dependency expressed through constructor parameter 0: Error creating bean with name 'jwtTokenProvider': Injection of autowired dependencies failed
2026-04-21 14:23:48 [main] INFO  o.a.catalina.core.StandardService - Stopping service [Tomcat]
2026-04-21 14:23:48 [main] WARN  o.s.b.w.s.c.AnnotationConfigServletWebServerApplicationContext - Exception encountered during context initialization - cancelling refresh attempt: org.springframework.context.ApplicationContextException: Unable to start web server
2026-04-21 14:23:48 [main] INFO  o.s.b.a.l.ConditionEvaluationReportLogger - 

Error starting ApplicationContext. To display the condition evaluation report re-run your application with 'debug' enabled.
2026-04-21 14:23:48 [main] ERROR o.s.boot.SpringApplication - Application run failed
org.springframework.context.ApplicationContextException: Unable to start web server
	at org.springframework.boot.web.servlet.context.ServletWebServerApplicationContext.onRefresh(ServletWebServerApplicationContext.java:165)
	at org.springframework.context.support.AbstractApplicationContext.refresh(AbstractApplicationContext.java:610)
	at org.springframework.boot.web.servlet.context.ServletWebServerApplicationContext.refresh(ServletWebServerApplicationContext.java:146)
	at org.springframework.boot.SpringApplication.refresh(SpringApplication.java:753)
	at org.springframework.boot.SpringApplication.refreshContext(SpringApplication.java:455)
	at org.springframework.boot.SpringApplication.run(SpringApplication.java:323)
	at org.springframework.boot.SpringApplication.run(SpringApplication.java:1342)
	at org.springframework.boot.SpringApplication.run(SpringApplication.java:1331)
	at com.cognizant.knowledge_service.KnowledgeServiceApplication.main(KnowledgeServiceApplication.java:10)
	at java.base/jdk.internal.reflect.NativeMethodAccessorImpl.invoke0(Native Method)
	at java.base/jdk.internal.reflect.NativeMethodAccessorImpl.invoke(NativeMethodAccessorImpl.java:77)
	at java.base/jdk.internal.reflect.DelegatingMethodAccessorImpl.invoke(DelegatingMethodAccessorImpl.java:43)
	at java.base/java.lang.reflect.Method.invoke(Method.java:569)
	at org.springframework.boot.loader.launch.Launcher.launch(Launcher.java:91)
	at org.springframework.boot.loader.launch.Launcher.launch(Launcher.java:53)
	at org.springframework.boot.loader.launch.JarLauncher.main(JarLauncher.java:58)
Caused by: org.springframework.boot.web.server.WebServerException: Unable to start embedded Tomcat
	at org.springframework.boot.web.embedded.tomcat.TomcatWebServer.initialize(TomcatWebServer.java:142)
	at org.springframework.boot.web.embedded.tomcat.TomcatWebServer.<init>(TomcatWebServer.java:104)
	at org.springframework.boot.web.embedded.tomcat.TomcatServletWebServerFactory.getTomcatWebServer(TomcatServletWebServerFactory.java:501)
	at org.springframework.boot.web.embedded.tomcat.TomcatServletWebServerFactory.getWebServer(TomcatServletWebServerFactory.java:218)
	at org.springframework.boot.web.servlet.context.ServletWebServerApplicationContext.createWebServer(ServletWebServerApplicationContext.java:188)
	at org.springframework.boot.web.servlet.context.ServletWebServerApplicationContext.onRefresh(ServletWebServerApplicationContext.java:162)
	... 15 common frames omitted
Caused by: org.springframework.beans.factory.UnsatisfiedDependencyException: Error creating bean with name 'jwtAuthenticationFilter' defined in URL [jar:nested:/Users/abhidhabmellwyn/Downloads/Services/knowledge_service/target/knowledge-service-0.0.1-SNAPSHOT.jar/!BOOT-INF/classes/!/com/cognizant/knowledge_service/security/JwtAuthenticationFilter.class]: Unsatisfied dependency expressed through constructor parameter 0: Error creating bean with name 'jwtTokenProvider': Injection of autowired dependencies failed
	at org.springframework.beans.factory.support.ConstructorResolver.createArgumentArray(ConstructorResolver.java:802)
	at org.springframework.beans.factory.support.ConstructorResolver.autowireConstructor(ConstructorResolver.java:241)
	at org.springframework.beans.factory.support.AbstractAutowireCapableBeanFactory.autowireConstructor(AbstractAutowireCapableBeanFactory.java:1356)
	at org.springframework.beans.factory.support.AbstractAutowireCapableBeanFactory.createBeanInstance(AbstractAutowireCapableBeanFactory.java:1193)
	at org.springframework.beans.factory.support.AbstractAutowireCapableBeanFactory.doCreateBean(AbstractAutowireCapableBeanFactory.java:563)
	at org.springframework.beans.factory.support.AbstractAutowireCapableBeanFactory.createBean(AbstractAutowireCapableBeanFactory.java:523)
	at org.springframework.beans.factory.support.AbstractBeanFactory.lambda$doGetBean$0(AbstractBeanFactory.java:325)
	at org.springframework.beans.factory.support.DefaultSingletonBeanRegistry.getSingleton(DefaultSingletonBeanRegistry.java:234)
	at org.springframework.beans.factory.support.AbstractBeanFactory.doGetBean(AbstractBeanFactory.java:323)
	at org.springframework.beans.factory.support.AbstractBeanFactory.getBean(AbstractBeanFactory.java:204)
	at org.springframework.boot.web.servlet.ServletContextInitializerBeans.getOrderedBeansOfType(ServletContextInitializerBeans.java:210)
	at org.springframework.boot.web.servlet.ServletContextInitializerBeans.addAsRegistrationBean(ServletContextInitializerBeans.java:173)
	at org.springframework.boot.web.servlet.ServletContextInitializerBeans.addAsRegistrationBean(ServletContextInitializerBeans.java:168)
	at org.springframework.boot.web.servlet.ServletContextInitializerBeans.addAdaptableBeans(ServletContextInitializerBeans.java:153)
	at org.springframework.boot.web.servlet.ServletContextInitializerBeans.<init>(ServletContextInitializerBeans.java:86)
	at org.springframework.boot.web.servlet.context.ServletWebServerApplicationContext.getServletContextInitializerBeans(ServletWebServerApplicationContext.java:266)
	at org.springframework.boot.web.servlet.context.ServletWebServerApplicationContext.selfInitialize(ServletWebServerApplicationContext.java:240)
	at org.springframework.boot.web.embedded.tomcat.TomcatStarter.onStartup(TomcatStarter.java:52)
	at org.apache.catalina.core.StandardContext.startInternal(StandardContext.java:4850)
	at org.apache.catalina.util.LifecycleBase.start(LifecycleBase.java:171)
	at org.apache.catalina.core.ContainerBase$StartChild.call(ContainerBase.java:1332)
	at org.apache.catalina.core.ContainerBase$StartChild.call(ContainerBase.java:1322)
	at java.base/java.util.concurrent.FutureTask.run(FutureTask.java:264)
	at org.apache.tomcat.util.threads.InlineExecutorService.execute(InlineExecutorService.java:75)
	at java.base/java.util.concurrent.AbstractExecutorService.submit(AbstractExecutorService.java:145)
	at org.apache.catalina.core.ContainerBase.startInternal(ContainerBase.java:866)
	at org.apache.catalina.core.StandardHost.startInternal(StandardHost.java:845)
	at org.apache.catalina.util.LifecycleBase.start(LifecycleBase.java:171)
	at org.apache.catalina.core.ContainerBase$StartChild.call(ContainerBase.java:1332)
	at org.apache.catalina.core.ContainerBase$StartChild.call(ContainerBase.java:1322)
	at java.base/java.util.concurrent.FutureTask.run(FutureTask.java:264)
	at org.apache.tomcat.util.threads.InlineExecutorService.execute(InlineExecutorService.java:75)
	at java.base/java.util.concurrent.AbstractExecutorService.submit(AbstractExecutorService.java:145)
	at org.apache.catalina.core.ContainerBase.startInternal(ContainerBase.java:866)
	at org.apache.catalina.core.StandardEngine.startInternal(StandardEngine.java:240)
	at org.apache.catalina.util.LifecycleBase.start(LifecycleBase.java:171)
	at org.apache.catalina.core.StandardService.startInternal(StandardService.java:433)
	at org.apache.catalina.util.LifecycleBase.start(LifecycleBase.java:171)
	at org.apache.catalina.core.StandardServer.startInternal(StandardServer.java:917)
	at org.apache.catalina.util.LifecycleBase.start(LifecycleBase.java:171)
	at org.apache.catalina.startup.Tomcat.start(Tomcat.java:488)
	at org.springframework.boot.web.embedded.tomcat.TomcatWebServer.initialize(TomcatWebServer.java:123)
	... 20 common frames omitted
Caused by: org.springframework.beans.factory.BeanCreationException: Error creating bean with name 'jwtTokenProvider': Injection of autowired dependencies failed
	at org.springframework.beans.factory.annotation.AutowiredAnnotationBeanPostProcessor.postProcessProperties(AutowiredAnnotationBeanPostProcessor.java:499)
	at org.springframework.beans.factory.support.AbstractAutowireCapableBeanFactory.populateBean(AbstractAutowireCapableBeanFactory.java:1420)
	at org.springframework.beans.factory.support.AbstractAutowireCapableBeanFactory.doCreateBean(AbstractAutowireCapableBeanFactory.java:600)
	at org.springframework.beans.factory.support.AbstractAutowireCapableBeanFactory.createBean(AbstractAutowireCapableBeanFactory.java:523)
	at org.springframework.beans.factory.support.AbstractBeanFactory.lambda$doGetBean$0(AbstractBeanFactory.java:325)
	at org.springframework.beans.factory.support.DefaultSingletonBeanRegistry.getSingleton(DefaultSingletonBeanRegistry.java:234)
	at org.springframework.beans.factory.support.AbstractBeanFactory.doGetBean(AbstractBeanFactory.java:323)
	at org.springframework.beans.factory.support.AbstractBeanFactory.getBean(AbstractBeanFactory.java:199)
	at org.springframework.beans.factory.config.DependencyDescriptor.resolveCandidate(DependencyDescriptor.java:254)
	at org.springframework.beans.factory.support.DefaultListableBeanFactory.doResolveDependency(DefaultListableBeanFactory.java:1441)
	at org.springframework.beans.factory.support.DefaultListableBeanFactory.resolveDependency(DefaultListableBeanFactory.java:1348)
	at org.springframework.beans.factory.support.ConstructorResolver.resolveAutowiredArgument(ConstructorResolver.java:911)
	at org.springframework.beans.factory.support.ConstructorResolver.createArgumentArray(ConstructorResolver.java:789)
	... 61 common frames omitted
Caused by: java.lang.IllegalArgumentException: Could not resolve placeholder 'jwt.expiration' in value "${jwt.expiration}"
	at org.springframework.util.PropertyPlaceholderHelper.parseStringValue(PropertyPlaceholderHelper.java:180)
	at org.springframework.util.PropertyPlaceholderHelper.replacePlaceholders(PropertyPlaceholderHelper.java:126)
	at org.springframework.core.env.AbstractPropertyResolver.doResolvePlaceholders(AbstractPropertyResolver.java:239)
	at org.springframework.core.env.AbstractPropertyResolver.resolveRequiredPlaceholders(AbstractPropertyResolver.java:210)
	at org.springframework.context.support.PropertySourcesPlaceholderConfigurer.lambda$processProperties$0(PropertySourcesPlaceholderConfigurer.java:200)
	at org.springframework.beans.factory.support.AbstractBeanFactory.resolveEmbeddedValue(AbstractBeanFactory.java:921)
	at org.springframework.beans.factory.support.DefaultListableBeanFactory.doResolveDependency(DefaultListableBeanFactory.java:1372)
	at org.springframework.beans.factory.support.DefaultListableBeanFactory.resolveDependency(DefaultListableBeanFactory.java:1348)
	at org.springframework.beans.factory.annotation.AutowiredAnnotationBeanPostProcessor$AutowiredFieldElement.resolveFieldValue(AutowiredAnnotationBeanPostProcessor.java:769)
	at org.springframework.beans.factory.annotation.AutowiredAnnotationBeanPostProcessor$AutowiredFieldElement.inject(AutowiredAnnotationBeanPostProcessor.java:752)
	at org.springframework.beans.factory.annotation.InjectionMetadata.inject(InjectionMetadata.java:145)
	at org.springframework.beans.factory.annotation.AutowiredAnnotationBeanPostProcessor.postProcessProperties(AutowiredAnnotationBeanPostProcessor.java:493)
	... 73 common frames omitted
2026-04-21 14:32:31 [main] INFO  c.c.k.KnowledgeServiceApplication - Starting KnowledgeServiceApplication v0.0.1-SNAPSHOT using Java 17.0.18 with PID 16680 (/Users/abhidhabmellwyn/Downloads/Services/knowledge_service/target/knowledge-service-0.0.1-SNAPSHOT.jar started by abhidhabmellwyn in /Users/abhidhabmellwyn/Downloads/Services/Notification_service)
2026-04-21 14:32:31 [main] DEBUG c.c.k.KnowledgeServiceApplication - Running with Spring Boot v3.2.0, Spring v6.1.1
2026-04-21 14:32:31 [main] INFO  c.c.k.KnowledgeServiceApplication - The following 1 profile is active: "local"
2026-04-21 14:32:32 [main] INFO  o.s.d.r.c.RepositoryConfigurationDelegate - Bootstrapping Spring Data JPA repositories in DEFAULT mode.
2026-04-21 14:32:32 [main] INFO  o.s.d.r.c.RepositoryConfigurationDelegate - Finished Spring Data repository scanning in 61 ms. Found 7 JPA repository interfaces.
2026-04-21 14:32:33 [main] INFO  o.s.b.w.e.tomcat.TomcatWebServer - Tomcat initialized with port 8085 (http)
2026-04-21 14:32:33 [main] INFO  o.a.catalina.core.StandardService - Starting service [Tomcat]
2026-04-21 14:32:33 [main] INFO  o.a.catalina.core.StandardEngine - Starting Servlet engine: [Apache Tomcat/10.1.16]
2026-04-21 14:32:33 [main] INFO  o.a.c.c.C.[Tomcat].[localhost].[/] - Initializing Spring embedded WebApplicationContext
2026-04-21 14:32:33 [main] INFO  o.s.b.w.s.c.ServletWebServerApplicationContext - Root WebApplicationContext: initialization completed in 2011 ms
2026-04-21 14:32:33 [main] DEBUG c.c.k.s.JwtAuthenticationFilter - Filter 'jwtAuthenticationFilter' configured for use
2026-04-21 14:32:34 [main] INFO  o.h.jpa.internal.util.LogHelper - HHH000204: Processing PersistenceUnitInfo [name: default]
2026-04-21 14:32:34 [main] INFO  org.hibernate.Version - HHH000412: Hibernate ORM core version 6.3.1.Final
2026-04-21 14:32:34 [main] INFO  o.h.c.i.RegionFactoryInitiator - HHH000026: Second-level cache disabled
2026-04-21 14:32:34 [main] INFO  o.s.o.j.p.SpringPersistenceUnitInfo - No LoadTimeWeaver setup: ignoring JPA class transformer
2026-04-21 14:32:34 [main] INFO  com.zaxxer.hikari.HikariDataSource - HikariPool-1 - Starting...
2026-04-21 14:32:34 [main] INFO  com.zaxxer.hikari.pool.HikariPool - HikariPool-1 - Added connection org.postgresql.jdbc.PgConnection@787a0fd6
2026-04-21 14:32:34 [main] INFO  com.zaxxer.hikari.HikariDataSource - HikariPool-1 - Start completed.
2026-04-21 14:32:34 [main] WARN  org.hibernate.orm.deprecation - HHH90000025: PostgreSQLDialect does not need to be specified explicitly using 'hibernate.dialect' (remove the property setting and it will be selected by default)
2026-04-21 14:32:35 [main] INFO  o.h.e.t.j.p.i.JtaPlatformInitiator - HHH000489: No JTA platform available (set 'hibernate.transaction.jta.platform' to enable JTA platform integration)
2026-04-21 14:32:35 [main] DEBUG org.hibernate.SQL - 
    create table article_tags (
        article_id uuid not null,
        tag_id uuid not null,
        primary key (article_id, tag_id)
    )
2026-04-21 14:32:35 [main] DEBUG org.hibernate.SQL - 
    create table knowledge_activity_logs (
        activity_id uuid not null,
        action varchar(255) not null check (action in ('CREATED','UPDATED','PUBLISHED','ARCHIVED','VIEWED','RATED')),
        created_at timestamp(6) not null,
        details TEXT,
        performed_by uuid not null,
        article_id uuid not null,
        primary key (activity_id)
    )
2026-04-21 14:32:35 [main] DEBUG org.hibernate.SQL - 
    create table knowledge_articles (
        article_id uuid not null,
        content TEXT not null,
        created_at timestamp(6) not null,
        created_by uuid not null,
        deleted boolean not null,
        solution_id uuid,
        status varchar(255) not null check (status in ('DRAFT','PUBLISHED','ARCHIVED')),
        ticket_id uuid,
        title varchar(255) not null,
        updated_at timestamp(6) not null,
        version integer not null,
        visibility varchar(255) not null check (visibility in ('ORGANIZATION','RESTRICTED','PUBLIC')),
        category_id uuid,
        primary key (article_id)
    )
2026-04-21 14:32:35 [main] DEBUG org.hibernate.SQL - 
    create table knowledge_categories (
        category_id uuid not null,
        category_name varchar(255) not null,
        created_at timestamp(6) not null,
        description TEXT,
        parent_id uuid,
        updated_at timestamp(6) not null,
        primary key (category_id)
    )
2026-04-21 14:32:35 [main] DEBUG org.hibernate.SQL - 
    create table knowledge_ratings (
        rating_id uuid not null,
        created_at timestamp(6) not null,
        feedback TEXT,
        rating integer not null,
        updated_at timestamp(6) not null,
        user_id uuid not null,
        article_id uuid not null,
        primary key (rating_id)
    )
2026-04-21 14:32:35 [main] DEBUG org.hibernate.SQL - 
    create table knowledge_tags (
        tag_id uuid not null,
        created_at timestamp(6) not null,
        tag_name varchar(255) not null,
        primary key (tag_id)
    )
2026-04-21 14:32:35 [main] DEBUG org.hibernate.SQL - 
    create table knowledge_versions (
        version_id uuid not null,
        content TEXT not null,
        created_at timestamp(6) not null,
        edited_by uuid not null,
        title varchar(255) not null,
        version_number integer not null,
        article_id uuid not null,
        primary key (version_id)
    )
2026-04-21 14:32:35 [main] DEBUG org.hibernate.SQL - 
    create table knowledge_views (
        view_id uuid not null,
        user_id uuid not null,
        viewed_at timestamp(6) not null,
        article_id uuid not null,
        primary key (view_id)
    )
2026-04-21 14:32:35 [main] DEBUG org.hibernate.SQL - 
    alter table if exists knowledge_categories 
       drop constraint if exists UK_c375u6frwipx1g876yfss3qib
2026-04-21 14:32:35 [main] WARN  o.h.e.jdbc.spi.SqlExceptionHelper - SQL Warning Code: 0, SQLState: 00000
2026-04-21 14:32:35 [main] WARN  o.h.e.jdbc.spi.SqlExceptionHelper - constraint "uk_c375u6frwipx1g876yfss3qib" of relation "knowledge_categories" does not exist, skipping
2026-04-21 14:32:35 [main] DEBUG org.hibernate.SQL - 
    alter table if exists knowledge_categories 
       add constraint UK_c375u6frwipx1g876yfss3qib unique (category_name)
2026-04-21 14:32:35 [main] DEBUG org.hibernate.SQL - 
    alter table if exists knowledge_ratings 
       drop constraint if exists UKp8ms3x0slu30jk0x8lofod2tt
2026-04-21 14:32:35 [main] WARN  o.h.e.jdbc.spi.SqlExceptionHelper - SQL Warning Code: 0, SQLState: 00000
2026-04-21 14:32:35 [main] WARN  o.h.e.jdbc.spi.SqlExceptionHelper - constraint "ukp8ms3x0slu30jk0x8lofod2tt" of relation "knowledge_ratings" does not exist, skipping
2026-04-21 14:32:35 [main] DEBUG org.hibernate.SQL - 
    alter table if exists knowledge_ratings 
       add constraint UKp8ms3x0slu30jk0x8lofod2tt unique (article_id, user_id)
2026-04-21 14:32:35 [main] DEBUG org.hibernate.SQL - 
    alter table if exists knowledge_tags 
       drop constraint if exists UK_nhjc0cchiu6xmqkag93q70sue
2026-04-21 14:32:35 [main] WARN  o.h.e.jdbc.spi.SqlExceptionHelper - SQL Warning Code: 0, SQLState: 00000
2026-04-21 14:32:35 [main] WARN  o.h.e.jdbc.spi.SqlExceptionHelper - constraint "uk_nhjc0cchiu6xmqkag93q70sue" of relation "knowledge_tags" does not exist, skipping
2026-04-21 14:32:35 [main] DEBUG org.hibernate.SQL - 
    alter table if exists knowledge_tags 
       add constraint UK_nhjc0cchiu6xmqkag93q70sue unique (tag_name)
2026-04-21 14:32:35 [main] DEBUG org.hibernate.SQL - 
    alter table if exists article_tags 
       add constraint FK8e8c8gp2rk9isdn4qxwmeh9mr 
       foreign key (tag_id) 
       references knowledge_tags
2026-04-21 14:32:35 [main] DEBUG org.hibernate.SQL - 
    alter table if exists article_tags 
       add constraint FKlxlpor2odqkv7i06jhqyvhj7o 
       foreign key (article_id) 
       references knowledge_articles
2026-04-21 14:32:35 [main] DEBUG org.hibernate.SQL - 
    alter table if exists knowledge_activity_logs 
       add constraint FK4e3sj95eiwgsl46d8k3sdwcq2 
       foreign key (article_id) 
       references knowledge_articles
2026-04-21 14:32:35 [main] DEBUG org.hibernate.SQL - 
    alter table if exists knowledge_articles 
       add constraint FK6xwy545vhc2opy0k10qtvf0f7 
       foreign key (category_id) 
       references knowledge_categories
2026-04-21 14:32:35 [main] DEBUG org.hibernate.SQL - 
    alter table if exists knowledge_ratings 
       add constraint FKckl5d79yhrslj9mnvhwhr3nu7 
       foreign key (article_id) 
       references knowledge_articles
2026-04-21 14:32:35 [main] DEBUG org.hibernate.SQL - 
    alter table if exists knowledge_versions 
       add constraint FKbtr1jb7ab2e9hbido037f9tol 
       foreign key (article_id) 
       references knowledge_articles
2026-04-21 14:32:35 [main] DEBUG org.hibernate.SQL - 
    alter table if exists knowledge_views 
       add constraint FK5ftfaui5vq2el2w9okog0yl9k 
       foreign key (article_id) 
       references knowledge_articles
2026-04-21 14:32:35 [main] INFO  o.s.o.j.LocalContainerEntityManagerFactoryBean - Initialized JPA EntityManagerFactory for persistence unit 'default'
2026-04-21 14:32:35 [main] INFO  o.s.d.j.r.query.QueryEnhancerFactory - Hibernate is in classpath; If applicable, HQL parser will be used.
2026-04-21 14:32:37 [main] WARN  o.s.b.a.o.j.JpaBaseConfiguration$JpaWebConfiguration - spring.jpa.open-in-view is enabled by default. Therefore, database queries may be performed during view rendering. Explicitly configure spring.jpa.open-in-view to disable this warning
2026-04-21 14:32:37 [main] WARN  o.s.b.a.s.s.UserDetailsServiceAutoConfiguration - 

Using generated security password: 0d6f6aa4-dc5c-4abb-8ea0-a1d390966297

This generated password is for development use only. Your security configuration must be updated before running your application in production.

2026-04-21 14:32:37 [main] INFO  o.s.b.a.e.web.EndpointLinksResolver - Exposing 3 endpoint(s) beneath base path '/actuator'
2026-04-21 14:32:37 [main] INFO  o.s.s.web.DefaultSecurityFilterChain - Will secure any request with [org.springframework.security.web.session.DisableEncodeUrlFilter@56d96ef4, org.springframework.security.web.context.request.async.WebAsyncManagerIntegrationFilter@4bfdd751, org.springframework.security.web.context.SecurityContextHolderFilter@1ba4c55c, org.springframework.security.web.header.HeaderWriterFilter@125dfb62, org.springframework.web.filter.CorsFilter@5ba34ac0, org.springframework.security.web.authentication.logout.LogoutFilter@46e5c331, com.cognizant.knowledge_service.security.JwtAuthenticationFilter@26ffd2c0, org.springframework.security.web.savedrequest.RequestCacheAwareFilter@4f1fabe5, org.springframework.security.web.servletapi.SecurityContextHolderAwareRequestFilter@1c55db35, org.springframework.security.web.authentication.AnonymousAuthenticationFilter@56748a6f, org.springframework.security.web.session.SessionManagementFilter@26da28df, org.springframework.security.web.access.ExceptionTranslationFilter@5887c3a9, org.springframework.security.web.access.intercept.AuthorizationFilter@468cbb46]
2026-04-21 14:32:37 [main] INFO  o.s.b.w.e.tomcat.TomcatWebServer - Tomcat started on port 8085 (http) with context path ''
2026-04-21 14:32:37 [main] INFO  o.a.k.c.consumer.ConsumerConfig - ConsumerConfig values: 
	allow.auto.create.topics = true
	auto.commit.interval.ms = 5000
	auto.include.jmx.reporter = true
	auto.offset.reset = earliest
	bootstrap.servers = [localhost:9092]
	check.crcs = true
	client.dns.lookup = use_all_dns_ips
	client.id = consumer-knowledge-service-group-1
	client.rack = 
	connections.max.idle.ms = 540000
	default.api.timeout.ms = 60000
	enable.auto.commit = false
	exclude.internal.topics = true
	fetch.max.bytes = 52428800
	fetch.max.wait.ms = 500
	fetch.min.bytes = 1
	group.id = knowledge-service-group
	group.instance.id = null
	heartbeat.interval.ms = 3000
	interceptor.classes = []
	internal.leave.group.on.close = true
	internal.throw.on.fetch.stable.offset.unsupported = false
	isolation.level = read_uncommitted
	key.deserializer = class org.apache.kafka.common.serialization.StringDeserializer
	max.partition.fetch.bytes = 1048576
	max.poll.interval.ms = 300000
	max.poll.records = 500
	metadata.max.age.ms = 300000
	metric.reporters = []
	metrics.num.samples = 2
	metrics.recording.level = INFO
	metrics.sample.window.ms = 30000
	partition.assignment.strategy = [class org.apache.kafka.clients.consumer.RangeAssignor, class org.apache.kafka.clients.consumer.CooperativeStickyAssignor]
	receive.buffer.bytes = 65536
	reconnect.backoff.max.ms = 1000
	reconnect.backoff.ms = 50
	request.timeout.ms = 30000
	retry.backoff.ms = 100
	sasl.client.callback.handler.class = null
	sasl.jaas.config = null
	sasl.kerberos.kinit.cmd = /usr/bin/kinit
	sasl.kerberos.min.time.before.relogin = 60000
	sasl.kerberos.service.name = null
	sasl.kerberos.ticket.renew.jitter = 0.05
	sasl.kerberos.ticket.renew.window.factor = 0.8
	sasl.login.callback.handler.class = null
	sasl.login.class = null
	sasl.login.connect.timeout.ms = null
	sasl.login.read.timeout.ms = null
	sasl.login.refresh.buffer.seconds = 300
	sasl.login.refresh.min.period.seconds = 60
	sasl.login.refresh.window.factor = 0.8
	sasl.login.refresh.window.jitter = 0.05
	sasl.login.retry.backoff.max.ms = 10000
	sasl.login.retry.backoff.ms = 100
	sasl.mechanism = GSSAPI
	sasl.oauthbearer.clock.skew.seconds = 30
	sasl.oauthbearer.expected.audience = null
	sasl.oauthbearer.expected.issuer = null
	sasl.oauthbearer.jwks.endpoint.refresh.ms = 3600000
	sasl.oauthbearer.jwks.endpoint.retry.backoff.max.ms = 10000
	sasl.oauthbearer.jwks.endpoint.retry.backoff.ms = 100
	sasl.oauthbearer.jwks.endpoint.url = null
	sasl.oauthbearer.scope.claim.name = scope
	sasl.oauthbearer.sub.claim.name = sub
	sasl.oauthbearer.token.endpoint.url = null
	security.protocol = PLAINTEXT
	security.providers = null
	send.buffer.bytes = 131072
	session.timeout.ms = 45000
	socket.connection.setup.timeout.max.ms = 30000
	socket.connection.setup.timeout.ms = 10000
	ssl.cipher.suites = null
	ssl.enabled.protocols = [TLSv1.2, TLSv1.3]
	ssl.endpoint.identification.algorithm = https
	ssl.engine.factory.class = null
	ssl.key.password = null
	ssl.keymanager.algorithm = SunX509
	ssl.keystore.certificate.chain = null
	ssl.keystore.key = null
	ssl.keystore.location = null
	ssl.keystore.password = null
	ssl.keystore.type = JKS
	ssl.protocol = TLSv1.3
	ssl.provider = null
	ssl.secure.random.implementation = null
	ssl.trustmanager.algorithm = PKIX
	ssl.truststore.certificates = null
	ssl.truststore.location = null
	ssl.truststore.password = null
	ssl.truststore.type = JKS
	value.deserializer = class org.springframework.kafka.support.serializer.JsonDeserializer

2026-04-21 14:32:38 [main] INFO  o.a.kafka.common.utils.AppInfoParser - Kafka version: 3.6.0
2026-04-21 14:32:38 [main] INFO  o.a.kafka.common.utils.AppInfoParser - Kafka commitId: 60e845626d8a465a
2026-04-21 14:32:38 [main] INFO  o.a.kafka.common.utils.AppInfoParser - Kafka startTimeMs: 1776762158046
2026-04-21 14:32:38 [main] INFO  o.s.k.c.DefaultKafkaConsumerFactory$ExtendedKafkaConsumer - [Consumer clientId=consumer-knowledge-service-group-1, groupId=knowledge-service-group] Subscribed to topic(s): ticket.resolved
2026-04-21 14:32:38 [main] INFO  o.a.k.c.consumer.ConsumerConfig - ConsumerConfig values: 
	allow.auto.create.topics = true
	auto.commit.interval.ms = 5000
	auto.include.jmx.reporter = true
	auto.offset.reset = earliest
	bootstrap.servers = [localhost:9092]
	check.crcs = true
	client.dns.lookup = use_all_dns_ips
	client.id = consumer-knowledge-service-group-2
	client.rack = 
	connections.max.idle.ms = 540000
	default.api.timeout.ms = 60000
	enable.auto.commit = false
	exclude.internal.topics = true
	fetch.max.bytes = 52428800
	fetch.max.wait.ms = 500
	fetch.min.bytes = 1
	group.id = knowledge-service-group
	group.instance.id = null
	heartbeat.interval.ms = 3000
	interceptor.classes = []
	internal.leave.group.on.close = true
	internal.throw.on.fetch.stable.offset.unsupported = false
	isolation.level = read_uncommitted
	key.deserializer = class org.apache.kafka.common.serialization.StringDeserializer
	max.partition.fetch.bytes = 1048576
	max.poll.interval.ms = 300000
	max.poll.records = 500
	metadata.max.age.ms = 300000
	metric.reporters = []
	metrics.num.samples = 2
	metrics.recording.level = INFO
	metrics.sample.window.ms = 30000
	partition.assignment.strategy = [class org.apache.kafka.clients.consumer.RangeAssignor, class org.apache.kafka.clients.consumer.CooperativeStickyAssignor]
	receive.buffer.bytes = 65536
	reconnect.backoff.max.ms = 1000
	reconnect.backoff.ms = 50
	request.timeout.ms = 30000
	retry.backoff.ms = 100
	sasl.client.callback.handler.class = null
	sasl.jaas.config = null
	sasl.kerberos.kinit.cmd = /usr/bin/kinit
	sasl.kerberos.min.time.before.relogin = 60000
	sasl.kerberos.service.name = null
	sasl.kerberos.ticket.renew.jitter = 0.05
	sasl.kerberos.ticket.renew.window.factor = 0.8
	sasl.login.callback.handler.class = null
	sasl.login.class = null
	sasl.login.connect.timeout.ms = null
	sasl.login.read.timeout.ms = null
	sasl.login.refresh.buffer.seconds = 300
	sasl.login.refresh.min.period.seconds = 60
	sasl.login.refresh.window.factor = 0.8
	sasl.login.refresh.window.jitter = 0.05
	sasl.login.retry.backoff.max.ms = 10000
	sasl.login.retry.backoff.ms = 100
	sasl.mechanism = GSSAPI
	sasl.oauthbearer.clock.skew.seconds = 30
	sasl.oauthbearer.expected.audience = null
	sasl.oauthbearer.expected.issuer = null
	sasl.oauthbearer.jwks.endpoint.refresh.ms = 3600000
	sasl.oauthbearer.jwks.endpoint.retry.backoff.max.ms = 10000
	sasl.oauthbearer.jwks.endpoint.retry.backoff.ms = 100
	sasl.oauthbearer.jwks.endpoint.url = null
	sasl.oauthbearer.scope.claim.name = scope
	sasl.oauthbearer.sub.claim.name = sub
	sasl.oauthbearer.token.endpoint.url = null
	security.protocol = PLAINTEXT
	security.providers = null
	send.buffer.bytes = 131072
	session.timeout.ms = 45000
	socket.connection.setup.timeout.max.ms = 30000
	socket.connection.setup.timeout.ms = 10000
	ssl.cipher.suites = null
	ssl.enabled.protocols = [TLSv1.2, TLSv1.3]
	ssl.endpoint.identification.algorithm = https
	ssl.engine.factory.class = null
	ssl.key.password = null
	ssl.keymanager.algorithm = SunX509
	ssl.keystore.certificate.chain = null
	ssl.keystore.key = null
	ssl.keystore.location = null
	ssl.keystore.password = null
	ssl.keystore.type = JKS
	ssl.protocol = TLSv1.3
	ssl.provider = null
	ssl.secure.random.implementation = null
	ssl.trustmanager.algorithm = PKIX
	ssl.truststore.certificates = null
	ssl.truststore.location = null
	ssl.truststore.password = null
	ssl.truststore.type = JKS
	value.deserializer = class org.springframework.kafka.support.serializer.JsonDeserializer

2026-04-21 14:32:38 [main] INFO  o.a.kafka.common.utils.AppInfoParser - Kafka version: 3.6.0
2026-04-21 14:32:38 [main] INFO  o.a.kafka.common.utils.AppInfoParser - Kafka commitId: 60e845626d8a465a
2026-04-21 14:32:38 [main] INFO  o.a.kafka.common.utils.AppInfoParser - Kafka startTimeMs: 1776762158062
2026-04-21 14:32:38 [main] INFO  o.s.k.c.DefaultKafkaConsumerFactory$ExtendedKafkaConsumer - [Consumer clientId=consumer-knowledge-service-group-2, groupId=knowledge-service-group] Subscribed to topic(s): solution.approved
2026-04-21 14:32:38 [main] INFO  o.a.k.c.consumer.ConsumerConfig - ConsumerConfig values: 
	allow.auto.create.topics = true
	auto.commit.interval.ms = 5000
	auto.include.jmx.reporter = true
	auto.offset.reset = earliest
	bootstrap.servers = [localhost:9092]
	check.crcs = true
	client.dns.lookup = use_all_dns_ips
	client.id = consumer-knowledge-service-group-3
	client.rack = 
	connections.max.idle.ms = 540000
	default.api.timeout.ms = 60000
	enable.auto.commit = false
	exclude.internal.topics = true
	fetch.max.bytes = 52428800
	fetch.max.wait.ms = 500
	fetch.min.bytes = 1
	group.id = knowledge-service-group
	group.instance.id = null
	heartbeat.interval.ms = 3000
	interceptor.classes = []
	internal.leave.group.on.close = true
	internal.throw.on.fetch.stable.offset.unsupported = false
	isolation.level = read_uncommitted
	key.deserializer = class org.apache.kafka.common.serialization.StringDeserializer
	max.partition.fetch.bytes = 1048576
	max.poll.interval.ms = 300000
	max.poll.records = 500
	metadata.max.age.ms = 300000
	metric.reporters = []
	metrics.num.samples = 2
	metrics.recording.level = INFO
	metrics.sample.window.ms = 30000
	partition.assignment.strategy = [class org.apache.kafka.clients.consumer.RangeAssignor, class org.apache.kafka.clients.consumer.CooperativeStickyAssignor]
	receive.buffer.bytes = 65536
	reconnect.backoff.max.ms = 1000
	reconnect.backoff.ms = 50
	request.timeout.ms = 30000
	retry.backoff.ms = 100
	sasl.client.callback.handler.class = null
	sasl.jaas.config = null
	sasl.kerberos.kinit.cmd = /usr/bin/kinit
	sasl.kerberos.min.time.before.relogin = 60000
	sasl.kerberos.service.name = null
	sasl.kerberos.ticket.renew.jitter = 0.05
	sasl.kerberos.ticket.renew.window.factor = 0.8
	sasl.login.callback.handler.class = null
	sasl.login.class = null
	sasl.login.connect.timeout.ms = null
	sasl.login.read.timeout.ms = null
	sasl.login.refresh.buffer.seconds = 300
	sasl.login.refresh.min.period.seconds = 60
	sasl.login.refresh.window.factor = 0.8
	sasl.login.refresh.window.jitter = 0.05
	sasl.login.retry.backoff.max.ms = 10000
	sasl.login.retry.backoff.ms = 100
	sasl.mechanism = GSSAPI
	sasl.oauthbearer.clock.skew.seconds = 30
	sasl.oauthbearer.expected.audience = null
	sasl.oauthbearer.expected.issuer = null
	sasl.oauthbearer.jwks.endpoint.refresh.ms = 3600000
	sasl.oauthbearer.jwks.endpoint.retry.backoff.max.ms = 10000
	sasl.oauthbearer.jwks.endpoint.retry.backoff.ms = 100
	sasl.oauthbearer.jwks.endpoint.url = null
	sasl.oauthbearer.scope.claim.name = scope
	sasl.oauthbearer.sub.claim.name = sub
	sasl.oauthbearer.token.endpoint.url = null
	security.protocol = PLAINTEXT
	security.providers = null
	send.buffer.bytes = 131072
	session.timeout.ms = 45000
	socket.connection.setup.timeout.max.ms = 30000
	socket.connection.setup.timeout.ms = 10000
	ssl.cipher.suites = null
	ssl.enabled.protocols = [TLSv1.2, TLSv1.3]
	ssl.endpoint.identification.algorithm = https
	ssl.engine.factory.class = null
	ssl.key.password = null
	ssl.keymanager.algorithm = SunX509
	ssl.keystore.certificate.chain = null
	ssl.keystore.key = null
	ssl.keystore.location = null
	ssl.keystore.password = null
	ssl.keystore.type = JKS
	ssl.protocol = TLSv1.3
	ssl.provider = null
	ssl.secure.random.implementation = null
	ssl.trustmanager.algorithm = PKIX
	ssl.truststore.certificates = null
	ssl.truststore.location = null
	ssl.truststore.password = null
	ssl.truststore.type = JKS
	value.deserializer = class org.springframework.kafka.support.serializer.JsonDeserializer

2026-04-21 14:32:38 [main] INFO  o.a.kafka.common.utils.AppInfoParser - Kafka version: 3.6.0
2026-04-21 14:32:38 [main] INFO  o.a.kafka.common.utils.AppInfoParser - Kafka commitId: 60e845626d8a465a
2026-04-21 14:32:38 [main] INFO  o.a.kafka.common.utils.AppInfoParser - Kafka startTimeMs: 1776762158069
2026-04-21 14:32:38 [main] INFO  o.s.k.c.DefaultKafkaConsumerFactory$ExtendedKafkaConsumer - [Consumer clientId=consumer-knowledge-service-group-3, groupId=knowledge-service-group] Subscribed to topic(s): solution.approved
2026-04-21 14:32:38 [main] INFO  c.c.k.KnowledgeServiceApplication - Started KnowledgeServiceApplication in 7.13 seconds (process running for 7.739)
2026-04-21 14:32:38 [org.springframework.kafka.KafkaListenerEndpointContainer#2-0-C-1] INFO  org.apache.kafka.clients.Metadata - [Consumer clientId=consumer-knowledge-service-group-1, groupId=knowledge-service-group] Cluster ID: iJzKzXcsRV-6sbrZvQwdiw
2026-04-21 14:32:38 [org.springframework.kafka.KafkaListenerEndpointContainer#1-0-C-1] INFO  org.apache.kafka.clients.Metadata - [Consumer clientId=consumer-knowledge-service-group-3, groupId=knowledge-service-group] Cluster ID: iJzKzXcsRV-6sbrZvQwdiw
2026-04-21 14:32:38 [org.springframework.kafka.KafkaListenerEndpointContainer#0-0-C-1] INFO  org.apache.kafka.clients.Metadata - [Consumer clientId=consumer-knowledge-service-group-2, groupId=knowledge-service-group] Cluster ID: iJzKzXcsRV-6sbrZvQwdiw
2026-04-21 14:32:38 [org.springframework.kafka.KafkaListenerEndpointContainer#2-0-C-1] INFO  o.a.k.c.c.i.ConsumerCoordinator - [Consumer clientId=consumer-knowledge-service-group-1, groupId=knowledge-service-group] Discovered group coordinator localhost:9092 (id: 2147483646 rack: null)
2026-04-21 14:32:38 [org.springframework.kafka.KafkaListenerEndpointContainer#1-0-C-1] INFO  o.a.k.c.c.i.ConsumerCoordinator - [Consumer clientId=consumer-knowledge-service-group-3, groupId=knowledge-service-group] Discovered group coordinator localhost:9092 (id: 2147483646 rack: null)
2026-04-21 14:32:38 [org.springframework.kafka.KafkaListenerEndpointContainer#0-0-C-1] INFO  o.a.k.c.c.i.ConsumerCoordinator - [Consumer clientId=consumer-knowledge-service-group-2, groupId=knowledge-service-group] Discovered group coordinator localhost:9092 (id: 2147483646 rack: null)
2026-04-21 14:32:38 [org.springframework.kafka.KafkaListenerEndpointContainer#1-0-C-1] INFO  o.a.k.c.c.i.ConsumerCoordinator - [Consumer clientId=consumer-knowledge-service-group-3, groupId=knowledge-service-group] (Re-)joining group
2026-04-21 14:32:38 [org.springframework.kafka.KafkaListenerEndpointContainer#2-0-C-1] INFO  o.a.k.c.c.i.ConsumerCoordinator - [Consumer clientId=consumer-knowledge-service-group-1, groupId=knowledge-service-group] (Re-)joining group
2026-04-21 14:32:38 [org.springframework.kafka.KafkaListenerEndpointContainer#0-0-C-1] INFO  o.a.k.c.c.i.ConsumerCoordinator - [Consumer clientId=consumer-knowledge-service-group-2, groupId=knowledge-service-group] (Re-)joining group
2026-04-21 14:32:38 [org.springframework.kafka.KafkaListenerEndpointContainer#2-0-C-1] INFO  o.a.k.c.c.i.ConsumerCoordinator - [Consumer clientId=consumer-knowledge-service-group-1, groupId=knowledge-service-group] Request joining group due to: need to re-join with the given member-id: consumer-knowledge-service-group-1-3435d4e4-ab2a-43b6-9eeb-1f23cc5f4b8d
2026-04-21 14:32:38 [org.springframework.kafka.KafkaListenerEndpointContainer#0-0-C-1] INFO  o.a.k.c.c.i.ConsumerCoordinator - [Consumer clientId=consumer-knowledge-service-group-2, groupId=knowledge-service-group] Request joining group due to: need to re-join with the given member-id: consumer-knowledge-service-group-2-69053887-b629-480b-bbf3-68bb8baa6331
2026-04-21 14:32:38 [org.springframework.kafka.KafkaListenerEndpointContainer#1-0-C-1] INFO  o.a.k.c.c.i.ConsumerCoordinator - [Consumer clientId=consumer-knowledge-service-group-3, groupId=knowledge-service-group] Request joining group due to: need to re-join with the given member-id: consumer-knowledge-service-group-3-4acec7c6-847f-4d40-b029-449b474a0393
2026-04-21 14:32:38 [org.springframework.kafka.KafkaListenerEndpointContainer#2-0-C-1] INFO  o.a.k.c.c.i.ConsumerCoordinator - [Consumer clientId=consumer-knowledge-service-group-1, groupId=knowledge-service-group] Request joining group due to: rebalance failed due to 'The group member needs to have a valid member id before actually entering a consumer group.' (MemberIdRequiredException)
2026-04-21 14:32:38 [org.springframework.kafka.KafkaListenerEndpointContainer#0-0-C-1] INFO  o.a.k.c.c.i.ConsumerCoordinator - [Consumer clientId=consumer-knowledge-service-group-2, groupId=knowledge-service-group] Request joining group due to: rebalance failed due to 'The group member needs to have a valid member id before actually entering a consumer group.' (MemberIdRequiredException)
2026-04-21 14:32:38 [org.springframework.kafka.KafkaListenerEndpointContainer#1-0-C-1] INFO  o.a.k.c.c.i.ConsumerCoordinator - [Consumer clientId=consumer-knowledge-service-group-3, groupId=knowledge-service-group] Request joining group due to: rebalance failed due to 'The group member needs to have a valid member id before actually entering a consumer group.' (MemberIdRequiredException)
2026-04-21 14:32:38 [org.springframework.kafka.KafkaListenerEndpointContainer#2-0-C-1] INFO  o.a.k.c.c.i.ConsumerCoordinator - [Consumer clientId=consumer-knowledge-service-group-1, groupId=knowledge-service-group] (Re-)joining group
2026-04-21 14:32:38 [org.springframework.kafka.KafkaListenerEndpointContainer#0-0-C-1] INFO  o.a.k.c.c.i.ConsumerCoordinator - [Consumer clientId=consumer-knowledge-service-group-2, groupId=knowledge-service-group] (Re-)joining group
2026-04-21 14:32:38 [org.springframework.kafka.KafkaListenerEndpointContainer#1-0-C-1] INFO  o.a.k.c.c.i.ConsumerCoordinator - [Consumer clientId=consumer-knowledge-service-group-3, groupId=knowledge-service-group] (Re-)joining group
2026-04-21 14:32:44 [org.springframework.kafka.KafkaListenerEndpointContainer#2-0-C-1] INFO  o.a.k.c.c.i.ConsumerCoordinator - [Consumer clientId=consumer-knowledge-service-group-1, groupId=knowledge-service-group] Successfully joined group with generation Generation{generationId=1, memberId='consumer-knowledge-service-group-1-3435d4e4-ab2a-43b6-9eeb-1f23cc5f4b8d', protocol='range'}
2026-04-21 14:32:44 [org.springframework.kafka.KafkaListenerEndpointContainer#0-0-C-1] INFO  o.a.k.c.c.i.ConsumerCoordinator - [Consumer clientId=consumer-knowledge-service-group-2, groupId=knowledge-service-group] Successfully joined group with generation Generation{generationId=1, memberId='consumer-knowledge-service-group-2-69053887-b629-480b-bbf3-68bb8baa6331', protocol='range'}
2026-04-21 14:32:44 [org.springframework.kafka.KafkaListenerEndpointContainer#1-0-C-1] INFO  o.a.k.c.c.i.ConsumerCoordinator - [Consumer clientId=consumer-knowledge-service-group-3, groupId=knowledge-service-group] Successfully joined group with generation Generation{generationId=1, memberId='consumer-knowledge-service-group-3-4acec7c6-847f-4d40-b029-449b474a0393', protocol='range'}
2026-04-21 14:32:44 [org.springframework.kafka.KafkaListenerEndpointContainer#0-0-C-1] INFO  o.a.k.c.c.i.ConsumerCoordinator - [Consumer clientId=consumer-knowledge-service-group-2, groupId=knowledge-service-group] Finished assignment for group at generation 1: {consumer-knowledge-service-group-1-3435d4e4-ab2a-43b6-9eeb-1f23cc5f4b8d=Assignment(partitions=[ticket.resolved-0]), consumer-knowledge-service-group-3-4acec7c6-847f-4d40-b029-449b474a0393=Assignment(partitions=[]), consumer-knowledge-service-group-2-69053887-b629-480b-bbf3-68bb8baa6331=Assignment(partitions=[solution.approved-0])}
2026-04-21 14:32:44 [org.springframework.kafka.KafkaListenerEndpointContainer#2-0-C-1] INFO  o.a.k.c.c.i.ConsumerCoordinator - [Consumer clientId=consumer-knowledge-service-group-1, groupId=knowledge-service-group] Successfully synced group in generation Generation{generationId=1, memberId='consumer-knowledge-service-group-1-3435d4e4-ab2a-43b6-9eeb-1f23cc5f4b8d', protocol='range'}
2026-04-21 14:32:44 [org.springframework.kafka.KafkaListenerEndpointContainer#0-0-C-1] INFO  o.a.k.c.c.i.ConsumerCoordinator - [Consumer clientId=consumer-knowledge-service-group-2, groupId=knowledge-service-group] Successfully synced group in generation Generation{generationId=1, memberId='consumer-knowledge-service-group-2-69053887-b629-480b-bbf3-68bb8baa6331', protocol='range'}
2026-04-21 14:32:44 [org.springframework.kafka.KafkaListenerEndpointContainer#1-0-C-1] INFO  o.a.k.c.c.i.ConsumerCoordinator - [Consumer clientId=consumer-knowledge-service-group-3, groupId=knowledge-service-group] Successfully synced group in generation Generation{generationId=1, memberId='consumer-knowledge-service-group-3-4acec7c6-847f-4d40-b029-449b474a0393', protocol='range'}
2026-04-21 14:32:44 [org.springframework.kafka.KafkaListenerEndpointContainer#1-0-C-1] INFO  o.a.k.c.c.i.ConsumerCoordinator - [Consumer clientId=consumer-knowledge-service-group-3, groupId=knowledge-service-group] Notifying assignor about the new Assignment(partitions=[])
2026-04-21 14:32:44 [org.springframework.kafka.KafkaListenerEndpointContainer#0-0-C-1] INFO  o.a.k.c.c.i.ConsumerCoordinator - [Consumer clientId=consumer-knowledge-service-group-2, groupId=knowledge-service-group] Notifying assignor about the new Assignment(partitions=[solution.approved-0])
2026-04-21 14:32:44 [org.springframework.kafka.KafkaListenerEndpointContainer#2-0-C-1] INFO  o.a.k.c.c.i.ConsumerCoordinator - [Consumer clientId=consumer-knowledge-service-group-1, groupId=knowledge-service-group] Notifying assignor about the new Assignment(partitions=[ticket.resolved-0])
2026-04-21 14:32:44 [org.springframework.kafka.KafkaListenerEndpointContainer#1-0-C-1] INFO  o.a.k.c.c.i.ConsumerCoordinator - [Consumer clientId=consumer-knowledge-service-group-3, groupId=knowledge-service-group] Adding newly assigned partitions: 
2026-04-21 14:32:44 [org.springframework.kafka.KafkaListenerEndpointContainer#1-0-C-1] INFO  o.s.k.l.KafkaMessageListenerContainer - knowledge-service-group: partitions assigned: []
2026-04-21 14:32:44 [org.springframework.kafka.KafkaListenerEndpointContainer#0-0-C-1] INFO  o.a.k.c.c.i.ConsumerCoordinator - [Consumer clientId=consumer-knowledge-service-group-2, groupId=knowledge-service-group] Adding newly assigned partitions: solution.approved-0
2026-04-21 14:32:44 [org.springframework.kafka.KafkaListenerEndpointContainer#2-0-C-1] INFO  o.a.k.c.c.i.ConsumerCoordinator - [Consumer clientId=consumer-knowledge-service-group-1, groupId=knowledge-service-group] Adding newly assigned partitions: ticket.resolved-0
2026-04-21 14:32:44 [org.springframework.kafka.KafkaListenerEndpointContainer#2-0-C-1] INFO  o.a.k.c.c.i.ConsumerCoordinator - [Consumer clientId=consumer-knowledge-service-group-1, groupId=knowledge-service-group] Found no committed offset for partition ticket.resolved-0
2026-04-21 14:32:44 [org.springframework.kafka.KafkaListenerEndpointContainer#0-0-C-1] INFO  o.a.k.c.c.i.ConsumerCoordinator - [Consumer clientId=consumer-knowledge-service-group-2, groupId=knowledge-service-group] Found no committed offset for partition solution.approved-0
2026-04-21 14:32:44 [org.springframework.kafka.KafkaListenerEndpointContainer#0-0-C-1] INFO  o.a.k.c.c.i.SubscriptionState - [Consumer clientId=consumer-knowledge-service-group-2, groupId=knowledge-service-group] Resetting offset for partition solution.approved-0 to position FetchPosition{offset=0, offsetEpoch=Optional.empty, currentLeader=LeaderAndEpoch{leader=Optional[localhost:9092 (id: 1 rack: null)], epoch=0}}.
2026-04-21 14:32:44 [org.springframework.kafka.KafkaListenerEndpointContainer#0-0-C-1] INFO  o.s.k.l.KafkaMessageListenerContainer - knowledge-service-group: partitions assigned: [solution.approved-0]
2026-04-21 14:32:44 [org.springframework.kafka.KafkaListenerEndpointContainer#2-0-C-1] INFO  o.a.k.c.c.i.SubscriptionState - [Consumer clientId=consumer-knowledge-service-group-1, groupId=knowledge-service-group] Resetting offset for partition ticket.resolved-0 to position FetchPosition{offset=0, offsetEpoch=Optional.empty, currentLeader=LeaderAndEpoch{leader=Optional[localhost:9092 (id: 1 rack: null)], epoch=0}}.
2026-04-21 14:32:44 [org.springframework.kafka.KafkaListenerEndpointContainer#2-0-C-1] INFO  o.s.k.l.KafkaMessageListenerContainer - knowledge-service-group: partitions assigned: [ticket.resolved-0]
2026-04-21 14:33:23 [http-nio-8085-exec-1] INFO  o.a.c.c.C.[Tomcat].[localhost].[/] - Initializing Spring DispatcherServlet 'dispatcherServlet'
2026-04-21 14:33:23 [http-nio-8085-exec-1] INFO  o.s.web.servlet.DispatcherServlet - Initializing Servlet 'dispatcherServlet'
2026-04-21 14:33:23 [http-nio-8085-exec-1] INFO  o.s.web.servlet.DispatcherServlet - Completed initialization in 1 ms
2026-04-21 14:33:23 [http-nio-8085-exec-1] DEBUG o.s.security.web.FilterChainProxy - Securing GET /actuator/health
2026-04-21 14:33:23 [http-nio-8085-exec-1] WARN  o.s.w.s.h.HandlerMappingIntrospector - Cache miss for REQUEST dispatch to '/actuator/health' (previous null). Performing CorsConfiguration lookup. This is logged once only at WARN level, and every time at TRACE.
2026-04-21 14:33:23 [http-nio-8085-exec-1] DEBUG o.s.s.w.a.AnonymousAuthenticationFilter - Set SecurityContextHolder to anonymous SecurityContext
2026-04-21 14:33:23 [http-nio-8085-exec-1] WARN  o.s.w.s.h.HandlerMappingIntrospector - Cache miss for REQUEST dispatch to '/actuator/health' (previous null). Performing MatchableHandlerMapping lookup. This is logged once only at WARN level, and every time at TRACE.
2026-04-21 14:33:23 [http-nio-8085-exec-1] DEBUG o.s.security.web.FilterChainProxy - Secured GET /actuator/health
2026-04-21 14:34:52 [main] INFO  c.c.k.KnowledgeServiceApplication - Starting KnowledgeServiceApplication v0.0.1-SNAPSHOT using Java 17.0.18 with PID 17484 (/Users/abhidhabmellwyn/Downloads/Services/knowledge_service/target/knowledge-service-0.0.1-SNAPSHOT.jar started by abhidhabmellwyn in /Users/abhidhabmellwyn/Downloads/Services/Notification_service)
2026-04-21 14:34:52 [main] DEBUG c.c.k.KnowledgeServiceApplication - Running with Spring Boot v3.2.0, Spring v6.1.1
2026-04-21 14:34:52 [main] INFO  c.c.k.KnowledgeServiceApplication - The following 1 profile is active: "local"
2026-04-21 14:34:53 [main] INFO  o.s.d.r.c.RepositoryConfigurationDelegate - Bootstrapping Spring Data JPA repositories in DEFAULT mode.
2026-04-21 14:34:53 [main] INFO  o.s.d.r.c.RepositoryConfigurationDelegate - Finished Spring Data repository scanning in 61 ms. Found 7 JPA repository interfaces.
2026-04-21 14:34:54 [main] INFO  o.s.b.w.e.tomcat.TomcatWebServer - Tomcat initialized with port 8085 (http)
2026-04-21 14:34:54 [main] INFO  o.a.catalina.core.StandardService - Starting service [Tomcat]
2026-04-21 14:34:54 [main] INFO  o.a.catalina.core.StandardEngine - Starting Servlet engine: [Apache Tomcat/10.1.16]
2026-04-21 14:34:54 [main] INFO  o.a.c.c.C.[Tomcat].[localhost].[/] - Initializing Spring embedded WebApplicationContext
2026-04-21 14:34:54 [main] INFO  o.s.b.w.s.c.ServletWebServerApplicationContext - Root WebApplicationContext: initialization completed in 1988 ms
2026-04-21 14:34:54 [main] DEBUG c.c.k.s.JwtAuthenticationFilter - Filter 'jwtAuthenticationFilter' configured for use
2026-04-21 14:34:54 [main] INFO  o.h.jpa.internal.util.LogHelper - HHH000204: Processing PersistenceUnitInfo [name: default]
2026-04-21 14:34:55 [main] INFO  org.hibernate.Version - HHH000412: Hibernate ORM core version 6.3.1.Final
2026-04-21 14:34:55 [main] INFO  o.h.c.i.RegionFactoryInitiator - HHH000026: Second-level cache disabled
2026-04-21 14:34:55 [main] INFO  o.s.o.j.p.SpringPersistenceUnitInfo - No LoadTimeWeaver setup: ignoring JPA class transformer
2026-04-21 14:34:55 [main] INFO  com.zaxxer.hikari.HikariDataSource - HikariPool-1 - Starting...
2026-04-21 14:34:55 [main] INFO  com.zaxxer.hikari.pool.HikariPool - HikariPool-1 - Added connection org.postgresql.jdbc.PgConnection@5c930fc3
2026-04-21 14:34:55 [main] INFO  com.zaxxer.hikari.HikariDataSource - HikariPool-1 - Start completed.
2026-04-21 14:34:55 [main] WARN  org.hibernate.orm.deprecation - HHH90000025: PostgreSQLDialect does not need to be specified explicitly using 'hibernate.dialect' (remove the property setting and it will be selected by default)
2026-04-21 14:34:56 [main] INFO  o.h.e.t.j.p.i.JtaPlatformInitiator - HHH000489: No JTA platform available (set 'hibernate.transaction.jta.platform' to enable JTA platform integration)
2026-04-21 14:34:56 [main] INFO  o.s.o.j.LocalContainerEntityManagerFactoryBean - Initialized JPA EntityManagerFactory for persistence unit 'default'
2026-04-21 14:34:56 [main] INFO  o.s.d.j.r.query.QueryEnhancerFactory - Hibernate is in classpath; If applicable, HQL parser will be used.
2026-04-21 14:34:57 [main] WARN  o.s.b.a.o.j.JpaBaseConfiguration$JpaWebConfiguration - spring.jpa.open-in-view is enabled by default. Therefore, database queries may be performed during view rendering. Explicitly configure spring.jpa.open-in-view to disable this warning
2026-04-21 14:34:57 [main] WARN  o.s.b.a.s.s.UserDetailsServiceAutoConfiguration - 

Using generated security password: ece951eb-d012-4859-ab31-52147f08d25b

This generated password is for development use only. Your security configuration must be updated before running your application in production.

2026-04-21 14:34:57 [main] INFO  o.s.b.a.e.web.EndpointLinksResolver - Exposing 3 endpoint(s) beneath base path '/actuator'
2026-04-21 14:34:57 [main] INFO  o.s.s.web.DefaultSecurityFilterChain - Will secure any request with [org.springframework.security.web.session.DisableEncodeUrlFilter@11216e2e, org.springframework.security.web.context.request.async.WebAsyncManagerIntegrationFilter@5ea46e79, org.springframework.security.web.context.SecurityContextHolderFilter@40285739, org.springframework.security.web.header.HeaderWriterFilter@2ff76dec, org.springframework.web.filter.CorsFilter@47a74bd0, org.springframework.security.web.authentication.logout.LogoutFilter@5a0c7024, com.cognizant.knowledge_service.security.JwtAuthenticationFilter@6d7b2319, org.springframework.security.web.savedrequest.RequestCacheAwareFilter@5d42e865, org.springframework.security.web.servletapi.SecurityContextHolderAwareRequestFilter@2948726d, org.springframework.security.web.authentication.AnonymousAuthenticationFilter@6dcdf58b, org.springframework.security.web.session.SessionManagementFilter@484bd339, org.springframework.security.web.access.ExceptionTranslationFilter@3040fba9, org.springframework.security.web.access.intercept.AuthorizationFilter@361b682b]
2026-04-21 14:34:58 [main] WARN  o.s.b.w.s.c.AnnotationConfigServletWebServerApplicationContext - Exception encountered during context initialization - cancelling refresh attempt: org.springframework.context.ApplicationContextException: Failed to start bean 'webServerStartStop'
2026-04-21 14:34:58 [main] INFO  o.s.o.j.LocalContainerEntityManagerFactoryBean - Closing JPA EntityManagerFactory for persistence unit 'default'
2026-04-21 14:34:58 [main] INFO  com.zaxxer.hikari.HikariDataSource - HikariPool-1 - Shutdown initiated...
2026-04-21 14:34:58 [main] INFO  com.zaxxer.hikari.HikariDataSource - HikariPool-1 - Shutdown completed.
2026-04-21 14:34:58 [main] INFO  o.s.b.a.l.ConditionEvaluationReportLogger - 

Error starting ApplicationContext. To display the condition evaluation report re-run your application with 'debug' enabled.
2026-04-21 14:34:58 [main] ERROR o.s.b.d.LoggingFailureAnalysisReporter - 

***************************
APPLICATION FAILED TO START
***************************

Description:

Web server failed to start. Port 8085 was already in use.

Action:

Identify and stop the process that's listening on port 8085 or configure this application to listen on another port.

2026-04-21 14:38:44 [http-nio-8085-exec-2] DEBUG o.s.security.web.FilterChainProxy - Securing GET /actuator/health
2026-04-21 14:38:44 [http-nio-8085-exec-2] DEBUG o.s.s.w.a.AnonymousAuthenticationFilter - Set SecurityContextHolder to anonymous SecurityContext
2026-04-21 14:38:44 [http-nio-8085-exec-2] DEBUG o.s.security.web.FilterChainProxy - Secured GET /actuator/health
2026-04-21 14:41:38 [org.springframework.kafka.KafkaListenerEndpointContainer#1-0-C-1] INFO  o.apache.kafka.clients.NetworkClient - [Consumer clientId=consumer-knowledge-service-group-3, groupId=knowledge-service-group] Node -1 disconnected.
2026-04-21 14:41:38 [org.springframework.kafka.KafkaListenerEndpointContainer#2-0-C-1] INFO  o.apache.kafka.clients.NetworkClient - [Consumer clientId=consumer-knowledge-service-group-1, groupId=knowledge-service-group] Node -1 disconnected.
2026-04-21 14:41:38 [org.springframework.kafka.KafkaListenerEndpointContainer#0-0-C-1] INFO  o.apache.kafka.clients.NetworkClient - [Consumer clientId=consumer-knowledge-service-group-2, groupId=knowledge-service-group] Node -1 disconnected.
2026-04-21 14:51:55 [kafka-coordinator-heartbeat-thread | knowledge-service-group] INFO  o.a.k.c.c.i.ConsumerCoordinator - [Consumer clientId=consumer-knowledge-service-group-2, groupId=knowledge-service-group] Group coordinator localhost:9092 (id: 2147483646 rack: null) is unavailable or invalid due to cause: session timed out without receiving a heartbeat response. isDisconnected: false. Rediscovery will be attempted.
2026-04-21 14:51:55 [kafka-coordinator-heartbeat-thread | knowledge-service-group] INFO  o.a.k.c.c.i.ConsumerCoordinator - [Consumer clientId=consumer-knowledge-service-group-2, groupId=knowledge-service-group] Requesting disconnect from last known coordinator localhost:9092 (id: 2147483646 rack: null)
2026-04-21 14:51:55 [kafka-coordinator-heartbeat-thread | knowledge-service-group] INFO  o.a.k.c.c.i.ConsumerCoordinator - [Consumer clientId=consumer-knowledge-service-group-1, groupId=knowledge-service-group] Group coordinator localhost:9092 (id: 2147483646 rack: null) is unavailable or invalid due to cause: session timed out without receiving a heartbeat response. isDisconnected: false. Rediscovery will be attempted.
2026-04-21 14:51:55 [kafka-coordinator-heartbeat-thread | knowledge-service-group] INFO  o.a.k.c.c.i.ConsumerCoordinator - [Consumer clientId=consumer-knowledge-service-group-3, groupId=knowledge-service-group] Group coordinator localhost:9092 (id: 2147483646 rack: null) is unavailable or invalid due to cause: session timed out without receiving a heartbeat response. isDisconnected: false. Rediscovery will be attempted.
2026-04-21 14:51:55 [kafka-coordinator-heartbeat-thread | knowledge-service-group] INFO  o.a.k.c.c.i.ConsumerCoordinator - [Consumer clientId=consumer-knowledge-service-group-1, groupId=knowledge-service-group] Requesting disconnect from last known coordinator localhost:9092 (id: 2147483646 rack: null)
2026-04-21 14:51:55 [kafka-coordinator-heartbeat-thread | knowledge-service-group] INFO  o.a.k.c.c.i.ConsumerCoordinator - [Consumer clientId=consumer-knowledge-service-group-3, groupId=knowledge-service-group] Requesting disconnect from last known coordinator localhost:9092 (id: 2147483646 rack: null)
2026-04-21 14:51:55 [kafka-coordinator-heartbeat-thread | knowledge-service-group] INFO  o.apache.kafka.clients.NetworkClient - [Consumer clientId=consumer-knowledge-service-group-1, groupId=knowledge-service-group] Client requested disconnect from node 2147483646
2026-04-21 14:51:55 [kafka-coordinator-heartbeat-thread | knowledge-service-group] INFO  o.apache.kafka.clients.NetworkClient - [Consumer clientId=consumer-knowledge-service-group-2, groupId=knowledge-service-group] Client requested disconnect from node 2147483646
2026-04-21 14:51:55 [kafka-coordinator-heartbeat-thread | knowledge-service-group] INFO  o.apache.kafka.clients.NetworkClient - [Consumer clientId=consumer-knowledge-service-group-3, groupId=knowledge-service-group] Client requested disconnect from node 2147483646
2026-04-21 14:51:55 [org.springframework.kafka.KafkaListenerEndpointContainer#2-0-C-1] INFO  o.a.k.c.c.i.ConsumerCoordinator - [Consumer clientId=consumer-knowledge-service-group-1, groupId=knowledge-service-group] Discovered group coordinator localhost:9092 (id: 2147483646 rack: null)
2026-04-21 14:51:55 [org.springframework.kafka.KafkaListenerEndpointContainer#1-0-C-1] INFO  o.a.k.c.c.i.ConsumerCoordinator - [Consumer clientId=consumer-knowledge-service-group-3, groupId=knowledge-service-group] Discovered group coordinator localhost:9092 (id: 2147483646 rack: null)
2026-04-21 14:51:55 [org.springframework.kafka.KafkaListenerEndpointContainer#0-0-C-1] INFO  o.a.k.c.c.i.ConsumerCoordinator - [Consumer clientId=consumer-knowledge-service-group-2, groupId=knowledge-service-group] Discovered group coordinator localhost:9092 (id: 2147483646 rack: null)
2026-04-21 14:51:55 [org.springframework.kafka.KafkaListenerEndpointContainer#0-0-C-1] INFO  o.a.k.c.c.i.ConsumerCoordinator - [Consumer clientId=consumer-knowledge-service-group-2, groupId=knowledge-service-group] Group coordinator localhost:9092 (id: 2147483646 rack: null) is unavailable or invalid due to cause: coordinator unavailable. isDisconnected: false. Rediscovery will be attempted.
2026-04-21 14:51:55 [org.springframework.kafka.KafkaListenerEndpointContainer#0-0-C-1] INFO  o.a.k.c.c.i.ConsumerCoordinator - [Consumer clientId=consumer-knowledge-service-group-2, groupId=knowledge-service-group] Requesting disconnect from last known coordinator localhost:9092 (id: 2147483646 rack: null)
2026-04-21 14:51:55 [org.springframework.kafka.KafkaListenerEndpointContainer#1-0-C-1] INFO  o.a.k.c.c.i.ConsumerCoordinator - [Consumer clientId=consumer-knowledge-service-group-3, groupId=knowledge-service-group] Group coordinator localhost:9092 (id: 2147483646 rack: null) is unavailable or invalid due to cause: coordinator unavailable. isDisconnected: false. Rediscovery will be attempted.
2026-04-21 14:51:55 [org.springframework.kafka.KafkaListenerEndpointContainer#1-0-C-1] INFO  o.a.k.c.c.i.ConsumerCoordinator - [Consumer clientId=consumer-knowledge-service-group-3, groupId=knowledge-service-group] Requesting disconnect from last known coordinator localhost:9092 (id: 2147483646 rack: null)
2026-04-21 14:51:55 [org.springframework.kafka.KafkaListenerEndpointContainer#2-0-C-1] INFO  o.a.k.c.c.i.ConsumerCoordinator - [Consumer clientId=consumer-knowledge-service-group-1, groupId=knowledge-service-group] Group coordinator localhost:9092 (id: 2147483646 rack: null) is unavailable or invalid due to cause: coordinator unavailable. isDisconnected: false. Rediscovery will be attempted.
2026-04-21 14:51:55 [org.springframework.kafka.KafkaListenerEndpointContainer#2-0-C-1] INFO  o.a.k.c.c.i.ConsumerCoordinator - [Consumer clientId=consumer-knowledge-service-group-1, groupId=knowledge-service-group] Requesting disconnect from last known coordinator localhost:9092 (id: 2147483646 rack: null)
2026-04-21 14:51:55 [org.springframework.kafka.KafkaListenerEndpointContainer#0-0-C-1] INFO  o.a.k.c.c.i.ConsumerCoordinator - [Consumer clientId=consumer-knowledge-service-group-2, groupId=knowledge-service-group] Discovered group coordinator localhost:9092 (id: 2147483646 rack: null)
2026-04-21 14:51:55 [org.springframework.kafka.KafkaListenerEndpointContainer#2-0-C-1] INFO  o.a.k.c.c.i.ConsumerCoordinator - [Consumer clientId=consumer-knowledge-service-group-1, groupId=knowledge-service-group] Discovered group coordinator localhost:9092 (id: 2147483646 rack: null)
2026-04-21 14:51:55 [org.springframework.kafka.KafkaListenerEndpointContainer#1-0-C-1] INFO  o.a.k.c.c.i.ConsumerCoordinator - [Consumer clientId=consumer-knowledge-service-group-3, groupId=knowledge-service-group] Discovered group coordinator localhost:9092 (id: 2147483646 rack: null)
2026-04-21 14:52:01 [HikariPool-1 housekeeper] WARN  com.zaxxer.hikari.pool.HikariPool - HikariPool-1 - Thread starvation or clock leap detected (housekeeper delta=1m56s988ms).
2026-04-21 14:54:28 [kafka-coordinator-heartbeat-thread | knowledge-service-group] INFO  o.a.k.c.c.i.ConsumerCoordinator - [Consumer clientId=consumer-knowledge-service-group-3, groupId=knowledge-service-group] Group coordinator localhost:9092 (id: 2147483646 rack: null) is unavailable or invalid due to cause: session timed out without receiving a heartbeat response. isDisconnected: false. Rediscovery will be attempted.
2026-04-21 14:54:28 [kafka-coordinator-heartbeat-thread | knowledge-service-group] INFO  o.a.k.c.c.i.ConsumerCoordinator - [Consumer clientId=consumer-knowledge-service-group-3, groupId=knowledge-service-group] Requesting disconnect from last known coordinator localhost:9092 (id: 2147483646 rack: null)
2026-04-21 14:54:28 [kafka-coordinator-heartbeat-thread | knowledge-service-group] INFO  o.apache.kafka.clients.NetworkClient - [Consumer clientId=consumer-knowledge-service-group-3, groupId=knowledge-service-group] Client requested disconnect from node 2147483646
2026-04-21 14:54:28 [org.springframework.kafka.KafkaListenerEndpointContainer#1-0-C-1] INFO  o.a.k.c.c.i.ConsumerCoordinator - [Consumer clientId=consumer-knowledge-service-group-3, groupId=knowledge-service-group] Discovered group coordinator localhost:9092 (id: 2147483646 rack: null)
2026-04-21 14:54:28 [org.springframework.kafka.KafkaListenerEndpointContainer#1-0-C-1] INFO  o.a.k.c.c.i.ConsumerCoordinator - [Consumer clientId=consumer-knowledge-service-group-3, groupId=knowledge-service-group] Group coordinator localhost:9092 (id: 2147483646 rack: null) is unavailable or invalid due to cause: coordinator unavailable. isDisconnected: false. Rediscovery will be attempted.
2026-04-21 14:54:28 [org.springframework.kafka.KafkaListenerEndpointContainer#1-0-C-1] INFO  o.a.k.c.c.i.ConsumerCoordinator - [Consumer clientId=consumer-knowledge-service-group-3, groupId=knowledge-service-group] Requesting disconnect from last known coordinator localhost:9092 (id: 2147483646 rack: null)
2026-04-21 14:54:28 [org.springframework.kafka.KafkaListenerEndpointContainer#1-0-C-1] INFO  o.a.k.c.c.i.ConsumerCoordinator - [Consumer clientId=consumer-knowledge-service-group-3, groupId=knowledge-service-group] Discovered group coordinator localhost:9092 (id: 2147483646 rack: null)
2026-04-21 14:54:28 [kafka-coordinator-heartbeat-thread | knowledge-service-group] INFO  o.a.k.c.c.i.ConsumerCoordinator - [Consumer clientId=consumer-knowledge-service-group-1, groupId=knowledge-service-group] Group coordinator localhost:9092 (id: 2147483646 rack: null) is unavailable or invalid due to cause: session timed out without receiving a heartbeat response. isDisconnected: false. Rediscovery will be attempted.
2026-04-21 14:54:28 [kafka-coordinator-heartbeat-thread | knowledge-service-group] INFO  o.a.k.c.c.i.ConsumerCoordinator - [Consumer clientId=consumer-knowledge-service-group-2, groupId=knowledge-service-group] Group coordinator localhost:9092 (id: 2147483646 rack: null) is unavailable or invalid due to cause: session timed out without receiving a heartbeat response. isDisconnected: false. Rediscovery will be attempted.
2026-04-21 14:54:28 [kafka-coordinator-heartbeat-thread | knowledge-service-group] INFO  o.a.k.c.c.i.ConsumerCoordinator - [Consumer clientId=consumer-knowledge-service-group-1, groupId=knowledge-service-group] Requesting disconnect from last known coordinator localhost:9092 (id: 2147483646 rack: null)
2026-04-21 14:54:28 [kafka-coordinator-heartbeat-thread | knowledge-service-group] INFO  o.a.k.c.c.i.ConsumerCoordinator - [Consumer clientId=consumer-knowledge-service-group-2, groupId=knowledge-service-group] Requesting disconnect from last known coordinator localhost:9092 (id: 2147483646 rack: null)
2026-04-21 14:54:28 [kafka-coordinator-heartbeat-thread | knowledge-service-group] INFO  o.apache.kafka.clients.NetworkClient - [Consumer clientId=consumer-knowledge-service-group-2, groupId=knowledge-service-group] Client requested disconnect from node 2147483646
2026-04-21 14:54:28 [kafka-coordinator-heartbeat-thread | knowledge-service-group] INFO  o.apache.kafka.clients.NetworkClient - [Consumer clientId=consumer-knowledge-service-group-1, groupId=knowledge-service-group] Client requested disconnect from node 2147483646
2026-04-21 14:54:28 [org.springframework.kafka.KafkaListenerEndpointContainer#2-0-C-1] INFO  o.a.k.c.c.i.ConsumerCoordinator - [Consumer clientId=consumer-knowledge-service-group-1, groupId=knowledge-service-group] Discovered group coordinator localhost:9092 (id: 2147483646 rack: null)
2026-04-21 14:54:28 [org.springframework.kafka.KafkaListenerEndpointContainer#2-0-C-1] INFO  o.a.k.c.c.i.ConsumerCoordinator - [Consumer clientId=consumer-knowledge-service-group-1, groupId=knowledge-service-group] Group coordinator localhost:9092 (id: 2147483646 rack: null) is unavailable or invalid due to cause: coordinator unavailable. isDisconnected: false. Rediscovery will be attempted.
2026-04-21 14:54:28 [org.springframework.kafka.KafkaListenerEndpointContainer#2-0-C-1] INFO  o.a.k.c.c.i.ConsumerCoordinator - [Consumer clientId=consumer-knowledge-service-group-1, groupId=knowledge-service-group] Requesting disconnect from last known coordinator localhost:9092 (id: 2147483646 rack: null)
2026-04-21 14:54:28 [org.springframework.kafka.KafkaListenerEndpointContainer#0-0-C-1] INFO  o.a.k.c.c.i.ConsumerCoordinator - [Consumer clientId=consumer-knowledge-service-group-2, groupId=knowledge-service-group] Discovered group coordinator localhost:9092 (id: 2147483646 rack: null)
2026-04-21 14:54:28 [org.springframework.kafka.KafkaListenerEndpointContainer#0-0-C-1] INFO  o.a.k.c.c.i.ConsumerCoordinator - [Consumer clientId=consumer-knowledge-service-group-2, groupId=knowledge-service-group] Group coordinator localhost:9092 (id: 2147483646 rack: null) is unavailable or invalid due to cause: coordinator unavailable. isDisconnected: false. Rediscovery will be attempted.
2026-04-21 14:54:28 [org.springframework.kafka.KafkaListenerEndpointContainer#0-0-C-1] INFO  o.a.k.c.c.i.ConsumerCoordinator - [Consumer clientId=consumer-knowledge-service-group-2, groupId=knowledge-service-group] Requesting disconnect from last known coordinator localhost:9092 (id: 2147483646 rack: null)
2026-04-21 14:54:28 [org.springframework.kafka.KafkaListenerEndpointContainer#2-0-C-1] INFO  o.a.k.c.c.i.ConsumerCoordinator - [Consumer clientId=consumer-knowledge-service-group-1, groupId=knowledge-service-group] Discovered group coordinator localhost:9092 (id: 2147483646 rack: null)
2026-04-21 14:54:28 [org.springframework.kafka.KafkaListenerEndpointContainer#0-0-C-1] INFO  o.a.k.c.c.i.ConsumerCoordinator - [Consumer clientId=consumer-knowledge-service-group-2, groupId=knowledge-service-group] Discovered group coordinator localhost:9092 (id: 2147483646 rack: null)
2026-04-21 14:54:48 [HikariPool-1 housekeeper] WARN  com.zaxxer.hikari.pool.HikariPool - HikariPool-1 - Thread starvation or clock leap detected (housekeeper delta=2m16s266ms).
2026-04-21 14:59:28 [kafka-coordinator-heartbeat-thread | knowledge-service-group] INFO  o.a.k.c.c.i.ConsumerCoordinator - [Consumer clientId=consumer-knowledge-service-group-3, groupId=knowledge-service-group] Group coordinator localhost:9092 (id: 2147483646 rack: null) is unavailable or invalid due to cause: session timed out without receiving a heartbeat response. isDisconnected: false. Rediscovery will be attempted.
2026-04-21 14:59:28 [kafka-coordinator-heartbeat-thread | knowledge-service-group] INFO  o.a.k.c.c.i.ConsumerCoordinator - [Consumer clientId=consumer-knowledge-service-group-2, groupId=knowledge-service-group] Group coordinator localhost:9092 (id: 2147483646 rack: null) is unavailable or invalid due to cause: session timed out without receiving a heartbeat response. isDisconnected: false. Rediscovery will be attempted.
2026-04-21 14:59:28 [kafka-coordinator-heartbeat-thread | knowledge-service-group] INFO  o.a.k.c.c.i.ConsumerCoordinator - [Consumer clientId=consumer-knowledge-service-group-2, groupId=knowledge-service-group] Requesting disconnect from last known coordinator localhost:9092 (id: 2147483646 rack: null)
2026-04-21 14:59:28 [kafka-coordinator-heartbeat-thread | knowledge-service-group] INFO  o.a.k.c.c.i.ConsumerCoordinator - [Consumer clientId=consumer-knowledge-service-group-1, groupId=knowledge-service-group] Group coordinator localhost:9092 (id: 2147483646 rack: null) is unavailable or invalid due to cause: session timed out without receiving a heartbeat response. isDisconnected: false. Rediscovery will be attempted.
2026-04-21 14:59:28 [kafka-coordinator-heartbeat-thread | knowledge-service-group] INFO  o.a.k.c.c.i.ConsumerCoordinator - [Consumer clientId=consumer-knowledge-service-group-1, groupId=knowledge-service-group] Requesting disconnect from last known coordinator localhost:9092 (id: 2147483646 rack: null)
2026-04-21 14:59:28 [kafka-coordinator-heartbeat-thread | knowledge-service-group] INFO  o.a.k.c.c.i.ConsumerCoordinator - [Consumer clientId=consumer-knowledge-service-group-3, groupId=knowledge-service-group] Requesting disconnect from last known coordinator localhost:9092 (id: 2147483646 rack: null)
2026-04-21 14:59:28 [kafka-coordinator-heartbeat-thread | knowledge-service-group] INFO  o.apache.kafka.clients.NetworkClient - [Consumer clientId=consumer-knowledge-service-group-1, groupId=knowledge-service-group] Client requested disconnect from node 2147483646
2026-04-21 14:59:28 [kafka-coordinator-heartbeat-thread | knowledge-service-group] INFO  o.apache.kafka.clients.NetworkClient - [Consumer clientId=consumer-knowledge-service-group-2, groupId=knowledge-service-group] Client requested disconnect from node 2147483646
2026-04-21 14:59:28 [kafka-coordinator-heartbeat-thread | knowledge-service-group] INFO  o.apache.kafka.clients.NetworkClient - [Consumer clientId=consumer-knowledge-service-group-3, groupId=knowledge-service-group] Client requested disconnect from node 2147483646
2026-04-21 14:59:28 [org.springframework.kafka.KafkaListenerEndpointContainer#1-0-C-1] INFO  o.a.k.c.c.i.ConsumerCoordinator - [Consumer clientId=consumer-knowledge-service-group-3, groupId=knowledge-service-group] Discovered group coordinator localhost:9092 (id: 2147483646 rack: null)
2026-04-21 14:59:28 [org.springframework.kafka.KafkaListenerEndpointContainer#1-0-C-1] INFO  o.a.k.c.c.i.ConsumerCoordinator - [Consumer clientId=consumer-knowledge-service-group-3, groupId=knowledge-service-group] Group coordinator localhost:9092 (id: 2147483646 rack: null) is unavailable or invalid due to cause: coordinator unavailable. isDisconnected: false. Rediscovery will be attempted.
2026-04-21 14:59:28 [org.springframework.kafka.KafkaListenerEndpointContainer#1-0-C-1] INFO  o.a.k.c.c.i.ConsumerCoordinator - [Consumer clientId=consumer-knowledge-service-group-3, groupId=knowledge-service-group] Requesting disconnect from last known coordinator localhost:9092 (id: 2147483646 rack: null)
2026-04-21 14:59:28 [org.springframework.kafka.KafkaListenerEndpointContainer#0-0-C-1] INFO  o.a.k.c.c.i.ConsumerCoordinator - [Consumer clientId=consumer-knowledge-service-group-2, groupId=knowledge-service-group] Discovered group coordinator localhost:9092 (id: 2147483646 rack: null)
2026-04-21 14:59:28 [org.springframework.kafka.KafkaListenerEndpointContainer#0-0-C-1] INFO  o.a.k.c.c.i.ConsumerCoordinator - [Consumer clientId=consumer-knowledge-service-group-2, groupId=knowledge-service-group] Group coordinator localhost:9092 (id: 2147483646 rack: null) is unavailable or invalid due to cause: coordinator unavailable. isDisconnected: false. Rediscovery will be attempted.
2026-04-21 14:59:28 [org.springframework.kafka.KafkaListenerEndpointContainer#0-0-C-1] INFO  o.a.k.c.c.i.ConsumerCoordinator - [Consumer clientId=consumer-knowledge-service-group-2, groupId=knowledge-service-group] Requesting disconnect from last known coordinator localhost:9092 (id: 2147483646 rack: null)
2026-04-21 14:59:28 [org.springframework.kafka.KafkaListenerEndpointContainer#2-0-C-1] INFO  o.a.k.c.c.i.ConsumerCoordinator - [Consumer clientId=consumer-knowledge-service-group-1, groupId=knowledge-service-group] Discovered group coordinator localhost:9092 (id: 2147483646 rack: null)
2026-04-21 14:59:28 [org.springframework.kafka.KafkaListenerEndpointContainer#2-0-C-1] INFO  o.a.k.c.c.i.ConsumerCoordinator - [Consumer clientId=consumer-knowledge-service-group-1, groupId=knowledge-service-group] Group coordinator localhost:9092 (id: 2147483646 rack: null) is unavailable or invalid due to cause: coordinator unavailable. isDisconnected: false. Rediscovery will be attempted.
2026-04-21 14:59:28 [org.springframework.kafka.KafkaListenerEndpointContainer#2-0-C-1] INFO  o.a.k.c.c.i.ConsumerCoordinator - [Consumer clientId=consumer-knowledge-service-group-1, groupId=knowledge-service-group] Requesting disconnect from last known coordinator localhost:9092 (id: 2147483646 rack: null)
2026-04-21 14:59:28 [org.springframework.kafka.KafkaListenerEndpointContainer#1-0-C-1] INFO  o.a.k.c.c.i.ConsumerCoordinator - [Consumer clientId=consumer-knowledge-service-group-3, groupId=knowledge-service-group] Discovered group coordinator localhost:9092 (id: 2147483646 rack: null)
2026-04-21 14:59:28 [org.springframework.kafka.KafkaListenerEndpointContainer#0-0-C-1] INFO  o.a.k.c.c.i.ConsumerCoordinator - [Consumer clientId=consumer-knowledge-service-group-2, groupId=knowledge-service-group] Discovered group coordinator localhost:9092 (id: 2147483646 rack: null)
2026-04-21 14:59:28 [org.springframework.kafka.KafkaListenerEndpointContainer#2-0-C-1] INFO  o.a.k.c.c.i.ConsumerCoordinator - [Consumer clientId=consumer-knowledge-service-group-1, groupId=knowledge-service-group] Discovered group coordinator localhost:9092 (id: 2147483646 rack: null)
2026-04-21 14:59:31 [HikariPool-1 housekeeper] WARN  com.zaxxer.hikari.pool.HikariPool - HikariPool-1 - Thread starvation or clock leap detected (housekeeper delta=4m43s111ms).
2026-04-21 15:03:25 [kafka-coordinator-heartbeat-thread | knowledge-service-group] INFO  o.a.k.c.c.i.ConsumerCoordinator - [Consumer clientId=consumer-knowledge-service-group-3, groupId=knowledge-service-group] Group coordinator localhost:9092 (id: 2147483646 rack: null) is unavailable or invalid due to cause: session timed out without receiving a heartbeat response. isDisconnected: false. Rediscovery will be attempted.
2026-04-21 15:03:25 [kafka-coordinator-heartbeat-thread | knowledge-service-group] INFO  o.a.k.c.c.i.ConsumerCoordinator - [Consumer clientId=consumer-knowledge-service-group-3, groupId=knowledge-service-group] Requesting disconnect from last known coordinator localhost:9092 (id: 2147483646 rack: null)
2026-04-21 15:03:25 [kafka-coordinator-heartbeat-thread | knowledge-service-group] INFO  o.apache.kafka.clients.NetworkClient - [Consumer clientId=consumer-knowledge-service-group-3, groupId=knowledge-service-group] Client requested disconnect from node 2147483646
2026-04-21 15:03:25 [org.springframework.kafka.KafkaListenerEndpointContainer#1-0-C-1] INFO  o.a.k.c.c.i.ConsumerCoordinator - [Consumer clientId=consumer-knowledge-service-group-3, groupId=knowledge-service-group] Discovered group coordinator localhost:9092 (id: 2147483646 rack: null)
2026-04-21 15:03:25 [org.springframework.kafka.KafkaListenerEndpointContainer#1-0-C-1] INFO  o.a.k.c.c.i.ConsumerCoordinator - [Consumer clientId=consumer-knowledge-service-group-3, groupId=knowledge-service-group] Group coordinator localhost:9092 (id: 2147483646 rack: null) is unavailable or invalid due to cause: coordinator unavailable. isDisconnected: false. Rediscovery will be attempted.
2026-04-21 15:03:25 [org.springframework.kafka.KafkaListenerEndpointContainer#1-0-C-1] INFO  o.a.k.c.c.i.ConsumerCoordinator - [Consumer clientId=consumer-knowledge-service-group-3, groupId=knowledge-service-group] Requesting disconnect from last known coordinator localhost:9092 (id: 2147483646 rack: null)
2026-04-21 15:03:26 [org.springframework.kafka.KafkaListenerEndpointContainer#1-0-C-1] INFO  o.a.k.c.c.i.ConsumerCoordinator - [Consumer clientId=consumer-knowledge-service-group-3, groupId=knowledge-service-group] Discovered group coordinator localhost:9092 (id: 2147483646 rack: null)
2026-04-21 15:03:26 [kafka-coordinator-heartbeat-thread | knowledge-service-group] INFO  o.a.k.c.c.i.ConsumerCoordinator - [Consumer clientId=consumer-knowledge-service-group-2, groupId=knowledge-service-group] Group coordinator localhost:9092 (id: 2147483646 rack: null) is unavailable or invalid due to cause: session timed out without receiving a heartbeat response. isDisconnected: false. Rediscovery will be attempted.
2026-04-21 15:03:26 [kafka-coordinator-heartbeat-thread | knowledge-service-group] INFO  o.a.k.c.c.i.ConsumerCoordinator - [Consumer clientId=consumer-knowledge-service-group-1, groupId=knowledge-service-group] Group coordinator localhost:9092 (id: 2147483646 rack: null) is unavailable or invalid due to cause: session timed out without receiving a heartbeat response. isDisconnected: false. Rediscovery will be attempted.
2026-04-21 15:03:26 [kafka-coordinator-heartbeat-thread | knowledge-service-group] INFO  o.a.k.c.c.i.ConsumerCoordinator - [Consumer clientId=consumer-knowledge-service-group-1, groupId=knowledge-service-group] Requesting disconnect from last known coordinator localhost:9092 (id: 2147483646 rack: null)
2026-04-21 15:03:26 [kafka-coordinator-heartbeat-thread | knowledge-service-group] INFO  o.apache.kafka.clients.NetworkClient - [Consumer clientId=consumer-knowledge-service-group-1, groupId=knowledge-service-group] Client requested disconnect from node 2147483646
2026-04-21 15:03:26 [kafka-coordinator-heartbeat-thread | knowledge-service-group] INFO  o.a.k.c.c.i.ConsumerCoordinator - [Consumer clientId=consumer-knowledge-service-group-2, groupId=knowledge-service-group] Requesting disconnect from last known coordinator localhost:9092 (id: 2147483646 rack: null)
2026-04-21 15:03:26 [kafka-coordinator-heartbeat-thread | knowledge-service-group] INFO  o.apache.kafka.clients.NetworkClient - [Consumer clientId=consumer-knowledge-service-group-2, groupId=knowledge-service-group] Client requested disconnect from node 2147483646
2026-04-21 15:03:26 [org.springframework.kafka.KafkaListenerEndpointContainer#0-0-C-1] INFO  o.a.k.c.c.i.ConsumerCoordinator - [Consumer clientId=consumer-knowledge-service-group-2, groupId=knowledge-service-group] Discovered group coordinator localhost:9092 (id: 2147483646 rack: null)
2026-04-21 15:03:26 [org.springframework.kafka.KafkaListenerEndpointContainer#2-0-C-1] INFO  o.a.k.c.c.i.ConsumerCoordinator - [Consumer clientId=consumer-knowledge-service-group-1, groupId=knowledge-service-group] Discovered group coordinator localhost:9092 (id: 2147483646 rack: null)
2026-04-21 15:03:26 [org.springframework.kafka.KafkaListenerEndpointContainer#0-0-C-1] INFO  o.a.k.c.c.i.ConsumerCoordinator - [Consumer clientId=consumer-knowledge-service-group-2, groupId=knowledge-service-group] Group coordinator localhost:9092 (id: 2147483646 rack: null) is unavailable or invalid due to cause: coordinator unavailable. isDisconnected: false. Rediscovery will be attempted.
2026-04-21 15:03:26 [org.springframework.kafka.KafkaListenerEndpointContainer#2-0-C-1] INFO  o.a.k.c.c.i.ConsumerCoordinator - [Consumer clientId=consumer-knowledge-service-group-1, groupId=knowledge-service-group] Group coordinator localhost:9092 (id: 2147483646 rack: null) is unavailable or invalid due to cause: coordinator unavailable. isDisconnected: false. Rediscovery will be attempted.
2026-04-21 15:03:26 [org.springframework.kafka.KafkaListenerEndpointContainer#0-0-C-1] INFO  o.a.k.c.c.i.ConsumerCoordinator - [Consumer clientId=consumer-knowledge-service-group-2, groupId=knowledge-service-group] Requesting disconnect from last known coordinator localhost:9092 (id: 2147483646 rack: null)
2026-04-21 15:03:26 [org.springframework.kafka.KafkaListenerEndpointContainer#2-0-C-1] INFO  o.a.k.c.c.i.ConsumerCoordinator - [Consumer clientId=consumer-knowledge-service-group-1, groupId=knowledge-service-group] Requesting disconnect from last known coordinator localhost:9092 (id: 2147483646 rack: null)
2026-04-21 15:03:26 [org.springframework.kafka.KafkaListenerEndpointContainer#0-0-C-1] INFO  o.a.k.c.c.i.ConsumerCoordinator - [Consumer clientId=consumer-knowledge-service-group-2, groupId=knowledge-service-group] Discovered group coordinator localhost:9092 (id: 2147483646 rack: null)
2026-04-21 15:03:26 [org.springframework.kafka.KafkaListenerEndpointContainer#2-0-C-1] INFO  o.a.k.c.c.i.ConsumerCoordinator - [Consumer clientId=consumer-knowledge-service-group-1, groupId=knowledge-service-group] Discovered group coordinator localhost:9092 (id: 2147483646 rack: null)
2026-04-21 15:03:55 [HikariPool-1 housekeeper] WARN  com.zaxxer.hikari.pool.HikariPool - HikariPool-1 - Thread starvation or clock leap detected (housekeeper delta=2m50s341ms).
2026-04-21 15:04:40 [HikariPool-1 housekeeper] WARN  com.zaxxer.hikari.pool.HikariPool - HikariPool-1 - Thread starvation or clock leap detected (housekeeper delta=45s199ms).
2026-04-21 15:07:53 [kafka-coordinator-heartbeat-thread | knowledge-service-group] INFO  o.a.k.c.c.i.ConsumerCoordinator - [Consumer clientId=consumer-knowledge-service-group-3, groupId=knowledge-service-group] Group coordinator localhost:9092 (id: 2147483646 rack: null) is unavailable or invalid due to cause: session timed out without receiving a heartbeat response. isDisconnected: false. Rediscovery will be attempted.
2026-04-21 15:07:53 [kafka-coordinator-heartbeat-thread | knowledge-service-group] INFO  o.a.k.c.c.i.ConsumerCoordinator - [Consumer clientId=consumer-knowledge-service-group-3, groupId=knowledge-service-group] Requesting disconnect from last known coordinator localhost:9092 (id: 2147483646 rack: null)
2026-04-21 15:07:53 [kafka-coordinator-heartbeat-thread | knowledge-service-group] INFO  o.apache.kafka.clients.NetworkClient - [Consumer clientId=consumer-knowledge-service-group-3, groupId=knowledge-service-group] Client requested disconnect from node 2147483646
2026-04-21 15:07:53 [org.springframework.kafka.KafkaListenerEndpointContainer#1-0-C-1] INFO  o.a.k.c.c.i.ConsumerCoordinator - [Consumer clientId=consumer-knowledge-service-group-3, groupId=knowledge-service-group] Discovered group coordinator localhost:9092 (id: 2147483646 rack: null)
2026-04-21 15:07:53 [org.springframework.kafka.KafkaListenerEndpointContainer#1-0-C-1] INFO  o.a.k.c.c.i.ConsumerCoordinator - [Consumer clientId=consumer-knowledge-service-group-3, groupId=knowledge-service-group] Group coordinator localhost:9092 (id: 2147483646 rack: null) is unavailable or invalid due to cause: coordinator unavailable. isDisconnected: false. Rediscovery will be attempted.
2026-04-21 15:07:53 [org.springframework.kafka.KafkaListenerEndpointContainer#1-0-C-1] INFO  o.a.k.c.c.i.ConsumerCoordinator - [Consumer clientId=consumer-knowledge-service-group-3, groupId=knowledge-service-group] Requesting disconnect from last known coordinator localhost:9092 (id: 2147483646 rack: null)
2026-04-21 15:07:53 [kafka-coordinator-heartbeat-thread | knowledge-service-group] INFO  o.a.k.c.c.i.ConsumerCoordinator - [Consumer clientId=consumer-knowledge-service-group-1, groupId=knowledge-service-group] Group coordinator localhost:9092 (id: 2147483646 rack: null) is unavailable or invalid due to cause: session timed out without receiving a heartbeat response. isDisconnected: false. Rediscovery will be attempted.
2026-04-21 15:07:53 [kafka-coordinator-heartbeat-thread | knowledge-service-group] INFO  o.a.k.c.c.i.ConsumerCoordinator - [Consumer clientId=consumer-knowledge-service-group-2, groupId=knowledge-service-group] Group coordinator localhost:9092 (id: 2147483646 rack: null) is unavailable or invalid due to cause: session timed out without receiving a heartbeat response. isDisconnected: false. Rediscovery will be attempted.
2026-04-21 15:07:53 [kafka-coordinator-heartbeat-thread | knowledge-service-group] INFO  o.a.k.c.c.i.ConsumerCoordinator - [Consumer clientId=consumer-knowledge-service-group-1, groupId=knowledge-service-group] Requesting disconnect from last known coordinator localhost:9092 (id: 2147483646 rack: null)
2026-04-21 15:07:53 [kafka-coordinator-heartbeat-thread | knowledge-service-group] INFO  o.a.k.c.c.i.ConsumerCoordinator - [Consumer clientId=consumer-knowledge-service-group-2, groupId=knowledge-service-group] Requesting disconnect from last known coordinator localhost:9092 (id: 2147483646 rack: null)
2026-04-21 15:07:53 [kafka-coordinator-heartbeat-thread | knowledge-service-group] INFO  o.apache.kafka.clients.NetworkClient - [Consumer clientId=consumer-knowledge-service-group-1, groupId=knowledge-service-group] Client requested disconnect from node 2147483646
2026-04-21 15:07:53 [kafka-coordinator-heartbeat-thread | knowledge-service-group] INFO  o.apache.kafka.clients.NetworkClient - [Consumer clientId=consumer-knowledge-service-group-2, groupId=knowledge-service-group] Client requested disconnect from node 2147483646
2026-04-21 15:07:53 [org.springframework.kafka.KafkaListenerEndpointContainer#2-0-C-1] INFO  o.a.k.c.c.i.ConsumerCoordinator - [Consumer clientId=consumer-knowledge-service-group-1, groupId=knowledge-service-group] Discovered group coordinator localhost:9092 (id: 2147483646 rack: null)
2026-04-21 15:07:53 [org.springframework.kafka.KafkaListenerEndpointContainer#0-0-C-1] INFO  o.a.k.c.c.i.ConsumerCoordinator - [Consumer clientId=consumer-knowledge-service-group-2, groupId=knowledge-service-group] Discovered group coordinator localhost:9092 (id: 2147483646 rack: null)
2026-04-21 15:07:53 [org.springframework.kafka.KafkaListenerEndpointContainer#2-0-C-1] INFO  o.a.k.c.c.i.ConsumerCoordinator - [Consumer clientId=consumer-knowledge-service-group-1, groupId=knowledge-service-group] Group coordinator localhost:9092 (id: 2147483646 rack: null) is unavailable or invalid due to cause: coordinator unavailable. isDisconnected: false. Rediscovery will be attempted.
2026-04-21 15:07:53 [org.springframework.kafka.KafkaListenerEndpointContainer#0-0-C-1] INFO  o.a.k.c.c.i.ConsumerCoordinator - [Consumer clientId=consumer-knowledge-service-group-2, groupId=knowledge-service-group] Group coordinator localhost:9092 (id: 2147483646 rack: null) is unavailable or invalid due to cause: coordinator unavailable. isDisconnected: false. Rediscovery will be attempted.
2026-04-21 15:07:53 [org.springframework.kafka.KafkaListenerEndpointContainer#2-0-C-1] INFO  o.a.k.c.c.i.ConsumerCoordinator - [Consumer clientId=consumer-knowledge-service-group-1, groupId=knowledge-service-group] Requesting disconnect from last known coordinator localhost:9092 (id: 2147483646 rack: null)
2026-04-21 15:07:53 [org.springframework.kafka.KafkaListenerEndpointContainer#0-0-C-1] INFO  o.a.k.c.c.i.ConsumerCoordinator - [Consumer clientId=consumer-knowledge-service-group-2, groupId=knowledge-service-group] Requesting disconnect from last known coordinator localhost:9092 (id: 2147483646 rack: null)
2026-04-21 15:07:53 [org.springframework.kafka.KafkaListenerEndpointContainer#1-0-C-1] INFO  o.a.k.c.c.i.ConsumerCoordinator - [Consumer clientId=consumer-knowledge-service-group-3, groupId=knowledge-service-group] Discovered group coordinator localhost:9092 (id: 2147483646 rack: null)
2026-04-21 15:07:53 [org.springframework.kafka.KafkaListenerEndpointContainer#0-0-C-1] INFO  o.a.k.c.c.i.ConsumerCoordinator - [Consumer clientId=consumer-knowledge-service-group-2, groupId=knowledge-service-group] Discovered group coordinator localhost:9092 (id: 2147483646 rack: null)
2026-04-21 15:07:53 [org.springframework.kafka.KafkaListenerEndpointContainer#2-0-C-1] INFO  o.a.k.c.c.i.ConsumerCoordinator - [Consumer clientId=consumer-knowledge-service-group-1, groupId=knowledge-service-group] Discovered group coordinator localhost:9092 (id: 2147483646 rack: null)
2026-04-21 15:08:17 [HikariPool-1 housekeeper] WARN  com.zaxxer.hikari.pool.HikariPool - HikariPool-1 - Thread starvation or clock leap detected (housekeeper delta=3m7s607ms).
2026-04-21 15:15:42 [http-nio-8085-exec-4] DEBUG o.s.security.web.FilterChainProxy - Securing GET /actuator/health
2026-04-21 15:15:42 [http-nio-8085-exec-4] DEBUG o.s.s.w.a.AnonymousAuthenticationFilter - Set SecurityContextHolder to anonymous SecurityContext
2026-04-21 15:15:42 [http-nio-8085-exec-4] DEBUG o.s.security.web.FilterChainProxy - Secured GET /actuator/health
2026-04-21 15:16:36 [http-nio-8085-exec-6] DEBUG o.s.security.web.FilterChainProxy - Securing GET /actuator/health
2026-04-21 15:16:36 [http-nio-8085-exec-6] DEBUG o.s.s.w.a.AnonymousAuthenticationFilter - Set SecurityContextHolder to anonymous SecurityContext
2026-04-21 15:16:36 [http-nio-8085-exec-6] DEBUG o.s.security.web.FilterChainProxy - Secured GET /actuator/health
2026-04-21 15:19:30 [org.springframework.kafka.KafkaListenerEndpointContainer#0-0-C-1] INFO  o.a.k.c.c.i.ConsumerCoordinator - [Consumer clientId=consumer-knowledge-service-group-2, groupId=knowledge-service-group] Request joining group due to: cached metadata has changed from (version3: {solution.approved=[NO_RACKS], ticket.resolved=[NO_RACKS]}) at the beginning of the rebalance to (version12: {solution.approved=[NO_RACKS, NO_RACKS, NO_RACKS], ticket.resolved=[NO_RACKS]})
2026-04-21 15:19:30 [org.springframework.kafka.KafkaListenerEndpointContainer#0-0-C-1] INFO  o.a.k.c.c.i.ConsumerCoordinator - [Consumer clientId=consumer-knowledge-service-group-2, groupId=knowledge-service-group] Revoke previously assigned partitions solution.approved-0
2026-04-21 15:19:30 [org.springframework.kafka.KafkaListenerEndpointContainer#0-0-C-1] INFO  o.s.k.l.KafkaMessageListenerContainer - knowledge-service-group: partitions revoked: [solution.approved-0]
2026-04-21 15:19:30 [org.springframework.kafka.KafkaListenerEndpointContainer#0-0-C-1] INFO  o.a.k.c.c.i.ConsumerCoordinator - [Consumer clientId=consumer-knowledge-service-group-2, groupId=knowledge-service-group] (Re-)joining group
2026-04-21 15:19:32 [org.springframework.kafka.KafkaListenerEndpointContainer#1-0-C-1] INFO  o.a.k.c.c.i.ConsumerCoordinator - [Consumer clientId=consumer-knowledge-service-group-3, groupId=knowledge-service-group] Request joining group due to: group is already rebalancing
2026-04-21 15:19:32 [org.springframework.kafka.KafkaListenerEndpointContainer#1-0-C-1] INFO  o.a.k.c.c.i.ConsumerCoordinator - [Consumer clientId=consumer-knowledge-service-group-3, groupId=knowledge-service-group] Revoke previously assigned partitions 
2026-04-21 15:19:32 [org.springframework.kafka.KafkaListenerEndpointContainer#1-0-C-1] INFO  o.s.k.l.KafkaMessageListenerContainer - knowledge-service-group: partitions revoked: []
2026-04-21 15:19:32 [org.springframework.kafka.KafkaListenerEndpointContainer#1-0-C-1] INFO  o.a.k.c.c.i.ConsumerCoordinator - [Consumer clientId=consumer-knowledge-service-group-3, groupId=knowledge-service-group] (Re-)joining group
2026-04-21 15:19:32 [org.springframework.kafka.KafkaListenerEndpointContainer#2-0-C-1] INFO  o.a.k.c.c.i.ConsumerCoordinator - [Consumer clientId=consumer-knowledge-service-group-1, groupId=knowledge-service-group] Request joining group due to: group is already rebalancing
2026-04-21 15:19:32 [org.springframework.kafka.KafkaListenerEndpointContainer#2-0-C-1] INFO  o.a.k.c.c.i.ConsumerCoordinator - [Consumer clientId=consumer-knowledge-service-group-1, groupId=knowledge-service-group] Revoke previously assigned partitions ticket.resolved-0
2026-04-21 15:19:32 [org.springframework.kafka.KafkaListenerEndpointContainer#2-0-C-1] INFO  o.s.k.l.KafkaMessageListenerContainer - knowledge-service-group: partitions revoked: [ticket.resolved-0]
2026-04-21 15:19:32 [org.springframework.kafka.KafkaListenerEndpointContainer#2-0-C-1] INFO  o.a.k.c.c.i.ConsumerCoordinator - [Consumer clientId=consumer-knowledge-service-group-1, groupId=knowledge-service-group] (Re-)joining group
2026-04-21 15:19:32 [org.springframework.kafka.KafkaListenerEndpointContainer#0-0-C-1] INFO  o.a.k.c.c.i.ConsumerCoordinator - [Consumer clientId=consumer-knowledge-service-group-2, groupId=knowledge-service-group] Successfully joined group with generation Generation{generationId=2, memberId='consumer-knowledge-service-group-2-69053887-b629-480b-bbf3-68bb8baa6331', protocol='range'}
2026-04-21 15:19:32 [org.springframework.kafka.KafkaListenerEndpointContainer#2-0-C-1] INFO  o.a.k.c.c.i.ConsumerCoordinator - [Consumer clientId=consumer-knowledge-service-group-1, groupId=knowledge-service-group] Successfully joined group with generation Generation{generationId=2, memberId='consumer-knowledge-service-group-1-3435d4e4-ab2a-43b6-9eeb-1f23cc5f4b8d', protocol='range'}
2026-04-21 15:19:32 [org.springframework.kafka.KafkaListenerEndpointContainer#1-0-C-1] INFO  o.a.k.c.c.i.ConsumerCoordinator - [Consumer clientId=consumer-knowledge-service-group-3, groupId=knowledge-service-group] Successfully joined group with generation Generation{generationId=2, memberId='consumer-knowledge-service-group-3-4acec7c6-847f-4d40-b029-449b474a0393', protocol='range'}
2026-04-21 15:19:32 [org.springframework.kafka.KafkaListenerEndpointContainer#0-0-C-1] INFO  o.a.k.c.c.i.ConsumerCoordinator - [Consumer clientId=consumer-knowledge-service-group-2, groupId=knowledge-service-group] Finished assignment for group at generation 2: {consumer-knowledge-service-group-1-3435d4e4-ab2a-43b6-9eeb-1f23cc5f4b8d=Assignment(partitions=[ticket.resolved-0]), consumer-knowledge-service-group-3-4acec7c6-847f-4d40-b029-449b474a0393=Assignment(partitions=[solution.approved-2]), consumer-knowledge-service-group-2-69053887-b629-480b-bbf3-68bb8baa6331=Assignment(partitions=[solution.approved-0, solution.approved-1])}
2026-04-21 15:19:32 [org.springframework.kafka.KafkaListenerEndpointContainer#2-0-C-1] INFO  o.a.k.c.c.i.ConsumerCoordinator - [Consumer clientId=consumer-knowledge-service-group-1, groupId=knowledge-service-group] Successfully synced group in generation Generation{generationId=2, memberId='consumer-knowledge-service-group-1-3435d4e4-ab2a-43b6-9eeb-1f23cc5f4b8d', protocol='range'}
2026-04-21 15:19:32 [org.springframework.kafka.KafkaListenerEndpointContainer#0-0-C-1] INFO  o.a.k.c.c.i.ConsumerCoordinator - [Consumer clientId=consumer-knowledge-service-group-2, groupId=knowledge-service-group] Successfully synced group in generation Generation{generationId=2, memberId='consumer-knowledge-service-group-2-69053887-b629-480b-bbf3-68bb8baa6331', protocol='range'}
2026-04-21 15:19:32 [org.springframework.kafka.KafkaListenerEndpointContainer#1-0-C-1] INFO  o.a.k.c.c.i.ConsumerCoordinator - [Consumer clientId=consumer-knowledge-service-group-3, groupId=knowledge-service-group] Successfully synced group in generation Generation{generationId=2, memberId='consumer-knowledge-service-group-3-4acec7c6-847f-4d40-b029-449b474a0393', protocol='range'}
2026-04-21 15:19:32 [org.springframework.kafka.KafkaListenerEndpointContainer#0-0-C-1] INFO  o.a.k.c.c.i.ConsumerCoordinator - [Consumer clientId=consumer-knowledge-service-group-2, groupId=knowledge-service-group] Notifying assignor about the new Assignment(partitions=[solution.approved-0, solution.approved-1])
2026-04-21 15:19:32 [org.springframework.kafka.KafkaListenerEndpointContainer#1-0-C-1] INFO  o.a.k.c.c.i.ConsumerCoordinator - [Consumer clientId=consumer-knowledge-service-group-3, groupId=knowledge-service-group] Notifying assignor about the new Assignment(partitions=[solution.approved-2])
2026-04-21 15:19:32 [org.springframework.kafka.KafkaListenerEndpointContainer#2-0-C-1] INFO  o.a.k.c.c.i.ConsumerCoordinator - [Consumer clientId=consumer-knowledge-service-group-1, groupId=knowledge-service-group] Notifying assignor about the new Assignment(partitions=[ticket.resolved-0])
2026-04-21 15:19:32 [org.springframework.kafka.KafkaListenerEndpointContainer#0-0-C-1] INFO  o.a.k.c.c.i.ConsumerCoordinator - [Consumer clientId=consumer-knowledge-service-group-2, groupId=knowledge-service-group] Adding newly assigned partitions: solution.approved-0, solution.approved-1
2026-04-21 15:19:32 [org.springframework.kafka.KafkaListenerEndpointContainer#2-0-C-1] INFO  o.a.k.c.c.i.ConsumerCoordinator - [Consumer clientId=consumer-knowledge-service-group-1, groupId=knowledge-service-group] Adding newly assigned partitions: ticket.resolved-0
2026-04-21 15:19:32 [org.springframework.kafka.KafkaListenerEndpointContainer#1-0-C-1] INFO  o.a.k.c.c.i.ConsumerCoordinator - [Consumer clientId=consumer-knowledge-service-group-3, groupId=knowledge-service-group] Adding newly assigned partitions: solution.approved-2
2026-04-21 15:19:32 [org.springframework.kafka.KafkaListenerEndpointContainer#1-0-C-1] INFO  o.a.k.c.c.i.ConsumerCoordinator - [Consumer clientId=consumer-knowledge-service-group-3, groupId=knowledge-service-group] Found no committed offset for partition solution.approved-2
2026-04-21 15:19:32 [org.springframework.kafka.KafkaListenerEndpointContainer#0-0-C-1] INFO  o.a.k.c.c.i.ConsumerCoordinator - [Consumer clientId=consumer-knowledge-service-group-2, groupId=knowledge-service-group] Found no committed offset for partition solution.approved-0
2026-04-21 15:19:32 [org.springframework.kafka.KafkaListenerEndpointContainer#2-0-C-1] INFO  o.a.k.c.c.i.ConsumerCoordinator - [Consumer clientId=consumer-knowledge-service-group-1, groupId=knowledge-service-group] Found no committed offset for partition ticket.resolved-0
2026-04-21 15:19:32 [org.springframework.kafka.KafkaListenerEndpointContainer#0-0-C-1] INFO  o.a.k.c.c.i.ConsumerCoordinator - [Consumer clientId=consumer-knowledge-service-group-2, groupId=knowledge-service-group] Found no committed offset for partition solution.approved-1
2026-04-21 15:19:32 [org.springframework.kafka.KafkaListenerEndpointContainer#1-0-C-1] INFO  o.a.k.c.c.i.SubscriptionState - [Consumer clientId=consumer-knowledge-service-group-3, groupId=knowledge-service-group] Resetting offset for partition solution.approved-2 to position FetchPosition{offset=0, offsetEpoch=Optional.empty, currentLeader=LeaderAndEpoch{leader=Optional[localhost:9092 (id: 1 rack: null)], epoch=0}}.
2026-04-21 15:19:32 [org.springframework.kafka.KafkaListenerEndpointContainer#0-0-C-1] INFO  o.a.k.c.c.i.SubscriptionState - [Consumer clientId=consumer-knowledge-service-group-2, groupId=knowledge-service-group] Resetting offset for partition solution.approved-0 to position FetchPosition{offset=0, offsetEpoch=Optional.empty, currentLeader=LeaderAndEpoch{leader=Optional[localhost:9092 (id: 1 rack: null)], epoch=0}}.
2026-04-21 15:19:32 [org.springframework.kafka.KafkaListenerEndpointContainer#0-0-C-1] INFO  o.a.k.c.c.i.SubscriptionState - [Consumer clientId=consumer-knowledge-service-group-2, groupId=knowledge-service-group] Resetting offset for partition solution.approved-1 to position FetchPosition{offset=0, offsetEpoch=Optional.empty, currentLeader=LeaderAndEpoch{leader=Optional[localhost:9092 (id: 1 rack: null)], epoch=0}}.
2026-04-21 15:19:32 [org.springframework.kafka.KafkaListenerEndpointContainer#1-0-C-1] INFO  o.s.k.l.KafkaMessageListenerContainer - knowledge-service-group: partitions assigned: [solution.approved-2]
2026-04-21 15:19:32 [org.springframework.kafka.KafkaListenerEndpointContainer#0-0-C-1] INFO  o.s.k.l.KafkaMessageListenerContainer - knowledge-service-group: partitions assigned: [solution.approved-0, solution.approved-1]
2026-04-21 15:19:32 [org.springframework.kafka.KafkaListenerEndpointContainer#2-0-C-1] INFO  o.a.k.c.c.i.SubscriptionState - [Consumer clientId=consumer-knowledge-service-group-1, groupId=knowledge-service-group] Resetting offset for partition ticket.resolved-0 to position FetchPosition{offset=0, offsetEpoch=Optional.empty, currentLeader=LeaderAndEpoch{leader=Optional[localhost:9092 (id: 1 rack: null)], epoch=0}}.
2026-04-21 15:19:32 [org.springframework.kafka.KafkaListenerEndpointContainer#2-0-C-1] INFO  o.s.k.l.KafkaMessageListenerContainer - knowledge-service-group: partitions assigned: [ticket.resolved-0]
2026-04-21 15:20:49 [http-nio-8085-exec-8] DEBUG o.s.security.web.FilterChainProxy - Securing GET /actuator/health
2026-04-21 15:20:49 [http-nio-8085-exec-8] DEBUG o.s.s.w.a.AnonymousAuthenticationFilter - Set SecurityContextHolder to anonymous SecurityContext
2026-04-21 15:20:49 [http-nio-8085-exec-8] DEBUG o.s.security.web.FilterChainProxy - Secured GET /actuator/health
2026-04-21 15:23:48 [http-nio-8085-exec-10] DEBUG o.s.security.web.FilterChainProxy - Securing GET /api/knowledge?page=0&size=5
2026-04-21 15:23:48 [http-nio-8085-exec-10] DEBUG o.s.security.web.FilterChainProxy - Secured GET /api/knowledge?page=0&size=5
2026-04-21 15:23:48 [http-nio-8085-exec-10] DEBUG org.hibernate.SQL - 
    select
        ka1_0.article_id,
        ka1_0.category_id,
        ka1_0.content,
        ka1_0.created_at,
        ka1_0.created_by,
        ka1_0.deleted,
        ka1_0.solution_id,
        ka1_0.status,
        ka1_0.ticket_id,
        ka1_0.title,
        ka1_0.updated_at,
        ka1_0.version,
        ka1_0.visibility 
    from
        knowledge_articles ka1_0 
    where
        not(ka1_0.deleted) 
    order by
        ka1_0.created_at desc 
    offset
        ? rows 
    fetch
        first ? rows only
2026-04-21 15:43:36 [kafka-coordinator-heartbeat-thread | knowledge-service-group] INFO  o.a.k.c.c.i.ConsumerCoordinator - [Consumer clientId=consumer-knowledge-service-group-1, groupId=knowledge-service-group] Group coordinator localhost:9092 (id: 2147483646 rack: null) is unavailable or invalid due to cause: session timed out without receiving a heartbeat response. isDisconnected: false. Rediscovery will be attempted.
2026-04-21 15:43:36 [kafka-coordinator-heartbeat-thread | knowledge-service-group] INFO  o.a.k.c.c.i.ConsumerCoordinator - [Consumer clientId=consumer-knowledge-service-group-1, groupId=knowledge-service-group] Requesting disconnect from last known coordinator localhost:9092 (id: 2147483646 rack: null)
2026-04-21 15:43:36 [kafka-coordinator-heartbeat-thread | knowledge-service-group] INFO  o.apache.kafka.clients.NetworkClient - [Consumer clientId=consumer-knowledge-service-group-1, groupId=knowledge-service-group] Client requested disconnect from node 2147483646
2026-04-21 15:43:36 [org.springframework.kafka.KafkaListenerEndpointContainer#2-0-C-1] INFO  o.a.k.c.c.i.ConsumerCoordinator - [Consumer clientId=consumer-knowledge-service-group-1, groupId=knowledge-service-group] Discovered group coordinator localhost:9092 (id: 2147483646 rack: null)
2026-04-21 15:43:36 [org.springframework.kafka.KafkaListenerEndpointContainer#2-0-C-1] INFO  o.a.k.c.c.i.ConsumerCoordinator - [Consumer clientId=consumer-knowledge-service-group-1, groupId=knowledge-service-group] Group coordinator localhost:9092 (id: 2147483646 rack: null) is unavailable or invalid due to cause: coordinator unavailable. isDisconnected: false. Rediscovery will be attempted.
2026-04-21 15:43:36 [org.springframework.kafka.KafkaListenerEndpointContainer#2-0-C-1] INFO  o.a.k.c.c.i.ConsumerCoordinator - [Consumer clientId=consumer-knowledge-service-group-1, groupId=knowledge-service-group] Requesting disconnect from last known coordinator localhost:9092 (id: 2147483646 rack: null)
2026-04-21 15:43:36 [kafka-coordinator-heartbeat-thread | knowledge-service-group] INFO  o.a.k.c.c.i.ConsumerCoordinator - [Consumer clientId=consumer-knowledge-service-group-3, groupId=knowledge-service-group] Group coordinator localhost:9092 (id: 2147483646 rack: null) is unavailable or invalid due to cause: session timed out without receiving a heartbeat response. isDisconnected: false. Rediscovery will be attempted.
2026-04-21 15:43:36 [kafka-coordinator-heartbeat-thread | knowledge-service-group] INFO  o.a.k.c.c.i.ConsumerCoordinator - [Consumer clientId=consumer-knowledge-service-group-3, groupId=knowledge-service-group] Requesting disconnect from last known coordinator localhost:9092 (id: 2147483646 rack: null)
2026-04-21 15:43:36 [kafka-coordinator-heartbeat-thread | knowledge-service-group] INFO  o.apache.kafka.clients.NetworkClient - [Consumer clientId=consumer-knowledge-service-group-3, groupId=knowledge-service-group] Client requested disconnect from node 2147483646
2026-04-21 15:43:36 [kafka-coordinator-heartbeat-thread | knowledge-service-group] INFO  o.a.k.c.c.i.ConsumerCoordinator - [Consumer clientId=consumer-knowledge-service-group-2, groupId=knowledge-service-group] Group coordinator localhost:9092 (id: 2147483646 rack: null) is unavailable or invalid due to cause: session timed out without receiving a heartbeat response. isDisconnected: false. Rediscovery will be attempted.
2026-04-21 15:43:36 [kafka-coordinator-heartbeat-thread | knowledge-service-group] INFO  o.a.k.c.c.i.ConsumerCoordinator - [Consumer clientId=consumer-knowledge-service-group-2, groupId=knowledge-service-group] Requesting disconnect from last known coordinator localhost:9092 (id: 2147483646 rack: null)
2026-04-21 15:43:36 [kafka-coordinator-heartbeat-thread | knowledge-service-group] INFO  o.apache.kafka.clients.NetworkClient - [Consumer clientId=consumer-knowledge-service-group-2, groupId=knowledge-service-group] Client requested disconnect from node 2147483646
2026-04-21 15:43:36 [org.springframework.kafka.KafkaListenerEndpointContainer#1-0-C-1] INFO  o.a.k.c.c.i.ConsumerCoordinator - [Consumer clientId=consumer-knowledge-service-group-3, groupId=knowledge-service-group] Discovered group coordinator localhost:9092 (id: 2147483646 rack: null)
2026-04-21 15:43:36 [org.springframework.kafka.KafkaListenerEndpointContainer#1-0-C-1] INFO  o.a.k.c.c.i.ConsumerCoordinator - [Consumer clientId=consumer-knowledge-service-group-3, groupId=knowledge-service-group] Group coordinator localhost:9092 (id: 2147483646 rack: null) is unavailable or invalid due to cause: coordinator unavailable. isDisconnected: false. Rediscovery will be attempted.
2026-04-21 15:43:36 [org.springframework.kafka.KafkaListenerEndpointContainer#1-0-C-1] INFO  o.a.k.c.c.i.ConsumerCoordinator - [Consumer clientId=consumer-knowledge-service-group-3, groupId=knowledge-service-group] Requesting disconnect from last known coordinator localhost:9092 (id: 2147483646 rack: null)
2026-04-21 15:43:36 [org.springframework.kafka.KafkaListenerEndpointContainer#0-0-C-1] INFO  o.a.k.c.c.i.ConsumerCoordinator - [Consumer clientId=consumer-knowledge-service-group-2, groupId=knowledge-service-group] Discovered group coordinator localhost:9092 (id: 2147483646 rack: null)
2026-04-21 15:43:36 [org.springframework.kafka.KafkaListenerEndpointContainer#0-0-C-1] INFO  o.a.k.c.c.i.ConsumerCoordinator - [Consumer clientId=consumer-knowledge-service-group-2, groupId=knowledge-service-group] Group coordinator localhost:9092 (id: 2147483646 rack: null) is unavailable or invalid due to cause: coordinator unavailable. isDisconnected: false. Rediscovery will be attempted.
2026-04-21 15:43:36 [org.springframework.kafka.KafkaListenerEndpointContainer#0-0-C-1] INFO  o.a.k.c.c.i.ConsumerCoordinator - [Consumer clientId=consumer-knowledge-service-group-2, groupId=knowledge-service-group] Requesting disconnect from last known coordinator localhost:9092 (id: 2147483646 rack: null)
2026-04-21 15:43:37 [org.springframework.kafka.KafkaListenerEndpointContainer#2-0-C-1] INFO  o.a.k.c.c.i.ConsumerCoordinator - [Consumer clientId=consumer-knowledge-service-group-1, groupId=knowledge-service-group] Discovered group coordinator localhost:9092 (id: 2147483646 rack: null)
2026-04-21 15:43:37 [org.springframework.kafka.KafkaListenerEndpointContainer#1-0-C-1] INFO  o.a.k.c.c.i.ConsumerCoordinator - [Consumer clientId=consumer-knowledge-service-group-3, groupId=knowledge-service-group] Discovered group coordinator localhost:9092 (id: 2147483646 rack: null)
2026-04-21 15:43:37 [org.springframework.kafka.KafkaListenerEndpointContainer#0-0-C-1] INFO  o.a.k.c.c.i.ConsumerCoordinator - [Consumer clientId=consumer-knowledge-service-group-2, groupId=knowledge-service-group] Discovered group coordinator localhost:9092 (id: 2147483646 rack: null)
2026-04-21 15:46:44 [org.springframework.kafka.KafkaListenerEndpointContainer#2-0-C-1] INFO  o.apache.kafka.clients.NetworkClient - [Consumer clientId=consumer-knowledge-service-group-1, groupId=knowledge-service-group] Disconnecting from node 1 due to request timeout.
2026-04-21 15:46:44 [org.springframework.kafka.KafkaListenerEndpointContainer#2-0-C-1] INFO  o.apache.kafka.clients.NetworkClient - [Consumer clientId=consumer-knowledge-service-group-1, groupId=knowledge-service-group] Cancelled in-flight FETCH request with correlation id 5743 due to node 1 being disconnected (elapsed time since creation: 182799ms, elapsed time since send: 182799ms, request timeout: 30000ms)
2026-04-21 15:46:44 [kafka-coordinator-heartbeat-thread | knowledge-service-group] INFO  o.a.k.c.c.i.ConsumerCoordinator - [Consumer clientId=consumer-knowledge-service-group-1, groupId=knowledge-service-group] Group coordinator localhost:9092 (id: 2147483646 rack: null) is unavailable or invalid due to cause: session timed out without receiving a heartbeat response. isDisconnected: false. Rediscovery will be attempted.
2026-04-21 15:46:44 [kafka-coordinator-heartbeat-thread | knowledge-service-group] INFO  o.a.k.c.c.i.ConsumerCoordinator - [Consumer clientId=consumer-knowledge-service-group-1, groupId=knowledge-service-group] Requesting disconnect from last known coordinator localhost:9092 (id: 2147483646 rack: null)
2026-04-21 15:46:44 [kafka-coordinator-heartbeat-thread | knowledge-service-group] INFO  o.apache.kafka.clients.NetworkClient - [Consumer clientId=consumer-knowledge-service-group-1, groupId=knowledge-service-group] Client requested disconnect from node 2147483646
2026-04-21 15:46:44 [org.springframework.kafka.KafkaListenerEndpointContainer#1-0-C-1] INFO  o.apache.kafka.clients.NetworkClient - [Consumer clientId=consumer-knowledge-service-group-3, groupId=knowledge-service-group] Disconnecting from node 1 due to request timeout.
2026-04-21 15:46:44 [org.springframework.kafka.KafkaListenerEndpointContainer#1-0-C-1] INFO  o.apache.kafka.clients.NetworkClient - [Consumer clientId=consumer-knowledge-service-group-3, groupId=knowledge-service-group] Cancelled in-flight FETCH request with correlation id 1690 due to node 1 being disconnected (elapsed time since creation: 182804ms, elapsed time since send: 182804ms, request timeout: 30000ms)
2026-04-21 15:46:44 [org.springframework.kafka.KafkaListenerEndpointContainer#0-0-C-1] INFO  o.apache.kafka.clients.NetworkClient - [Consumer clientId=consumer-knowledge-service-group-2, groupId=knowledge-service-group] Disconnecting from node 1 due to request timeout.
2026-04-21 15:46:44 [org.springframework.kafka.KafkaListenerEndpointContainer#0-0-C-1] INFO  o.apache.kafka.clients.NetworkClient - [Consumer clientId=consumer-knowledge-service-group-2, groupId=knowledge-service-group] Cancelled in-flight FETCH request with correlation id 5741 due to node 1 being disconnected (elapsed time since creation: 182804ms, elapsed time since send: 182804ms, request timeout: 30000ms)
2026-04-21 15:46:44 [kafka-coordinator-heartbeat-thread | knowledge-service-group] INFO  o.a.k.c.c.i.ConsumerCoordinator - [Consumer clientId=consumer-knowledge-service-group-3, groupId=knowledge-service-group] Group coordinator localhost:9092 (id: 2147483646 rack: null) is unavailable or invalid due to cause: session timed out without receiving a heartbeat response. isDisconnected: false. Rediscovery will be attempted.
2026-04-21 15:46:44 [kafka-coordinator-heartbeat-thread | knowledge-service-group] INFO  o.a.k.c.c.i.ConsumerCoordinator - [Consumer clientId=consumer-knowledge-service-group-3, groupId=knowledge-service-group] Requesting disconnect from last known coordinator localhost:9092 (id: 2147483646 rack: null)
2026-04-21 15:46:44 [kafka-coordinator-heartbeat-thread | knowledge-service-group] INFO  o.apache.kafka.clients.NetworkClient - [Consumer clientId=consumer-knowledge-service-group-3, groupId=knowledge-service-group] Client requested disconnect from node 2147483646
2026-04-21 15:46:44 [kafka-coordinator-heartbeat-thread | knowledge-service-group] INFO  o.a.k.c.c.i.ConsumerCoordinator - [Consumer clientId=consumer-knowledge-service-group-2, groupId=knowledge-service-group] Group coordinator localhost:9092 (id: 2147483646 rack: null) is unavailable or invalid due to cause: session timed out without receiving a heartbeat response. isDisconnected: false. Rediscovery will be attempted.
2026-04-21 15:46:44 [kafka-coordinator-heartbeat-thread | knowledge-service-group] INFO  o.a.k.c.c.i.ConsumerCoordinator - [Consumer clientId=consumer-knowledge-service-group-2, groupId=knowledge-service-group] Requesting disconnect from last known coordinator localhost:9092 (id: 2147483646 rack: null)
2026-04-21 15:46:44 [kafka-coordinator-heartbeat-thread | knowledge-service-group] INFO  o.apache.kafka.clients.NetworkClient - [Consumer clientId=consumer-knowledge-service-group-2, groupId=knowledge-service-group] Client requested disconnect from node 2147483646
2026-04-21 15:46:44 [org.springframework.kafka.KafkaListenerEndpointContainer#1-0-C-1] INFO  o.a.k.clients.FetchSessionHandler - [Consumer clientId=consumer-knowledge-service-group-3, groupId=knowledge-service-group] Error sending fetch request (sessionId=1151200582, epoch=826) to node 1:
org.apache.kafka.common.errors.DisconnectException: null
2026-04-21 15:46:44 [org.springframework.kafka.KafkaListenerEndpointContainer#0-0-C-1] INFO  o.a.k.clients.FetchSessionHandler - [Consumer clientId=consumer-knowledge-service-group-2, groupId=knowledge-service-group] Error sending fetch request (sessionId=1995523767, epoch=4874) to node 1:
org.apache.kafka.common.errors.DisconnectException: null
2026-04-21 15:46:44 [org.springframework.kafka.KafkaListenerEndpointContainer#2-0-C-1] INFO  o.a.k.clients.FetchSessionHandler - [Consumer clientId=consumer-knowledge-service-group-1, groupId=knowledge-service-group] Error sending fetch request (sessionId=937324686, epoch=4877) to node 1:
org.apache.kafka.common.errors.DisconnectException: null
2026-04-21 15:46:44 [org.springframework.kafka.KafkaListenerEndpointContainer#0-0-C-1] INFO  o.a.k.c.c.i.ConsumerCoordinator - [Consumer clientId=consumer-knowledge-service-group-2, groupId=knowledge-service-group] Discovered group coordinator localhost:9092 (id: 2147483646 rack: null)
2026-04-21 15:46:44 [org.springframework.kafka.KafkaListenerEndpointContainer#2-0-C-1] INFO  o.a.k.c.c.i.ConsumerCoordinator - [Consumer clientId=consumer-knowledge-service-group-1, groupId=knowledge-service-group] Discovered group coordinator localhost:9092 (id: 2147483646 rack: null)
2026-04-21 15:46:44 [org.springframework.kafka.KafkaListenerEndpointContainer#1-0-C-1] INFO  o.a.k.c.c.i.ConsumerCoordinator - [Consumer clientId=consumer-knowledge-service-group-3, groupId=knowledge-service-group] Discovered group coordinator localhost:9092 (id: 2147483646 rack: null)
2026-04-21 15:47:03 [HikariPool-1 housekeeper] WARN  com.zaxxer.hikari.pool.HikariPool - HikariPool-1 - Thread starvation or clock leap detected (housekeeper delta=20m45s214ms).
2026-04-21 15:56:53 [http-nio-8085-exec-2] DEBUG o.s.security.web.FilterChainProxy - Securing GET /actuator/health
2026-04-21 15:56:53 [http-nio-8085-exec-2] DEBUG o.s.s.w.a.AnonymousAuthenticationFilter - Set SecurityContextHolder to anonymous SecurityContext
2026-04-21 15:56:53 [http-nio-8085-exec-2] DEBUG o.s.security.web.FilterChainProxy - Secured GET /actuator/health
2026-04-21 16:07:12 [http-nio-8085-exec-4] DEBUG o.s.security.web.FilterChainProxy - Securing GET /api/knowledge
2026-04-21 16:07:12 [http-nio-8085-exec-4] DEBUG o.s.security.web.FilterChainProxy - Secured GET /api/knowledge
2026-04-21 16:07:12 [http-nio-8085-exec-4] DEBUG org.hibernate.SQL - 
    select
        ka1_0.article_id,
        ka1_0.category_id,
        ka1_0.content,
        ka1_0.created_at,
        ka1_0.created_by,
        ka1_0.deleted,
        ka1_0.solution_id,
        ka1_0.status,
        ka1_0.ticket_id,
        ka1_0.title,
        ka1_0.updated_at,
        ka1_0.version,
        ka1_0.visibility 
    from
        knowledge_articles ka1_0 
    where
        not(ka1_0.deleted) 
    order by
        ka1_0.created_at desc 
    offset
        ? rows 
    fetch
        first ? rows only
2026-04-21 16:08:47 [http-nio-8085-exec-6] DEBUG o.s.security.web.FilterChainProxy - Securing GET /api/knowledge
2026-04-21 16:08:47 [http-nio-8085-exec-6] DEBUG o.s.security.web.FilterChainProxy - Secured GET /api/knowledge
2026-04-21 16:08:47 [http-nio-8085-exec-6] DEBUG org.hibernate.SQL - 
    select
        ka1_0.article_id,
        ka1_0.category_id,
        ka1_0.content,
        ka1_0.created_at,
        ka1_0.created_by,
        ka1_0.deleted,
        ka1_0.solution_id,
        ka1_0.status,
        ka1_0.ticket_id,
        ka1_0.title,
        ka1_0.updated_at,
        ka1_0.version,
        ka1_0.visibility 
    from
        knowledge_articles ka1_0 
    where
        not(ka1_0.deleted) 
    order by
        ka1_0.created_at desc 
    offset
        ? rows 
    fetch
        first ? rows only
2026-04-21 16:11:30 [http-nio-8085-exec-8] DEBUG o.s.security.web.FilterChainProxy - Securing GET /api/knowledge
2026-04-21 16:11:30 [http-nio-8085-exec-8] DEBUG o.s.security.web.FilterChainProxy - Secured GET /api/knowledge
2026-04-21 16:11:30 [http-nio-8085-exec-8] DEBUG org.hibernate.SQL - 
    select
        ka1_0.article_id,
        ka1_0.category_id,
        ka1_0.content,
        ka1_0.created_at,
        ka1_0.created_by,
        ka1_0.deleted,
        ka1_0.solution_id,
        ka1_0.status,
        ka1_0.ticket_id,
        ka1_0.title,
        ka1_0.updated_at,
        ka1_0.version,
        ka1_0.visibility 
    from
        knowledge_articles ka1_0 
    where
        not(ka1_0.deleted) 
    order by
        ka1_0.created_at desc 
    offset
        ? rows 
    fetch
        first ? rows only
2026-04-21 16:14:49 [http-nio-8085-exec-10] DEBUG o.s.security.web.FilterChainProxy - Securing GET /actuator/health
2026-04-21 16:14:49 [http-nio-8085-exec-10] DEBUG o.s.s.w.a.AnonymousAuthenticationFilter - Set SecurityContextHolder to anonymous SecurityContext
2026-04-21 16:14:49 [http-nio-8085-exec-10] DEBUG o.s.security.web.FilterChainProxy - Secured GET /actuator/health
2026-04-21 16:15:01 [http-nio-8085-exec-2] DEBUG o.s.security.web.FilterChainProxy - Securing GET /api/knowledge
2026-04-21 16:15:01 [http-nio-8085-exec-2] DEBUG o.s.security.web.FilterChainProxy - Secured GET /api/knowledge
2026-04-21 16:15:01 [http-nio-8085-exec-2] DEBUG org.hibernate.SQL - 
    select
        ka1_0.article_id,
        ka1_0.category_id,
        ka1_0.content,
        ka1_0.created_at,
        ka1_0.created_by,
        ka1_0.deleted,
        ka1_0.solution_id,
        ka1_0.status,
        ka1_0.ticket_id,
        ka1_0.title,
        ka1_0.updated_at,
        ka1_0.version,
        ka1_0.visibility 
    from
        knowledge_articles ka1_0 
    where
        not(ka1_0.deleted) 
    order by
        ka1_0.created_at desc 
    offset
        ? rows 
    fetch
        first ? rows only
2026-04-21 16:21:06 [http-nio-8085-exec-4] DEBUG o.s.security.web.FilterChainProxy - Securing GET /
2026-04-21 16:21:06 [http-nio-8085-exec-4] DEBUG o.s.s.w.a.AnonymousAuthenticationFilter - Set SecurityContextHolder to anonymous SecurityContext
2026-04-21 16:21:06 [http-nio-8085-exec-4] DEBUG o.s.s.w.a.Http403ForbiddenEntryPoint - Pre-authenticated entry point called. Rejecting access
2026-04-21 16:21:06 [http-nio-8085-exec-4] DEBUG o.s.security.web.FilterChainProxy - Securing GET /error
2026-04-21 16:21:06 [http-nio-8085-exec-4] DEBUG o.s.s.w.a.AnonymousAuthenticationFilter - Set SecurityContextHolder to anonymous SecurityContext
2026-04-21 16:21:06 [http-nio-8085-exec-4] DEBUG o.s.s.w.a.Http403ForbiddenEntryPoint - Pre-authenticated entry point called. Rejecting access
2026-04-21 16:27:02 [org.springframework.kafka.KafkaListenerEndpointContainer#2-0-C-1] INFO  o.a.k.c.c.i.ConsumerCoordinator - [Consumer clientId=consumer-knowledge-service-group-1, groupId=knowledge-service-group] Revoke previously assigned partitions ticket.resolved-0
2026-04-21 16:27:02 [org.springframework.kafka.KafkaListenerEndpointContainer#2-0-C-1] INFO  o.s.k.l.KafkaMessageListenerContainer - knowledge-service-group: partitions revoked: [ticket.resolved-0]
2026-04-21 16:27:02 [org.springframework.kafka.KafkaListenerEndpointContainer#2-0-C-1] INFO  o.a.k.c.c.i.ConsumerCoordinator - [Consumer clientId=consumer-knowledge-service-group-1, groupId=knowledge-service-group] Member consumer-knowledge-service-group-1-3435d4e4-ab2a-43b6-9eeb-1f23cc5f4b8d sending LeaveGroup request to coordinator localhost:9092 (id: 2147483646 rack: null) due to the consumer unsubscribed from all topics
2026-04-21 16:27:02 [org.springframework.kafka.KafkaListenerEndpointContainer#1-0-C-1] INFO  o.a.k.c.c.i.ConsumerCoordinator - [Consumer clientId=consumer-knowledge-service-group-3, groupId=knowledge-service-group] Revoke previously assigned partitions solution.approved-2
2026-04-21 16:27:02 [org.springframework.kafka.KafkaListenerEndpointContainer#1-0-C-1] INFO  o.s.k.l.KafkaMessageListenerContainer - knowledge-service-group: partitions revoked: [solution.approved-2]
2026-04-21 16:27:02 [org.springframework.kafka.KafkaListenerEndpointContainer#1-0-C-1] INFO  o.a.k.c.c.i.ConsumerCoordinator - [Consumer clientId=consumer-knowledge-service-group-3, groupId=knowledge-service-group] Member consumer-knowledge-service-group-3-4acec7c6-847f-4d40-b029-449b474a0393 sending LeaveGroup request to coordinator localhost:9092 (id: 2147483646 rack: null) due to the consumer unsubscribed from all topics
2026-04-21 16:27:02 [org.springframework.kafka.KafkaListenerEndpointContainer#1-0-C-1] INFO  o.a.k.c.c.i.ConsumerCoordinator - [Consumer clientId=consumer-knowledge-service-group-3, groupId=knowledge-service-group] Resetting generation and member id due to: consumer pro-actively leaving the group
2026-04-21 16:27:02 [org.springframework.kafka.KafkaListenerEndpointContainer#1-0-C-1] INFO  o.a.k.c.c.i.ConsumerCoordinator - [Consumer clientId=consumer-knowledge-service-group-3, groupId=knowledge-service-group] Request joining group due to: consumer pro-actively leaving the group
2026-04-21 16:27:02 [org.springframework.kafka.KafkaListenerEndpointContainer#1-0-C-1] INFO  o.s.k.c.DefaultKafkaConsumerFactory$ExtendedKafkaConsumer - [Consumer clientId=consumer-knowledge-service-group-3, groupId=knowledge-service-group] Unsubscribed all topics or patterns and assigned partitions
2026-04-21 16:27:02 [org.springframework.kafka.KafkaListenerEndpointContainer#2-0-C-1] INFO  o.a.k.c.c.i.ConsumerCoordinator - [Consumer clientId=consumer-knowledge-service-group-1, groupId=knowledge-service-group] Resetting generation and member id due to: consumer pro-actively leaving the group
2026-04-21 16:27:02 [org.springframework.kafka.KafkaListenerEndpointContainer#2-0-C-1] INFO  o.a.k.c.c.i.ConsumerCoordinator - [Consumer clientId=consumer-knowledge-service-group-1, groupId=knowledge-service-group] Request joining group due to: consumer pro-actively leaving the group
2026-04-21 16:27:02 [org.springframework.kafka.KafkaListenerEndpointContainer#2-0-C-1] INFO  o.s.k.c.DefaultKafkaConsumerFactory$ExtendedKafkaConsumer - [Consumer clientId=consumer-knowledge-service-group-1, groupId=knowledge-service-group] Unsubscribed all topics or patterns and assigned partitions
2026-04-21 16:27:02 [org.springframework.kafka.KafkaListenerEndpointContainer#0-0-C-1] INFO  o.a.k.c.c.i.ConsumerCoordinator - [Consumer clientId=consumer-knowledge-service-group-2, groupId=knowledge-service-group] Revoke previously assigned partitions solution.approved-0, solution.approved-1
2026-04-21 16:27:02 [org.springframework.kafka.KafkaListenerEndpointContainer#0-0-C-1] INFO  o.s.k.l.KafkaMessageListenerContainer - knowledge-service-group: partitions revoked: [solution.approved-0, solution.approved-1]
2026-04-21 16:27:02 [org.springframework.kafka.KafkaListenerEndpointContainer#0-0-C-1] INFO  o.a.k.c.c.i.ConsumerCoordinator - [Consumer clientId=consumer-knowledge-service-group-2, groupId=knowledge-service-group] Member consumer-knowledge-service-group-2-69053887-b629-480b-bbf3-68bb8baa6331 sending LeaveGroup request to coordinator localhost:9092 (id: 2147483646 rack: null) due to the consumer unsubscribed from all topics
2026-04-21 16:27:02 [org.springframework.kafka.KafkaListenerEndpointContainer#2-0-C-1] INFO  o.a.k.c.c.i.ConsumerCoordinator - [Consumer clientId=consumer-knowledge-service-group-1, groupId=knowledge-service-group] Resetting generation and member id due to: consumer pro-actively leaving the group
2026-04-21 16:27:02 [org.springframework.kafka.KafkaListenerEndpointContainer#2-0-C-1] INFO  o.a.k.c.c.i.ConsumerCoordinator - [Consumer clientId=consumer-knowledge-service-group-1, groupId=knowledge-service-group] Request joining group due to: consumer pro-actively leaving the group
2026-04-21 16:27:02 [org.springframework.kafka.KafkaListenerEndpointContainer#1-0-C-1] INFO  o.a.k.c.c.i.ConsumerCoordinator - [Consumer clientId=consumer-knowledge-service-group-3, groupId=knowledge-service-group] Resetting generation and member id due to: consumer pro-actively leaving the group
2026-04-21 16:27:02 [org.springframework.kafka.KafkaListenerEndpointContainer#1-0-C-1] INFO  o.a.k.c.c.i.ConsumerCoordinator - [Consumer clientId=consumer-knowledge-service-group-3, groupId=knowledge-service-group] Request joining group due to: consumer pro-actively leaving the group
2026-04-21 16:27:02 [org.springframework.kafka.KafkaListenerEndpointContainer#0-0-C-1] INFO  o.a.k.c.c.i.ConsumerCoordinator - [Consumer clientId=consumer-knowledge-service-group-2, groupId=knowledge-service-group] Resetting generation and member id due to: consumer pro-actively leaving the group
2026-04-21 16:27:02 [org.springframework.kafka.KafkaListenerEndpointContainer#0-0-C-1] INFO  o.a.k.c.c.i.ConsumerCoordinator - [Consumer clientId=consumer-knowledge-service-group-2, groupId=knowledge-service-group] Request joining group due to: consumer pro-actively leaving the group
2026-04-21 16:27:02 [org.springframework.kafka.KafkaListenerEndpointContainer#0-0-C-1] INFO  o.s.k.c.DefaultKafkaConsumerFactory$ExtendedKafkaConsumer - [Consumer clientId=consumer-knowledge-service-group-2, groupId=knowledge-service-group] Unsubscribed all topics or patterns and assigned partitions
2026-04-21 16:27:02 [org.springframework.kafka.KafkaListenerEndpointContainer#0-0-C-1] INFO  o.a.k.c.c.i.ConsumerCoordinator - [Consumer clientId=consumer-knowledge-service-group-2, groupId=knowledge-service-group] Resetting generation and member id due to: consumer pro-actively leaving the group
2026-04-21 16:27:02 [org.springframework.kafka.KafkaListenerEndpointContainer#0-0-C-1] INFO  o.a.k.c.c.i.ConsumerCoordinator - [Consumer clientId=consumer-knowledge-service-group-2, groupId=knowledge-service-group] Request joining group due to: consumer pro-actively leaving the group
2026-04-21 16:27:02 [org.springframework.kafka.KafkaListenerEndpointContainer#0-0-C-1] INFO  o.a.kafka.common.metrics.Metrics - Metrics scheduler closed
2026-04-21 16:27:02 [org.springframework.kafka.KafkaListenerEndpointContainer#0-0-C-1] INFO  o.a.kafka.common.metrics.Metrics - Closing reporter org.apache.kafka.common.metrics.JmxReporter
2026-04-21 16:27:02 [org.springframework.kafka.KafkaListenerEndpointContainer#0-0-C-1] INFO  o.a.kafka.common.metrics.Metrics - Metrics reporters closed
2026-04-21 16:27:02 [org.springframework.kafka.KafkaListenerEndpointContainer#0-0-C-1] INFO  o.a.kafka.common.utils.AppInfoParser - App info kafka.consumer for consumer-knowledge-service-group-2 unregistered
2026-04-21 16:27:02 [org.springframework.kafka.KafkaListenerEndpointContainer#0-0-C-1] INFO  o.s.k.l.KafkaMessageListenerContainer - knowledge-service-group: Consumer stopped
2026-04-21 16:27:03 [org.springframework.kafka.KafkaListenerEndpointContainer#2-0-C-1] INFO  o.a.kafka.common.metrics.Metrics - Metrics scheduler closed
2026-04-21 16:27:03 [org.springframework.kafka.KafkaListenerEndpointContainer#2-0-C-1] INFO  o.a.kafka.common.metrics.Metrics - Closing reporter org.apache.kafka.common.metrics.JmxReporter
2026-04-21 16:27:03 [org.springframework.kafka.KafkaListenerEndpointContainer#2-0-C-1] INFO  o.a.kafka.common.metrics.Metrics - Metrics reporters closed
2026-04-21 16:27:03 [org.springframework.kafka.KafkaListenerEndpointContainer#2-0-C-1] INFO  o.a.kafka.common.utils.AppInfoParser - App info kafka.consumer for consumer-knowledge-service-group-1 unregistered
2026-04-21 16:27:03 [org.springframework.kafka.KafkaListenerEndpointContainer#2-0-C-1] INFO  o.s.k.l.KafkaMessageListenerContainer - knowledge-service-group: Consumer stopped
2026-04-21 16:27:03 [org.springframework.kafka.KafkaListenerEndpointContainer#1-0-C-1] INFO  o.a.kafka.common.metrics.Metrics - Metrics scheduler closed
2026-04-21 16:27:03 [org.springframework.kafka.KafkaListenerEndpointContainer#1-0-C-1] INFO  o.a.kafka.common.metrics.Metrics - Closing reporter org.apache.kafka.common.metrics.JmxReporter
2026-04-21 16:27:03 [org.springframework.kafka.KafkaListenerEndpointContainer#1-0-C-1] INFO  o.a.kafka.common.metrics.Metrics - Metrics reporters closed
2026-04-21 16:27:03 [org.springframework.kafka.KafkaListenerEndpointContainer#1-0-C-1] INFO  o.a.kafka.common.utils.AppInfoParser - App info kafka.consumer for consumer-knowledge-service-group-3 unregistered
2026-04-21 16:27:03 [org.springframework.kafka.KafkaListenerEndpointContainer#1-0-C-1] INFO  o.s.k.l.KafkaMessageListenerContainer - knowledge-service-group: Consumer stopped
2026-04-21 16:27:03 [SpringApplicationShutdownHook] INFO  o.s.o.j.LocalContainerEntityManagerFactoryBean - Closing JPA EntityManagerFactory for persistence unit 'default'
2026-04-21 16:27:03 [SpringApplicationShutdownHook] INFO  com.zaxxer.hikari.HikariDataSource - HikariPool-1 - Shutdown initiated...
2026-04-21 16:27:03 [SpringApplicationShutdownHook] INFO  com.zaxxer.hikari.HikariDataSource - HikariPool-1 - Shutdown completed.
