2026-05-18 20:25:20 [main] INFO  c.c.n.NotificationServiceApplication - Starting NotificationServiceApplication v0.0.1-SNAPSHOT using Java 21.0.10 with PID 5231 (/Users/abhidhabmellwyn/Downloads/Services/Notification_service/target/notification-service-0.0.1-SNAPSHOT.jar started by abhidhabmellwyn in /Users/abhidhabmellwyn/Downloads/Services/Notification_service)
2026-05-18 20:25:20 [main] DEBUG c.c.n.NotificationServiceApplication - Running with Spring Boot v3.2.4, Spring v6.1.5
2026-05-18 20:25:20 [main] INFO  c.c.n.NotificationServiceApplication - The following 1 profile is active: "local"
2026-05-18 20:25:21 [main] INFO  o.s.d.r.c.RepositoryConfigurationDelegate - Bootstrapping Spring Data JPA repositories in DEFAULT mode.
2026-05-18 20:25:21 [main] INFO  o.s.d.r.c.RepositoryConfigurationDelegate - Finished Spring Data repository scanning in 143 ms. Found 6 JPA repository interfaces.
2026-05-18 20:25:23 [main] INFO  o.s.b.w.e.tomcat.TomcatWebServer - Tomcat initialized with port 8087 (http)
2026-05-18 20:25:23 [main] INFO  o.a.catalina.core.StandardService - Starting service [Tomcat]
2026-05-18 20:25:23 [main] INFO  o.a.catalina.core.StandardEngine - Starting Servlet engine: [Apache Tomcat/10.1.19]
2026-05-18 20:25:23 [main] INFO  o.a.c.c.C.[Tomcat].[localhost].[/] - Initializing Spring embedded WebApplicationContext
2026-05-18 20:25:23 [main] INFO  o.s.b.w.s.c.ServletWebServerApplicationContext - Root WebApplicationContext: initialization completed in 2788 ms
2026-05-18 20:25:23 [main] DEBUG c.c.n.i.s.JwtAuthenticationFilter - Filter 'jwtAuthenticationFilter' configured for use
2026-05-18 20:25:23 [main] INFO  o.h.jpa.internal.util.LogHelper - HHH000204: Processing PersistenceUnitInfo [name: default]
2026-05-18 20:25:23 [main] INFO  org.hibernate.Version - HHH000412: Hibernate ORM core version 6.4.4.Final
2026-05-18 20:25:23 [main] INFO  o.h.c.i.RegionFactoryInitiator - HHH000026: Second-level cache disabled
2026-05-18 20:25:23 [main] INFO  o.s.o.j.p.SpringPersistenceUnitInfo - No LoadTimeWeaver setup: ignoring JPA class transformer
2026-05-18 20:25:23 [main] INFO  com.zaxxer.hikari.HikariDataSource - HikariPool-1 - Starting...
2026-05-18 20:25:24 [main] INFO  com.zaxxer.hikari.pool.HikariPool - HikariPool-1 - Added connection org.postgresql.jdbc.PgConnection@76d0a290
2026-05-18 20:25:24 [main] INFO  com.zaxxer.hikari.HikariDataSource - HikariPool-1 - Start completed.
2026-05-18 20:25:24 [main] WARN  org.hibernate.orm.deprecation - HHH90000025: PostgreSQLDialect does not need to be specified explicitly using 'hibernate.dialect' (remove the property setting and it will be selected by default)
2026-05-18 20:25:24 [main] INFO  o.h.e.t.j.p.i.JtaPlatformInitiator - HHH000489: No JTA platform available (set 'hibernate.transaction.jta.platform' to enable JTA platform integration)
2026-05-18 20:25:25 [main] INFO  o.s.o.j.LocalContainerEntityManagerFactoryBean - Initialized JPA EntityManagerFactory for persistence unit 'default'
2026-05-18 20:25:25 [main] INFO  o.s.d.j.r.query.QueryEnhancerFactory - Hibernate is in classpath; If applicable, HQL parser will be used.
2026-05-18 20:25:26 [main] WARN  o.s.b.a.o.j.JpaBaseConfiguration$JpaWebConfiguration - spring.jpa.open-in-view is enabled by default. Therefore, database queries may be performed during view rendering. Explicitly configure spring.jpa.open-in-view to disable this warning
2026-05-18 20:25:26 [main] WARN  o.s.b.a.s.s.UserDetailsServiceAutoConfiguration - 

Using generated security password: 499668ee-8e80-49eb-bde6-d0bf7cf7b724

This generated password is for development use only. Your security configuration must be updated before running your application in production.

2026-05-18 20:25:27 [main] INFO  o.s.b.a.e.web.EndpointLinksResolver - Exposing 3 endpoint(s) beneath base path '/actuator'
2026-05-18 20:25:27 [main] INFO  o.s.s.web.DefaultSecurityFilterChain - Will secure any request with [org.springframework.security.web.session.DisableEncodeUrlFilter@7a76e1b9, org.springframework.security.web.context.request.async.WebAsyncManagerIntegrationFilter@5708b827, org.springframework.security.web.context.SecurityContextHolderFilter@5b6b14a6, org.springframework.security.web.header.HeaderWriterFilter@262d72a, org.springframework.web.filter.CorsFilter@70f0a3a3, org.springframework.security.web.authentication.logout.LogoutFilter@3f3e21d7, com.cognizant.notificationservice.infrastructure.security.JwtAuthenticationFilter@16cf7fd0, org.springframework.security.web.savedrequest.RequestCacheAwareFilter@61dcf21f, org.springframework.security.web.servletapi.SecurityContextHolderAwareRequestFilter@c94f221, org.springframework.security.web.authentication.AnonymousAuthenticationFilter@4b16671e, org.springframework.security.web.session.SessionManagementFilter@32e2d117, org.springframework.security.web.access.ExceptionTranslationFilter@6f20adb6, org.springframework.security.web.access.intercept.AuthorizationFilter@9edb372]
2026-05-18 20:25:27 [main] INFO  o.s.b.w.e.tomcat.TomcatWebServer - Tomcat started on port 8087 (http) with context path ''
2026-05-18 20:25:27 [main] INFO  o.a.k.c.consumer.ConsumerConfig - ConsumerConfig values: 
	allow.auto.create.topics = true
	auto.commit.interval.ms = 5000
	auto.include.jmx.reporter = true
	auto.offset.reset = earliest
	bootstrap.servers = [localhost:9092]
	check.crcs = true
	client.dns.lookup = use_all_dns_ips
	client.id = consumer-notification-service-group-1
	client.rack = 
	connections.max.idle.ms = 540000
	default.api.timeout.ms = 60000
	enable.auto.commit = false
	exclude.internal.topics = true
	fetch.max.bytes = 52428800
	fetch.max.wait.ms = 500
	fetch.min.bytes = 1
	group.id = notification-service-group
	group.instance.id = null
	heartbeat.interval.ms = 3000
	interceptor.classes = []
	internal.leave.group.on.close = true
	internal.throw.on.fetch.stable.offset.unsupported = false
	isolation.level = read_uncommitted
	key.deserializer = class org.apache.kafka.common.serialization.StringDeserializer
	max.partition.fetch.bytes = 1048576
	max.poll.interval.ms = 300000
	max.poll.records = 500
	metadata.max.age.ms = 300000
	metric.reporters = []
	metrics.num.samples = 2
	metrics.recording.level = INFO
	metrics.sample.window.ms = 30000
	partition.assignment.strategy = [class org.apache.kafka.clients.consumer.RangeAssignor, class org.apache.kafka.clients.consumer.CooperativeStickyAssignor]
	receive.buffer.bytes = 65536
	reconnect.backoff.max.ms = 1000
	reconnect.backoff.ms = 50
	request.timeout.ms = 30000
	retry.backoff.ms = 100
	sasl.client.callback.handler.class = null
	sasl.jaas.config = null
	sasl.kerberos.kinit.cmd = /usr/bin/kinit
	sasl.kerberos.min.time.before.relogin = 60000
	sasl.kerberos.service.name = null
	sasl.kerberos.ticket.renew.jitter = 0.05
	sasl.kerberos.ticket.renew.window.factor = 0.8
	sasl.login.callback.handler.class = null
	sasl.login.class = null
	sasl.login.connect.timeout.ms = null
	sasl.login.read.timeout.ms = null
	sasl.login.refresh.buffer.seconds = 300
	sasl.login.refresh.min.period.seconds = 60
	sasl.login.refresh.window.factor = 0.8
	sasl.login.refresh.window.jitter = 0.05
	sasl.login.retry.backoff.max.ms = 10000
	sasl.login.retry.backoff.ms = 100
	sasl.mechanism = GSSAPI
	sasl.oauthbearer.clock.skew.seconds = 30
	sasl.oauthbearer.expected.audience = null
	sasl.oauthbearer.expected.issuer = null
	sasl.oauthbearer.jwks.endpoint.refresh.ms = 3600000
	sasl.oauthbearer.jwks.endpoint.retry.backoff.max.ms = 10000
	sasl.oauthbearer.jwks.endpoint.retry.backoff.ms = 100
	sasl.oauthbearer.jwks.endpoint.url = null
	sasl.oauthbearer.scope.claim.name = scope
	sasl.oauthbearer.sub.claim.name = sub
	sasl.oauthbearer.token.endpoint.url = null
	security.protocol = PLAINTEXT
	security.providers = null
	send.buffer.bytes = 131072
	session.timeout.ms = 45000
	socket.connection.setup.timeout.max.ms = 30000
	socket.connection.setup.timeout.ms = 10000
	ssl.cipher.suites = null
	ssl.enabled.protocols = [TLSv1.2, TLSv1.3]
	ssl.endpoint.identification.algorithm = https
	ssl.engine.factory.class = null
	ssl.key.password = null
	ssl.keymanager.algorithm = SunX509
	ssl.keystore.certificate.chain = null
	ssl.keystore.key = null
	ssl.keystore.location = null
	ssl.keystore.password = null
	ssl.keystore.type = JKS
	ssl.protocol = TLSv1.3
	ssl.provider = null
	ssl.secure.random.implementation = null
	ssl.trustmanager.algorithm = PKIX
	ssl.truststore.certificates = null
	ssl.truststore.location = null
	ssl.truststore.password = null
	ssl.truststore.type = JKS
	value.deserializer = class org.springframework.kafka.support.serializer.ErrorHandlingDeserializer

2026-05-18 20:25:27 [main] INFO  o.a.kafka.common.utils.AppInfoParser - Kafka version: 3.6.1
2026-05-18 20:25:27 [main] INFO  o.a.kafka.common.utils.AppInfoParser - Kafka commitId: 5e3c2b738d253ff5
2026-05-18 20:25:27 [main] INFO  o.a.kafka.common.utils.AppInfoParser - Kafka startTimeMs: 1779116127852
2026-05-18 20:25:27 [main] INFO  o.s.k.c.DefaultKafkaConsumerFactory$ExtendedKafkaConsumer - [Consumer clientId=consumer-notification-service-group-1, groupId=notification-service-group] Subscribed to topic(s): solution.rejected
2026-05-18 20:25:27 [main] INFO  o.a.k.c.consumer.ConsumerConfig - ConsumerConfig values: 
	allow.auto.create.topics = true
	auto.commit.interval.ms = 5000
	auto.include.jmx.reporter = true
	auto.offset.reset = earliest
	bootstrap.servers = [localhost:9092]
	check.crcs = true
	client.dns.lookup = use_all_dns_ips
	client.id = consumer-notification-service-group-2
	client.rack = 
	connections.max.idle.ms = 540000
	default.api.timeout.ms = 60000
	enable.auto.commit = false
	exclude.internal.topics = true
	fetch.max.bytes = 52428800
	fetch.max.wait.ms = 500
	fetch.min.bytes = 1
	group.id = notification-service-group
	group.instance.id = null
	heartbeat.interval.ms = 3000
	interceptor.classes = []
	internal.leave.group.on.close = true
	internal.throw.on.fetch.stable.offset.unsupported = false
	isolation.level = read_uncommitted
	key.deserializer = class org.apache.kafka.common.serialization.StringDeserializer
	max.partition.fetch.bytes = 1048576
	max.poll.interval.ms = 300000
	max.poll.records = 500
	metadata.max.age.ms = 300000
	metric.reporters = []
	metrics.num.samples = 2
	metrics.recording.level = INFO
	metrics.sample.window.ms = 30000
	partition.assignment.strategy = [class org.apache.kafka.clients.consumer.RangeAssignor, class org.apache.kafka.clients.consumer.CooperativeStickyAssignor]
	receive.buffer.bytes = 65536
	reconnect.backoff.max.ms = 1000
	reconnect.backoff.ms = 50
	request.timeout.ms = 30000
	retry.backoff.ms = 100
	sasl.client.callback.handler.class = null
	sasl.jaas.config = null
	sasl.kerberos.kinit.cmd = /usr/bin/kinit
	sasl.kerberos.min.time.before.relogin = 60000
	sasl.kerberos.service.name = null
	sasl.kerberos.ticket.renew.jitter = 0.05
	sasl.kerberos.ticket.renew.window.factor = 0.8
	sasl.login.callback.handler.class = null
	sasl.login.class = null
	sasl.login.connect.timeout.ms = null
	sasl.login.read.timeout.ms = null
	sasl.login.refresh.buffer.seconds = 300
	sasl.login.refresh.min.period.seconds = 60
	sasl.login.refresh.window.factor = 0.8
	sasl.login.refresh.window.jitter = 0.05
	sasl.login.retry.backoff.max.ms = 10000
	sasl.login.retry.backoff.ms = 100
	sasl.mechanism = GSSAPI
	sasl.oauthbearer.clock.skew.seconds = 30
	sasl.oauthbearer.expected.audience = null
	sasl.oauthbearer.expected.issuer = null
	sasl.oauthbearer.jwks.endpoint.refresh.ms = 3600000
	sasl.oauthbearer.jwks.endpoint.retry.backoff.max.ms = 10000
	sasl.oauthbearer.jwks.endpoint.retry.backoff.ms = 100
	sasl.oauthbearer.jwks.endpoint.url = null
	sasl.oauthbearer.scope.claim.name = scope
	sasl.oauthbearer.sub.claim.name = sub
	sasl.oauthbearer.token.endpoint.url = null
	security.protocol = PLAINTEXT
	security.providers = null
	send.buffer.bytes = 131072
	session.timeout.ms = 45000
	socket.connection.setup.timeout.max.ms = 30000
	socket.connection.setup.timeout.ms = 10000
	ssl.cipher.suites = null
	ssl.enabled.protocols = [TLSv1.2, TLSv1.3]
	ssl.endpoint.identification.algorithm = https
	ssl.engine.factory.class = null
	ssl.key.password = null
	ssl.keymanager.algorithm = SunX509
	ssl.keystore.certificate.chain = null
	ssl.keystore.key = null
	ssl.keystore.location = null
	ssl.keystore.password = null
	ssl.keystore.type = JKS
	ssl.protocol = TLSv1.3
	ssl.provider = null
	ssl.secure.random.implementation = null
	ssl.trustmanager.algorithm = PKIX
	ssl.truststore.certificates = null
	ssl.truststore.location = null
	ssl.truststore.password = null
	ssl.truststore.type = JKS
	value.deserializer = class org.springframework.kafka.support.serializer.ErrorHandlingDeserializer

2026-05-18 20:25:27 [main] INFO  o.a.kafka.common.utils.AppInfoParser - Kafka version: 3.6.1
2026-05-18 20:25:27 [main] INFO  o.a.kafka.common.utils.AppInfoParser - Kafka commitId: 5e3c2b738d253ff5
2026-05-18 20:25:27 [main] INFO  o.a.kafka.common.utils.AppInfoParser - Kafka startTimeMs: 1779116127868
2026-05-18 20:25:27 [main] INFO  o.s.k.c.DefaultKafkaConsumerFactory$ExtendedKafkaConsumer - [Consumer clientId=consumer-notification-service-group-2, groupId=notification-service-group] Subscribed to topic(s): solution.rejected
2026-05-18 20:25:27 [main] INFO  o.a.k.c.consumer.ConsumerConfig - ConsumerConfig values: 
	allow.auto.create.topics = true
	auto.commit.interval.ms = 5000
	auto.include.jmx.reporter = true
	auto.offset.reset = earliest
	bootstrap.servers = [localhost:9092]
	check.crcs = true
	client.dns.lookup = use_all_dns_ips
	client.id = consumer-notification-service-group-3
	client.rack = 
	connections.max.idle.ms = 540000
	default.api.timeout.ms = 60000
	enable.auto.commit = false
	exclude.internal.topics = true
	fetch.max.bytes = 52428800
	fetch.max.wait.ms = 500
	fetch.min.bytes = 1
	group.id = notification-service-group
	group.instance.id = null
	heartbeat.interval.ms = 3000
	interceptor.classes = []
	internal.leave.group.on.close = true
	internal.throw.on.fetch.stable.offset.unsupported = false
	isolation.level = read_uncommitted
	key.deserializer = class org.apache.kafka.common.serialization.StringDeserializer
	max.partition.fetch.bytes = 1048576
	max.poll.interval.ms = 300000
	max.poll.records = 500
	metadata.max.age.ms = 300000
	metric.reporters = []
	metrics.num.samples = 2
	metrics.recording.level = INFO
	metrics.sample.window.ms = 30000
	partition.assignment.strategy = [class org.apache.kafka.clients.consumer.RangeAssignor, class org.apache.kafka.clients.consumer.CooperativeStickyAssignor]
	receive.buffer.bytes = 65536
	reconnect.backoff.max.ms = 1000
	reconnect.backoff.ms = 50
	request.timeout.ms = 30000
	retry.backoff.ms = 100
	sasl.client.callback.handler.class = null
	sasl.jaas.config = null
	sasl.kerberos.kinit.cmd = /usr/bin/kinit
	sasl.kerberos.min.time.before.relogin = 60000
	sasl.kerberos.service.name = null
	sasl.kerberos.ticket.renew.jitter = 0.05
	sasl.kerberos.ticket.renew.window.factor = 0.8
	sasl.login.callback.handler.class = null
	sasl.login.class = null
	sasl.login.connect.timeout.ms = null
	sasl.login.read.timeout.ms = null
	sasl.login.refresh.buffer.seconds = 300
	sasl.login.refresh.min.period.seconds = 60
	sasl.login.refresh.window.factor = 0.8
	sasl.login.refresh.window.jitter = 0.05
	sasl.login.retry.backoff.max.ms = 10000
	sasl.login.retry.backoff.ms = 100
	sasl.mechanism = GSSAPI
	sasl.oauthbearer.clock.skew.seconds = 30
	sasl.oauthbearer.expected.audience = null
	sasl.oauthbearer.expected.issuer = null
	sasl.oauthbearer.jwks.endpoint.refresh.ms = 3600000
	sasl.oauthbearer.jwks.endpoint.retry.backoff.max.ms = 10000
	sasl.oauthbearer.jwks.endpoint.retry.backoff.ms = 100
	sasl.oauthbearer.jwks.endpoint.url = null
	sasl.oauthbearer.scope.claim.name = scope
	sasl.oauthbearer.sub.claim.name = sub
	sasl.oauthbearer.token.endpoint.url = null
	security.protocol = PLAINTEXT
	security.providers = null
	send.buffer.bytes = 131072
	session.timeout.ms = 45000
	socket.connection.setup.timeout.max.ms = 30000
	socket.connection.setup.timeout.ms = 10000
	ssl.cipher.suites = null
	ssl.enabled.protocols = [TLSv1.2, TLSv1.3]
	ssl.endpoint.identification.algorithm = https
	ssl.engine.factory.class = null
	ssl.key.password = null
	ssl.keymanager.algorithm = SunX509
	ssl.keystore.certificate.chain = null
	ssl.keystore.key = null
	ssl.keystore.location = null
	ssl.keystore.password = null
	ssl.keystore.type = JKS
	ssl.protocol = TLSv1.3
	ssl.provider = null
	ssl.secure.random.implementation = null
	ssl.trustmanager.algorithm = PKIX
	ssl.truststore.certificates = null
	ssl.truststore.location = null
	ssl.truststore.password = null
	ssl.truststore.type = JKS
	value.deserializer = class org.springframework.kafka.support.serializer.ErrorHandlingDeserializer

2026-05-18 20:25:27 [main] INFO  o.a.kafka.common.utils.AppInfoParser - Kafka version: 3.6.1
2026-05-18 20:25:27 [main] INFO  o.a.kafka.common.utils.AppInfoParser - Kafka commitId: 5e3c2b738d253ff5
2026-05-18 20:25:27 [main] INFO  o.a.kafka.common.utils.AppInfoParser - Kafka startTimeMs: 1779116127876
2026-05-18 20:25:27 [main] INFO  o.s.k.c.DefaultKafkaConsumerFactory$ExtendedKafkaConsumer - [Consumer clientId=consumer-notification-service-group-3, groupId=notification-service-group] Subscribed to topic(s): solution.rejected
2026-05-18 20:25:27 [main] INFO  o.a.k.c.consumer.ConsumerConfig - ConsumerConfig values: 
	allow.auto.create.topics = true
	auto.commit.interval.ms = 5000
	auto.include.jmx.reporter = true
	auto.offset.reset = earliest
	bootstrap.servers = [localhost:9092]
	check.crcs = true
	client.dns.lookup = use_all_dns_ips
	client.id = consumer-notification-service-group-4
	client.rack = 
	connections.max.idle.ms = 540000
	default.api.timeout.ms = 60000
	enable.auto.commit = false
	exclude.internal.topics = true
	fetch.max.bytes = 52428800
	fetch.max.wait.ms = 500
	fetch.min.bytes = 1
	group.id = notification-service-group
	group.instance.id = null
	heartbeat.interval.ms = 3000
	interceptor.classes = []
	internal.leave.group.on.close = true
	internal.throw.on.fetch.stable.offset.unsupported = false
	isolation.level = read_uncommitted
	key.deserializer = class org.apache.kafka.common.serialization.StringDeserializer
	max.partition.fetch.bytes = 1048576
	max.poll.interval.ms = 300000
	max.poll.records = 500
	metadata.max.age.ms = 300000
	metric.reporters = []
	metrics.num.samples = 2
	metrics.recording.level = INFO
	metrics.sample.window.ms = 30000
	partition.assignment.strategy = [class org.apache.kafka.clients.consumer.RangeAssignor, class org.apache.kafka.clients.consumer.CooperativeStickyAssignor]
	receive.buffer.bytes = 65536
	reconnect.backoff.max.ms = 1000
	reconnect.backoff.ms = 50
	request.timeout.ms = 30000
	retry.backoff.ms = 100
	sasl.client.callback.handler.class = null
	sasl.jaas.config = null
	sasl.kerberos.kinit.cmd = /usr/bin/kinit
	sasl.kerberos.min.time.before.relogin = 60000
	sasl.kerberos.service.name = null
	sasl.kerberos.ticket.renew.jitter = 0.05
	sasl.kerberos.ticket.renew.window.factor = 0.8
	sasl.login.callback.handler.class = null
	sasl.login.class = null
	sasl.login.connect.timeout.ms = null
	sasl.login.read.timeout.ms = null
	sasl.login.refresh.buffer.seconds = 300
	sasl.login.refresh.min.period.seconds = 60
	sasl.login.refresh.window.factor = 0.8
	sasl.login.refresh.window.jitter = 0.05
	sasl.login.retry.backoff.max.ms = 10000
	sasl.login.retry.backoff.ms = 100
	sasl.mechanism = GSSAPI
	sasl.oauthbearer.clock.skew.seconds = 30
	sasl.oauthbearer.expected.audience = null
	sasl.oauthbearer.expected.issuer = null
	sasl.oauthbearer.jwks.endpoint.refresh.ms = 3600000
	sasl.oauthbearer.jwks.endpoint.retry.backoff.max.ms = 10000
	sasl.oauthbearer.jwks.endpoint.retry.backoff.ms = 100
	sasl.oauthbearer.jwks.endpoint.url = null
	sasl.oauthbearer.scope.claim.name = scope
	sasl.oauthbearer.sub.claim.name = sub
	sasl.oauthbearer.token.endpoint.url = null
	security.protocol = PLAINTEXT
	security.providers = null
	send.buffer.bytes = 131072
	session.timeout.ms = 45000
	socket.connection.setup.timeout.max.ms = 30000
	socket.connection.setup.timeout.ms = 10000
	ssl.cipher.suites = null
	ssl.enabled.protocols = [TLSv1.2, TLSv1.3]
	ssl.endpoint.identification.algorithm = https
	ssl.engine.factory.class = null
	ssl.key.password = null
	ssl.keymanager.algorithm = SunX509
	ssl.keystore.certificate.chain = null
	ssl.keystore.key = null
	ssl.keystore.location = null
	ssl.keystore.password = null
	ssl.keystore.type = JKS
	ssl.protocol = TLSv1.3
	ssl.provider = null
	ssl.secure.random.implementation = null
	ssl.trustmanager.algorithm = PKIX
	ssl.truststore.certificates = null
	ssl.truststore.location = null
	ssl.truststore.password = null
	ssl.truststore.type = JKS
	value.deserializer = class org.springframework.kafka.support.serializer.ErrorHandlingDeserializer

2026-05-18 20:25:27 [main] INFO  o.a.kafka.common.utils.AppInfoParser - Kafka version: 3.6.1
2026-05-18 20:25:27 [main] INFO  o.a.kafka.common.utils.AppInfoParser - Kafka commitId: 5e3c2b738d253ff5
2026-05-18 20:25:27 [main] INFO  o.a.kafka.common.utils.AppInfoParser - Kafka startTimeMs: 1779116127884
2026-05-18 20:25:27 [main] INFO  o.s.k.c.DefaultKafkaConsumerFactory$ExtendedKafkaConsumer - [Consumer clientId=consumer-notification-service-group-4, groupId=notification-service-group] Subscribed to topic(s): solution.submitted
2026-05-18 20:25:27 [main] INFO  o.a.k.c.consumer.ConsumerConfig - ConsumerConfig values: 
	allow.auto.create.topics = true
	auto.commit.interval.ms = 5000
	auto.include.jmx.reporter = true
	auto.offset.reset = earliest
	bootstrap.servers = [localhost:9092]
	check.crcs = true
	client.dns.lookup = use_all_dns_ips
	client.id = consumer-notification-service-group-5
	client.rack = 
	connections.max.idle.ms = 540000
	default.api.timeout.ms = 60000
	enable.auto.commit = false
	exclude.internal.topics = true
	fetch.max.bytes = 52428800
	fetch.max.wait.ms = 500
	fetch.min.bytes = 1
	group.id = notification-service-group
	group.instance.id = null
	heartbeat.interval.ms = 3000
	interceptor.classes = []
	internal.leave.group.on.close = true
	internal.throw.on.fetch.stable.offset.unsupported = false
	isolation.level = read_uncommitted
	key.deserializer = class org.apache.kafka.common.serialization.StringDeserializer
	max.partition.fetch.bytes = 1048576
	max.poll.interval.ms = 300000
	max.poll.records = 500
	metadata.max.age.ms = 300000
	metric.reporters = []
	metrics.num.samples = 2
	metrics.recording.level = INFO
	metrics.sample.window.ms = 30000
	partition.assignment.strategy = [class org.apache.kafka.clients.consumer.RangeAssignor, class org.apache.kafka.clients.consumer.CooperativeStickyAssignor]
	receive.buffer.bytes = 65536
	reconnect.backoff.max.ms = 1000
	reconnect.backoff.ms = 50
	request.timeout.ms = 30000
	retry.backoff.ms = 100
	sasl.client.callback.handler.class = null
	sasl.jaas.config = null
	sasl.kerberos.kinit.cmd = /usr/bin/kinit
	sasl.kerberos.min.time.before.relogin = 60000
	sasl.kerberos.service.name = null
	sasl.kerberos.ticket.renew.jitter = 0.05
	sasl.kerberos.ticket.renew.window.factor = 0.8
	sasl.login.callback.handler.class = null
	sasl.login.class = null
	sasl.login.connect.timeout.ms = null
	sasl.login.read.timeout.ms = null
	sasl.login.refresh.buffer.seconds = 300
	sasl.login.refresh.min.period.seconds = 60
	sasl.login.refresh.window.factor = 0.8
	sasl.login.refresh.window.jitter = 0.05
	sasl.login.retry.backoff.max.ms = 10000
	sasl.login.retry.backoff.ms = 100
	sasl.mechanism = GSSAPI
	sasl.oauthbearer.clock.skew.seconds = 30
	sasl.oauthbearer.expected.audience = null
	sasl.oauthbearer.expected.issuer = null
	sasl.oauthbearer.jwks.endpoint.refresh.ms = 3600000
	sasl.oauthbearer.jwks.endpoint.retry.backoff.max.ms = 10000
	sasl.oauthbearer.jwks.endpoint.retry.backoff.ms = 100
	sasl.oauthbearer.jwks.endpoint.url = null
	sasl.oauthbearer.scope.claim.name = scope
	sasl.oauthbearer.sub.claim.name = sub
	sasl.oauthbearer.token.endpoint.url = null
	security.protocol = PLAINTEXT
	security.providers = null
	send.buffer.bytes = 131072
	session.timeout.ms = 45000
	socket.connection.setup.timeout.max.ms = 30000
	socket.connection.setup.timeout.ms = 10000
	ssl.cipher.suites = null
	ssl.enabled.protocols = [TLSv1.2, TLSv1.3]
	ssl.endpoint.identification.algorithm = https
	ssl.engine.factory.class = null
	ssl.key.password = null
	ssl.keymanager.algorithm = SunX509
	ssl.keystore.certificate.chain = null
	ssl.keystore.key = null
	ssl.keystore.location = null
	ssl.keystore.password = null
	ssl.keystore.type = JKS
	ssl.protocol = TLSv1.3
	ssl.provider = null
	ssl.secure.random.implementation = null
	ssl.trustmanager.algorithm = PKIX
	ssl.truststore.certificates = null
	ssl.truststore.location = null
	ssl.truststore.password = null
	ssl.truststore.type = JKS
	value.deserializer = class org.springframework.kafka.support.serializer.ErrorHandlingDeserializer

2026-05-18 20:25:27 [main] INFO  o.a.kafka.common.utils.AppInfoParser - Kafka version: 3.6.1
2026-05-18 20:25:27 [main] INFO  o.a.kafka.common.utils.AppInfoParser - Kafka commitId: 5e3c2b738d253ff5
2026-05-18 20:25:27 [main] INFO  o.a.kafka.common.utils.AppInfoParser - Kafka startTimeMs: 1779116127889
2026-05-18 20:25:27 [main] INFO  o.s.k.c.DefaultKafkaConsumerFactory$ExtendedKafkaConsumer - [Consumer clientId=consumer-notification-service-group-5, groupId=notification-service-group] Subscribed to topic(s): solution.submitted
2026-05-18 20:25:27 [main] INFO  o.a.k.c.consumer.ConsumerConfig - ConsumerConfig values: 
	allow.auto.create.topics = true
	auto.commit.interval.ms = 5000
	auto.include.jmx.reporter = true
	auto.offset.reset = earliest
	bootstrap.servers = [localhost:9092]
	check.crcs = true
	client.dns.lookup = use_all_dns_ips
	client.id = consumer-notification-service-group-6
	client.rack = 
	connections.max.idle.ms = 540000
	default.api.timeout.ms = 60000
	enable.auto.commit = false
	exclude.internal.topics = true
	fetch.max.bytes = 52428800
	fetch.max.wait.ms = 500
	fetch.min.bytes = 1
	group.id = notification-service-group
	group.instance.id = null
	heartbeat.interval.ms = 3000
	interceptor.classes = []
	internal.leave.group.on.close = true
	internal.throw.on.fetch.stable.offset.unsupported = false
	isolation.level = read_uncommitted
	key.deserializer = class org.apache.kafka.common.serialization.StringDeserializer
	max.partition.fetch.bytes = 1048576
	max.poll.interval.ms = 300000
	max.poll.records = 500
	metadata.max.age.ms = 300000
	metric.reporters = []
	metrics.num.samples = 2
	metrics.recording.level = INFO
	metrics.sample.window.ms = 30000
	partition.assignment.strategy = [class org.apache.kafka.clients.consumer.RangeAssignor, class org.apache.kafka.clients.consumer.CooperativeStickyAssignor]
	receive.buffer.bytes = 65536
	reconnect.backoff.max.ms = 1000
	reconnect.backoff.ms = 50
	request.timeout.ms = 30000
	retry.backoff.ms = 100
	sasl.client.callback.handler.class = null
	sasl.jaas.config = null
	sasl.kerberos.kinit.cmd = /usr/bin/kinit
	sasl.kerberos.min.time.before.relogin = 60000
	sasl.kerberos.service.name = null
	sasl.kerberos.ticket.renew.jitter = 0.05
	sasl.kerberos.ticket.renew.window.factor = 0.8
	sasl.login.callback.handler.class = null
	sasl.login.class = null
	sasl.login.connect.timeout.ms = null
	sasl.login.read.timeout.ms = null
	sasl.login.refresh.buffer.seconds = 300
	sasl.login.refresh.min.period.seconds = 60
	sasl.login.refresh.window.factor = 0.8
	sasl.login.refresh.window.jitter = 0.05
	sasl.login.retry.backoff.max.ms = 10000
	sasl.login.retry.backoff.ms = 100
	sasl.mechanism = GSSAPI
	sasl.oauthbearer.clock.skew.seconds = 30
	sasl.oauthbearer.expected.audience = null
	sasl.oauthbearer.expected.issuer = null
	sasl.oauthbearer.jwks.endpoint.refresh.ms = 3600000
	sasl.oauthbearer.jwks.endpoint.retry.backoff.max.ms = 10000
	sasl.oauthbearer.jwks.endpoint.retry.backoff.ms = 100
	sasl.oauthbearer.jwks.endpoint.url = null
	sasl.oauthbearer.scope.claim.name = scope
	sasl.oauthbearer.sub.claim.name = sub
	sasl.oauthbearer.token.endpoint.url = null
	security.protocol = PLAINTEXT
	security.providers = null
	send.buffer.bytes = 131072
	session.timeout.ms = 45000
	socket.connection.setup.timeout.max.ms = 30000
	socket.connection.setup.timeout.ms = 10000
	ssl.cipher.suites = null
	ssl.enabled.protocols = [TLSv1.2, TLSv1.3]
	ssl.endpoint.identification.algorithm = https
	ssl.engine.factory.class = null
	ssl.key.password = null
	ssl.keymanager.algorithm = SunX509
	ssl.keystore.certificate.chain = null
	ssl.keystore.key = null
	ssl.keystore.location = null
	ssl.keystore.password = null
	ssl.keystore.type = JKS
	ssl.protocol = TLSv1.3
	ssl.provider = null
	ssl.secure.random.implementation = null
	ssl.trustmanager.algorithm = PKIX
	ssl.truststore.certificates = null
	ssl.truststore.location = null
	ssl.truststore.password = null
	ssl.truststore.type = JKS
	value.deserializer = class org.springframework.kafka.support.serializer.ErrorHandlingDeserializer

2026-05-18 20:25:27 [main] INFO  o.a.kafka.common.utils.AppInfoParser - Kafka version: 3.6.1
2026-05-18 20:25:27 [main] INFO  o.a.kafka.common.utils.AppInfoParser - Kafka commitId: 5e3c2b738d253ff5
2026-05-18 20:25:27 [main] INFO  o.a.kafka.common.utils.AppInfoParser - Kafka startTimeMs: 1779116127894
2026-05-18 20:25:27 [main] INFO  o.s.k.c.DefaultKafkaConsumerFactory$ExtendedKafkaConsumer - [Consumer clientId=consumer-notification-service-group-6, groupId=notification-service-group] Subscribed to topic(s): solution.submitted
2026-05-18 20:25:27 [main] INFO  o.a.k.c.consumer.ConsumerConfig - ConsumerConfig values: 
	allow.auto.create.topics = true
	auto.commit.interval.ms = 5000
	auto.include.jmx.reporter = true
	auto.offset.reset = earliest
	bootstrap.servers = [localhost:9092]
	check.crcs = true
	client.dns.lookup = use_all_dns_ips
	client.id = consumer-notification-service-group-7
	client.rack = 
	connections.max.idle.ms = 540000
	default.api.timeout.ms = 60000
	enable.auto.commit = false
	exclude.internal.topics = true
	fetch.max.bytes = 52428800
	fetch.max.wait.ms = 500
	fetch.min.bytes = 1
	group.id = notification-service-group
	group.instance.id = null
	heartbeat.interval.ms = 3000
	interceptor.classes = []
	internal.leave.group.on.close = true
	internal.throw.on.fetch.stable.offset.unsupported = false
	isolation.level = read_uncommitted
	key.deserializer = class org.apache.kafka.common.serialization.StringDeserializer
	max.partition.fetch.bytes = 1048576
	max.poll.interval.ms = 300000
	max.poll.records = 500
	metadata.max.age.ms = 300000
	metric.reporters = []
	metrics.num.samples = 2
	metrics.recording.level = INFO
	metrics.sample.window.ms = 30000
	partition.assignment.strategy = [class org.apache.kafka.clients.consumer.RangeAssignor, class org.apache.kafka.clients.consumer.CooperativeStickyAssignor]
	receive.buffer.bytes = 65536
	reconnect.backoff.max.ms = 1000
	reconnect.backoff.ms = 50
	request.timeout.ms = 30000
	retry.backoff.ms = 100
	sasl.client.callback.handler.class = null
	sasl.jaas.config = null
	sasl.kerberos.kinit.cmd = /usr/bin/kinit
	sasl.kerberos.min.time.before.relogin = 60000
	sasl.kerberos.service.name = null
	sasl.kerberos.ticket.renew.jitter = 0.05
	sasl.kerberos.ticket.renew.window.factor = 0.8
	sasl.login.callback.handler.class = null
	sasl.login.class = null
	sasl.login.connect.timeout.ms = null
	sasl.login.read.timeout.ms = null
	sasl.login.refresh.buffer.seconds = 300
	sasl.login.refresh.min.period.seconds = 60
	sasl.login.refresh.window.factor = 0.8
	sasl.login.refresh.window.jitter = 0.05
	sasl.login.retry.backoff.max.ms = 10000
	sasl.login.retry.backoff.ms = 100
	sasl.mechanism = GSSAPI
	sasl.oauthbearer.clock.skew.seconds = 30
	sasl.oauthbearer.expected.audience = null
	sasl.oauthbearer.expected.issuer = null
	sasl.oauthbearer.jwks.endpoint.refresh.ms = 3600000
	sasl.oauthbearer.jwks.endpoint.retry.backoff.max.ms = 10000
	sasl.oauthbearer.jwks.endpoint.retry.backoff.ms = 100
	sasl.oauthbearer.jwks.endpoint.url = null
	sasl.oauthbearer.scope.claim.name = scope
	sasl.oauthbearer.sub.claim.name = sub
	sasl.oauthbearer.token.endpoint.url = null
	security.protocol = PLAINTEXT
	security.providers = null
	send.buffer.bytes = 131072
	session.timeout.ms = 45000
	socket.connection.setup.timeout.max.ms = 30000
	socket.connection.setup.timeout.ms = 10000
	ssl.cipher.suites = null
	ssl.enabled.protocols = [TLSv1.2, TLSv1.3]
	ssl.endpoint.identification.algorithm = https
	ssl.engine.factory.class = null
	ssl.key.password = null
	ssl.keymanager.algorithm = SunX509
	ssl.keystore.certificate.chain = null
	ssl.keystore.key = null
	ssl.keystore.location = null
	ssl.keystore.password = null
	ssl.keystore.type = JKS
	ssl.protocol = TLSv1.3
	ssl.provider = null
	ssl.secure.random.implementation = null
	ssl.trustmanager.algorithm = PKIX
	ssl.truststore.certificates = null
	ssl.truststore.location = null
	ssl.truststore.password = null
	ssl.truststore.type = JKS
	value.deserializer = class org.springframework.kafka.support.serializer.ErrorHandlingDeserializer

2026-05-18 20:25:27 [main] INFO  o.a.kafka.common.utils.AppInfoParser - Kafka version: 3.6.1
2026-05-18 20:25:27 [main] INFO  o.a.kafka.common.utils.AppInfoParser - Kafka commitId: 5e3c2b738d253ff5
2026-05-18 20:25:27 [main] INFO  o.a.kafka.common.utils.AppInfoParser - Kafka startTimeMs: 1779116127899
2026-05-18 20:25:27 [main] INFO  o.s.k.c.DefaultKafkaConsumerFactory$ExtendedKafkaConsumer - [Consumer clientId=consumer-notification-service-group-7, groupId=notification-service-group] Subscribed to topic(s): ticket.created.legacy
2026-05-18 20:25:27 [main] INFO  o.a.k.c.consumer.ConsumerConfig - ConsumerConfig values: 
	allow.auto.create.topics = true
	auto.commit.interval.ms = 5000
	auto.include.jmx.reporter = true
	auto.offset.reset = earliest
	bootstrap.servers = [localhost:9092]
	check.crcs = true
	client.dns.lookup = use_all_dns_ips
	client.id = consumer-notification-service-group-8
	client.rack = 
	connections.max.idle.ms = 540000
	default.api.timeout.ms = 60000
	enable.auto.commit = false
	exclude.internal.topics = true
	fetch.max.bytes = 52428800
	fetch.max.wait.ms = 500
	fetch.min.bytes = 1
	group.id = notification-service-group
	group.instance.id = null
	heartbeat.interval.ms = 3000
	interceptor.classes = []
	internal.leave.group.on.close = true
	internal.throw.on.fetch.stable.offset.unsupported = false
	isolation.level = read_uncommitted
	key.deserializer = class org.apache.kafka.common.serialization.StringDeserializer
	max.partition.fetch.bytes = 1048576
	max.poll.interval.ms = 300000
	max.poll.records = 500
	metadata.max.age.ms = 300000
	metric.reporters = []
	metrics.num.samples = 2
	metrics.recording.level = INFO
	metrics.sample.window.ms = 30000
	partition.assignment.strategy = [class org.apache.kafka.clients.consumer.RangeAssignor, class org.apache.kafka.clients.consumer.CooperativeStickyAssignor]
	receive.buffer.bytes = 65536
	reconnect.backoff.max.ms = 1000
	reconnect.backoff.ms = 50
	request.timeout.ms = 30000
	retry.backoff.ms = 100
	sasl.client.callback.handler.class = null
	sasl.jaas.config = null
	sasl.kerberos.kinit.cmd = /usr/bin/kinit
	sasl.kerberos.min.time.before.relogin = 60000
	sasl.kerberos.service.name = null
	sasl.kerberos.ticket.renew.jitter = 0.05
	sasl.kerberos.ticket.renew.window.factor = 0.8
	sasl.login.callback.handler.class = null
	sasl.login.class = null
	sasl.login.connect.timeout.ms = null
	sasl.login.read.timeout.ms = null
	sasl.login.refresh.buffer.seconds = 300
	sasl.login.refresh.min.period.seconds = 60
	sasl.login.refresh.window.factor = 0.8
	sasl.login.refresh.window.jitter = 0.05
	sasl.login.retry.backoff.max.ms = 10000
	sasl.login.retry.backoff.ms = 100
	sasl.mechanism = GSSAPI
	sasl.oauthbearer.clock.skew.seconds = 30
	sasl.oauthbearer.expected.audience = null
	sasl.oauthbearer.expected.issuer = null
	sasl.oauthbearer.jwks.endpoint.refresh.ms = 3600000
	sasl.oauthbearer.jwks.endpoint.retry.backoff.max.ms = 10000
	sasl.oauthbearer.jwks.endpoint.retry.backoff.ms = 100
	sasl.oauthbearer.jwks.endpoint.url = null
	sasl.oauthbearer.scope.claim.name = scope
	sasl.oauthbearer.sub.claim.name = sub
	sasl.oauthbearer.token.endpoint.url = null
	security.protocol = PLAINTEXT
	security.providers = null
	send.buffer.bytes = 131072
	session.timeout.ms = 45000
	socket.connection.setup.timeout.max.ms = 30000
	socket.connection.setup.timeout.ms = 10000
	ssl.cipher.suites = null
	ssl.enabled.protocols = [TLSv1.2, TLSv1.3]
	ssl.endpoint.identification.algorithm = https
	ssl.engine.factory.class = null
	ssl.key.password = null
	ssl.keymanager.algorithm = SunX509
	ssl.keystore.certificate.chain = null
	ssl.keystore.key = null
	ssl.keystore.location = null
	ssl.keystore.password = null
	ssl.keystore.type = JKS
	ssl.protocol = TLSv1.3
	ssl.provider = null
	ssl.secure.random.implementation = null
	ssl.trustmanager.algorithm = PKIX
	ssl.truststore.certificates = null
	ssl.truststore.location = null
	ssl.truststore.password = null
	ssl.truststore.type = JKS
	value.deserializer = class org.springframework.kafka.support.serializer.ErrorHandlingDeserializer

2026-05-18 20:25:27 [main] INFO  o.a.kafka.common.utils.AppInfoParser - Kafka version: 3.6.1
2026-05-18 20:25:27 [main] INFO  o.a.kafka.common.utils.AppInfoParser - Kafka commitId: 5e3c2b738d253ff5
2026-05-18 20:25:27 [main] INFO  o.a.kafka.common.utils.AppInfoParser - Kafka startTimeMs: 1779116127905
2026-05-18 20:25:27 [main] INFO  o.s.k.c.DefaultKafkaConsumerFactory$ExtendedKafkaConsumer - [Consumer clientId=consumer-notification-service-group-8, groupId=notification-service-group] Subscribed to topic(s): ticket.created.legacy
2026-05-18 20:25:27 [main] INFO  o.a.k.c.consumer.ConsumerConfig - ConsumerConfig values: 
	allow.auto.create.topics = true
	auto.commit.interval.ms = 5000
	auto.include.jmx.reporter = true
	auto.offset.reset = earliest
	bootstrap.servers = [localhost:9092]
	check.crcs = true
	client.dns.lookup = use_all_dns_ips
	client.id = consumer-notification-service-group-9
	client.rack = 
	connections.max.idle.ms = 540000
	default.api.timeout.ms = 60000
	enable.auto.commit = false
	exclude.internal.topics = true
	fetch.max.bytes = 52428800
	fetch.max.wait.ms = 500
	fetch.min.bytes = 1
	group.id = notification-service-group
	group.instance.id = null
	heartbeat.interval.ms = 3000
	interceptor.classes = []
	internal.leave.group.on.close = true
	internal.throw.on.fetch.stable.offset.unsupported = false
	isolation.level = read_uncommitted
	key.deserializer = class org.apache.kafka.common.serialization.StringDeserializer
	max.partition.fetch.bytes = 1048576
	max.poll.interval.ms = 300000
	max.poll.records = 500
	metadata.max.age.ms = 300000
	metric.reporters = []
	metrics.num.samples = 2
	metrics.recording.level = INFO
	metrics.sample.window.ms = 30000
	partition.assignment.strategy = [class org.apache.kafka.clients.consumer.RangeAssignor, class org.apache.kafka.clients.consumer.CooperativeStickyAssignor]
	receive.buffer.bytes = 65536
	reconnect.backoff.max.ms = 1000
	reconnect.backoff.ms = 50
	request.timeout.ms = 30000
	retry.backoff.ms = 100
	sasl.client.callback.handler.class = null
	sasl.jaas.config = null
	sasl.kerberos.kinit.cmd = /usr/bin/kinit
	sasl.kerberos.min.time.before.relogin = 60000
	sasl.kerberos.service.name = null
	sasl.kerberos.ticket.renew.jitter = 0.05
	sasl.kerberos.ticket.renew.window.factor = 0.8
	sasl.login.callback.handler.class = null
	sasl.login.class = null
	sasl.login.connect.timeout.ms = null
	sasl.login.read.timeout.ms = null
	sasl.login.refresh.buffer.seconds = 300
	sasl.login.refresh.min.period.seconds = 60
	sasl.login.refresh.window.factor = 0.8
	sasl.login.refresh.window.jitter = 0.05
	sasl.login.retry.backoff.max.ms = 10000
	sasl.login.retry.backoff.ms = 100
	sasl.mechanism = GSSAPI
	sasl.oauthbearer.clock.skew.seconds = 30
	sasl.oauthbearer.expected.audience = null
	sasl.oauthbearer.expected.issuer = null
	sasl.oauthbearer.jwks.endpoint.refresh.ms = 3600000
	sasl.oauthbearer.jwks.endpoint.retry.backoff.max.ms = 10000
	sasl.oauthbearer.jwks.endpoint.retry.backoff.ms = 100
	sasl.oauthbearer.jwks.endpoint.url = null
	sasl.oauthbearer.scope.claim.name = scope
	sasl.oauthbearer.sub.claim.name = sub
	sasl.oauthbearer.token.endpoint.url = null
	security.protocol = PLAINTEXT
	security.providers = null
	send.buffer.bytes = 131072
	session.timeout.ms = 45000
	socket.connection.setup.timeout.max.ms = 30000
	socket.connection.setup.timeout.ms = 10000
	ssl.cipher.suites = null
	ssl.enabled.protocols = [TLSv1.2, TLSv1.3]
	ssl.endpoint.identification.algorithm = https
	ssl.engine.factory.class = null
	ssl.key.password = null
	ssl.keymanager.algorithm = SunX509
	ssl.keystore.certificate.chain = null
	ssl.keystore.key = null
	ssl.keystore.location = null
	ssl.keystore.password = null
	ssl.keystore.type = JKS
	ssl.protocol = TLSv1.3
	ssl.provider = null
	ssl.secure.random.implementation = null
	ssl.trustmanager.algorithm = PKIX
	ssl.truststore.certificates = null
	ssl.truststore.location = null
	ssl.truststore.password = null
	ssl.truststore.type = JKS
	value.deserializer = class org.springframework.kafka.support.serializer.ErrorHandlingDeserializer

2026-05-18 20:25:27 [main] INFO  o.a.kafka.common.utils.AppInfoParser - Kafka version: 3.6.1
2026-05-18 20:25:27 [main] INFO  o.a.kafka.common.utils.AppInfoParser - Kafka commitId: 5e3c2b738d253ff5
2026-05-18 20:25:27 [main] INFO  o.a.kafka.common.utils.AppInfoParser - Kafka startTimeMs: 1779116127909
2026-05-18 20:25:27 [main] INFO  o.s.k.c.DefaultKafkaConsumerFactory$ExtendedKafkaConsumer - [Consumer clientId=consumer-notification-service-group-9, groupId=notification-service-group] Subscribed to topic(s): ticket.created.legacy
2026-05-18 20:25:27 [main] INFO  o.a.k.c.consumer.ConsumerConfig - ConsumerConfig values: 
	allow.auto.create.topics = true
	auto.commit.interval.ms = 5000
	auto.include.jmx.reporter = true
	auto.offset.reset = earliest
	bootstrap.servers = [localhost:9092]
	check.crcs = true
	client.dns.lookup = use_all_dns_ips
	client.id = consumer-notification-service-group-10
	client.rack = 
	connections.max.idle.ms = 540000
	default.api.timeout.ms = 60000
	enable.auto.commit = false
	exclude.internal.topics = true
	fetch.max.bytes = 52428800
	fetch.max.wait.ms = 500
	fetch.min.bytes = 1
	group.id = notification-service-group
	group.instance.id = null
	heartbeat.interval.ms = 3000
	interceptor.classes = []
	internal.leave.group.on.close = true
	internal.throw.on.fetch.stable.offset.unsupported = false
	isolation.level = read_uncommitted
	key.deserializer = class org.apache.kafka.common.serialization.StringDeserializer
	max.partition.fetch.bytes = 1048576
	max.poll.interval.ms = 300000
	max.poll.records = 500
	metadata.max.age.ms = 300000
	metric.reporters = []
	metrics.num.samples = 2
	metrics.recording.level = INFO
	metrics.sample.window.ms = 30000
	partition.assignment.strategy = [class org.apache.kafka.clients.consumer.RangeAssignor, class org.apache.kafka.clients.consumer.CooperativeStickyAssignor]
	receive.buffer.bytes = 65536
	reconnect.backoff.max.ms = 1000
	reconnect.backoff.ms = 50
	request.timeout.ms = 30000
	retry.backoff.ms = 100
	sasl.client.callback.handler.class = null
	sasl.jaas.config = null
	sasl.kerberos.kinit.cmd = /usr/bin/kinit
	sasl.kerberos.min.time.before.relogin = 60000
	sasl.kerberos.service.name = null
	sasl.kerberos.ticket.renew.jitter = 0.05
	sasl.kerberos.ticket.renew.window.factor = 0.8
	sasl.login.callback.handler.class = null
	sasl.login.class = null
	sasl.login.connect.timeout.ms = null
	sasl.login.read.timeout.ms = null
	sasl.login.refresh.buffer.seconds = 300
	sasl.login.refresh.min.period.seconds = 60
	sasl.login.refresh.window.factor = 0.8
	sasl.login.refresh.window.jitter = 0.05
	sasl.login.retry.backoff.max.ms = 10000
	sasl.login.retry.backoff.ms = 100
	sasl.mechanism = GSSAPI
	sasl.oauthbearer.clock.skew.seconds = 30
	sasl.oauthbearer.expected.audience = null
	sasl.oauthbearer.expected.issuer = null
	sasl.oauthbearer.jwks.endpoint.refresh.ms = 3600000
	sasl.oauthbearer.jwks.endpoint.retry.backoff.max.ms = 10000
	sasl.oauthbearer.jwks.endpoint.retry.backoff.ms = 100
	sasl.oauthbearer.jwks.endpoint.url = null
	sasl.oauthbearer.scope.claim.name = scope
	sasl.oauthbearer.sub.claim.name = sub
	sasl.oauthbearer.token.endpoint.url = null
	security.protocol = PLAINTEXT
	security.providers = null
	send.buffer.bytes = 131072
	session.timeout.ms = 45000
	socket.connection.setup.timeout.max.ms = 30000
	socket.connection.setup.timeout.ms = 10000
	ssl.cipher.suites = null
	ssl.enabled.protocols = [TLSv1.2, TLSv1.3]
	ssl.endpoint.identification.algorithm = https
	ssl.engine.factory.class = null
	ssl.key.password = null
	ssl.keymanager.algorithm = SunX509
	ssl.keystore.certificate.chain = null
	ssl.keystore.key = null
	ssl.keystore.location = null
	ssl.keystore.password = null
	ssl.keystore.type = JKS
	ssl.protocol = TLSv1.3
	ssl.provider = null
	ssl.secure.random.implementation = null
	ssl.trustmanager.algorithm = PKIX
	ssl.truststore.certificates = null
	ssl.truststore.location = null
	ssl.truststore.password = null
	ssl.truststore.type = JKS
	value.deserializer = class org.springframework.kafka.support.serializer.ErrorHandlingDeserializer

2026-05-18 20:25:27 [main] INFO  o.a.kafka.common.utils.AppInfoParser - Kafka version: 3.6.1
2026-05-18 20:25:27 [main] INFO  o.a.kafka.common.utils.AppInfoParser - Kafka commitId: 5e3c2b738d253ff5
2026-05-18 20:25:27 [main] INFO  o.a.kafka.common.utils.AppInfoParser - Kafka startTimeMs: 1779116127913
2026-05-18 20:25:27 [main] INFO  o.s.k.c.DefaultKafkaConsumerFactory$ExtendedKafkaConsumer - [Consumer clientId=consumer-notification-service-group-10, groupId=notification-service-group] Subscribed to topic(s): knowledge.created
2026-05-18 20:25:27 [main] INFO  o.a.k.c.consumer.ConsumerConfig - ConsumerConfig values: 
	allow.auto.create.topics = true
	auto.commit.interval.ms = 5000
	auto.include.jmx.reporter = true
	auto.offset.reset = earliest
	bootstrap.servers = [localhost:9092]
	check.crcs = true
	client.dns.lookup = use_all_dns_ips
	client.id = consumer-notification-service-group-11
	client.rack = 
	connections.max.idle.ms = 540000
	default.api.timeout.ms = 60000
	enable.auto.commit = false
	exclude.internal.topics = true
	fetch.max.bytes = 52428800
	fetch.max.wait.ms = 500
	fetch.min.bytes = 1
	group.id = notification-service-group
	group.instance.id = null
	heartbeat.interval.ms = 3000
	interceptor.classes = []
	internal.leave.group.on.close = true
	internal.throw.on.fetch.stable.offset.unsupported = false
	isolation.level = read_uncommitted
	key.deserializer = class org.apache.kafka.common.serialization.StringDeserializer
	max.partition.fetch.bytes = 1048576
	max.poll.interval.ms = 300000
	max.poll.records = 500
	metadata.max.age.ms = 300000
	metric.reporters = []
	metrics.num.samples = 2
	metrics.recording.level = INFO
	metrics.sample.window.ms = 30000
	partition.assignment.strategy = [class org.apache.kafka.clients.consumer.RangeAssignor, class org.apache.kafka.clients.consumer.CooperativeStickyAssignor]
	receive.buffer.bytes = 65536
	reconnect.backoff.max.ms = 1000
	reconnect.backoff.ms = 50
	request.timeout.ms = 30000
	retry.backoff.ms = 100
	sasl.client.callback.handler.class = null
	sasl.jaas.config = null
	sasl.kerberos.kinit.cmd = /usr/bin/kinit
	sasl.kerberos.min.time.before.relogin = 60000
	sasl.kerberos.service.name = null
	sasl.kerberos.ticket.renew.jitter = 0.05
	sasl.kerberos.ticket.renew.window.factor = 0.8
	sasl.login.callback.handler.class = null
	sasl.login.class = null
	sasl.login.connect.timeout.ms = null
	sasl.login.read.timeout.ms = null
	sasl.login.refresh.buffer.seconds = 300
	sasl.login.refresh.min.period.seconds = 60
	sasl.login.refresh.window.factor = 0.8
	sasl.login.refresh.window.jitter = 0.05
	sasl.login.retry.backoff.max.ms = 10000
	sasl.login.retry.backoff.ms = 100
	sasl.mechanism = GSSAPI
	sasl.oauthbearer.clock.skew.seconds = 30
	sasl.oauthbearer.expected.audience = null
	sasl.oauthbearer.expected.issuer = null
	sasl.oauthbearer.jwks.endpoint.refresh.ms = 3600000
	sasl.oauthbearer.jwks.endpoint.retry.backoff.max.ms = 10000
	sasl.oauthbearer.jwks.endpoint.retry.backoff.ms = 100
	sasl.oauthbearer.jwks.endpoint.url = null
	sasl.oauthbearer.scope.claim.name = scope
	sasl.oauthbearer.sub.claim.name = sub
	sasl.oauthbearer.token.endpoint.url = null
	security.protocol = PLAINTEXT
	security.providers = null
	send.buffer.bytes = 131072
	session.timeout.ms = 45000
	socket.connection.setup.timeout.max.ms = 30000
	socket.connection.setup.timeout.ms = 10000
	ssl.cipher.suites = null
	ssl.enabled.protocols = [TLSv1.2, TLSv1.3]
	ssl.endpoint.identification.algorithm = https
	ssl.engine.factory.class = null
	ssl.key.password = null
	ssl.keymanager.algorithm = SunX509
	ssl.keystore.certificate.chain = null
	ssl.keystore.key = null
	ssl.keystore.location = null
	ssl.keystore.password = null
	ssl.keystore.type = JKS
	ssl.protocol = TLSv1.3
	ssl.provider = null
	ssl.secure.random.implementation = null
	ssl.trustmanager.algorithm = PKIX
	ssl.truststore.certificates = null
	ssl.truststore.location = null
	ssl.truststore.password = null
	ssl.truststore.type = JKS
	value.deserializer = class org.springframework.kafka.support.serializer.ErrorHandlingDeserializer

2026-05-18 20:25:27 [main] INFO  o.a.kafka.common.utils.AppInfoParser - Kafka version: 3.6.1
2026-05-18 20:25:27 [main] INFO  o.a.kafka.common.utils.AppInfoParser - Kafka commitId: 5e3c2b738d253ff5
2026-05-18 20:25:27 [main] INFO  o.a.kafka.common.utils.AppInfoParser - Kafka startTimeMs: 1779116127924
2026-05-18 20:25:27 [main] INFO  o.s.k.c.DefaultKafkaConsumerFactory$ExtendedKafkaConsumer - [Consumer clientId=consumer-notification-service-group-11, groupId=notification-service-group] Subscribed to topic(s): knowledge.created
2026-05-18 20:25:27 [main] INFO  o.a.k.c.consumer.ConsumerConfig - ConsumerConfig values: 
	allow.auto.create.topics = true
	auto.commit.interval.ms = 5000
	auto.include.jmx.reporter = true
	auto.offset.reset = earliest
	bootstrap.servers = [localhost:9092]
	check.crcs = true
	client.dns.lookup = use_all_dns_ips
	client.id = consumer-notification-service-group-12
	client.rack = 
	connections.max.idle.ms = 540000
	default.api.timeout.ms = 60000
	enable.auto.commit = false
	exclude.internal.topics = true
	fetch.max.bytes = 52428800
	fetch.max.wait.ms = 500
	fetch.min.bytes = 1
	group.id = notification-service-group
	group.instance.id = null
	heartbeat.interval.ms = 3000
	interceptor.classes = []
	internal.leave.group.on.close = true
	internal.throw.on.fetch.stable.offset.unsupported = false
	isolation.level = read_uncommitted
	key.deserializer = class org.apache.kafka.common.serialization.StringDeserializer
	max.partition.fetch.bytes = 1048576
	max.poll.interval.ms = 300000
	max.poll.records = 500
	metadata.max.age.ms = 300000
	metric.reporters = []
	metrics.num.samples = 2
	metrics.recording.level = INFO
	metrics.sample.window.ms = 30000
	partition.assignment.strategy = [class org.apache.kafka.clients.consumer.RangeAssignor, class org.apache.kafka.clients.consumer.CooperativeStickyAssignor]
	receive.buffer.bytes = 65536
	reconnect.backoff.max.ms = 1000
	reconnect.backoff.ms = 50
	request.timeout.ms = 30000
	retry.backoff.ms = 100
	sasl.client.callback.handler.class = null
	sasl.jaas.config = null
	sasl.kerberos.kinit.cmd = /usr/bin/kinit
	sasl.kerberos.min.time.before.relogin = 60000
	sasl.kerberos.service.name = null
	sasl.kerberos.ticket.renew.jitter = 0.05
	sasl.kerberos.ticket.renew.window.factor = 0.8
	sasl.login.callback.handler.class = null
	sasl.login.class = null
	sasl.login.connect.timeout.ms = null
	sasl.login.read.timeout.ms = null
	sasl.login.refresh.buffer.seconds = 300
	sasl.login.refresh.min.period.seconds = 60
	sasl.login.refresh.window.factor = 0.8
	sasl.login.refresh.window.jitter = 0.05
	sasl.login.retry.backoff.max.ms = 10000
	sasl.login.retry.backoff.ms = 100
	sasl.mechanism = GSSAPI
	sasl.oauthbearer.clock.skew.seconds = 30
	sasl.oauthbearer.expected.audience = null
	sasl.oauthbearer.expected.issuer = null
	sasl.oauthbearer.jwks.endpoint.refresh.ms = 3600000
	sasl.oauthbearer.jwks.endpoint.retry.backoff.max.ms = 10000
	sasl.oauthbearer.jwks.endpoint.retry.backoff.ms = 100
	sasl.oauthbearer.jwks.endpoint.url = null
	sasl.oauthbearer.scope.claim.name = scope
	sasl.oauthbearer.sub.claim.name = sub
	sasl.oauthbearer.token.endpoint.url = null
	security.protocol = PLAINTEXT
	security.providers = null
	send.buffer.bytes = 131072
	session.timeout.ms = 45000
	socket.connection.setup.timeout.max.ms = 30000
	socket.connection.setup.timeout.ms = 10000
	ssl.cipher.suites = null
	ssl.enabled.protocols = [TLSv1.2, TLSv1.3]
	ssl.endpoint.identification.algorithm = https
	ssl.engine.factory.class = null
	ssl.key.password = null
	ssl.keymanager.algorithm = SunX509
	ssl.keystore.certificate.chain = null
	ssl.keystore.key = null
	ssl.keystore.location = null
	ssl.keystore.password = null
	ssl.keystore.type = JKS
	ssl.protocol = TLSv1.3
	ssl.provider = null
	ssl.secure.random.implementation = null
	ssl.trustmanager.algorithm = PKIX
	ssl.truststore.certificates = null
	ssl.truststore.location = null
	ssl.truststore.password = null
	ssl.truststore.type = JKS
	value.deserializer = class org.springframework.kafka.support.serializer.ErrorHandlingDeserializer

2026-05-18 20:25:27 [main] INFO  o.a.kafka.common.utils.AppInfoParser - Kafka version: 3.6.1
2026-05-18 20:25:27 [main] INFO  o.a.kafka.common.utils.AppInfoParser - Kafka commitId: 5e3c2b738d253ff5
2026-05-18 20:25:27 [main] INFO  o.a.kafka.common.utils.AppInfoParser - Kafka startTimeMs: 1779116127931
2026-05-18 20:25:27 [main] INFO  o.s.k.c.DefaultKafkaConsumerFactory$ExtendedKafkaConsumer - [Consumer clientId=consumer-notification-service-group-12, groupId=notification-service-group] Subscribed to topic(s): knowledge.created
2026-05-18 20:25:27 [main] INFO  o.a.k.c.consumer.ConsumerConfig - ConsumerConfig values: 
	allow.auto.create.topics = true
	auto.commit.interval.ms = 5000
	auto.include.jmx.reporter = true
	auto.offset.reset = earliest
	bootstrap.servers = [localhost:9092]
	check.crcs = true
	client.dns.lookup = use_all_dns_ips
	client.id = consumer-notification-service-group-13
	client.rack = 
	connections.max.idle.ms = 540000
	default.api.timeout.ms = 60000
	enable.auto.commit = false
	exclude.internal.topics = true
	fetch.max.bytes = 52428800
	fetch.max.wait.ms = 500
	fetch.min.bytes = 1
	group.id = notification-service-group
	group.instance.id = null
	heartbeat.interval.ms = 3000
	interceptor.classes = []
	internal.leave.group.on.close = true
	internal.throw.on.fetch.stable.offset.unsupported = false
	isolation.level = read_uncommitted
	key.deserializer = class org.apache.kafka.common.serialization.StringDeserializer
	max.partition.fetch.bytes = 1048576
	max.poll.interval.ms = 300000
	max.poll.records = 500
	metadata.max.age.ms = 300000
	metric.reporters = []
	metrics.num.samples = 2
	metrics.recording.level = INFO
	metrics.sample.window.ms = 30000
	partition.assignment.strategy = [class org.apache.kafka.clients.consumer.RangeAssignor, class org.apache.kafka.clients.consumer.CooperativeStickyAssignor]
	receive.buffer.bytes = 65536
	reconnect.backoff.max.ms = 1000
	reconnect.backoff.ms = 50
	request.timeout.ms = 30000
	retry.backoff.ms = 100
	sasl.client.callback.handler.class = null
	sasl.jaas.config = null
	sasl.kerberos.kinit.cmd = /usr/bin/kinit
	sasl.kerberos.min.time.before.relogin = 60000
	sasl.kerberos.service.name = null
	sasl.kerberos.ticket.renew.jitter = 0.05
	sasl.kerberos.ticket.renew.window.factor = 0.8
	sasl.login.callback.handler.class = null
	sasl.login.class = null
	sasl.login.connect.timeout.ms = null
	sasl.login.read.timeout.ms = null
	sasl.login.refresh.buffer.seconds = 300
	sasl.login.refresh.min.period.seconds = 60
	sasl.login.refresh.window.factor = 0.8
	sasl.login.refresh.window.jitter = 0.05
	sasl.login.retry.backoff.max.ms = 10000
	sasl.login.retry.backoff.ms = 100
	sasl.mechanism = GSSAPI
	sasl.oauthbearer.clock.skew.seconds = 30
	sasl.oauthbearer.expected.audience = null
	sasl.oauthbearer.expected.issuer = null
	sasl.oauthbearer.jwks.endpoint.refresh.ms = 3600000
	sasl.oauthbearer.jwks.endpoint.retry.backoff.max.ms = 10000
	sasl.oauthbearer.jwks.endpoint.retry.backoff.ms = 100
	sasl.oauthbearer.jwks.endpoint.url = null
	sasl.oauthbearer.scope.claim.name = scope
	sasl.oauthbearer.sub.claim.name = sub
	sasl.oauthbearer.token.endpoint.url = null
	security.protocol = PLAINTEXT
	security.providers = null
	send.buffer.bytes = 131072
	session.timeout.ms = 45000
	socket.connection.setup.timeout.max.ms = 30000
	socket.connection.setup.timeout.ms = 10000
	ssl.cipher.suites = null
	ssl.enabled.protocols = [TLSv1.2, TLSv1.3]
	ssl.endpoint.identification.algorithm = https
	ssl.engine.factory.class = null
	ssl.key.password = null
	ssl.keymanager.algorithm = SunX509
	ssl.keystore.certificate.chain = null
	ssl.keystore.key = null
	ssl.keystore.location = null
	ssl.keystore.password = null
	ssl.keystore.type = JKS
	ssl.protocol = TLSv1.3
	ssl.provider = null
	ssl.secure.random.implementation = null
	ssl.trustmanager.algorithm = PKIX
	ssl.truststore.certificates = null
	ssl.truststore.location = null
	ssl.truststore.password = null
	ssl.truststore.type = JKS
	value.deserializer = class org.springframework.kafka.support.serializer.ErrorHandlingDeserializer

2026-05-18 20:25:27 [main] INFO  o.a.kafka.common.utils.AppInfoParser - Kafka version: 3.6.1
2026-05-18 20:25:27 [main] INFO  o.a.kafka.common.utils.AppInfoParser - Kafka commitId: 5e3c2b738d253ff5
2026-05-18 20:25:27 [main] INFO  o.a.kafka.common.utils.AppInfoParser - Kafka startTimeMs: 1779116127937
2026-05-18 20:25:27 [main] INFO  o.s.k.c.DefaultKafkaConsumerFactory$ExtendedKafkaConsumer - [Consumer clientId=consumer-notification-service-group-13, groupId=notification-service-group] Subscribed to topic(s): ticket.assigned
2026-05-18 20:25:27 [main] INFO  o.a.k.c.consumer.ConsumerConfig - ConsumerConfig values: 
	allow.auto.create.topics = true
	auto.commit.interval.ms = 5000
	auto.include.jmx.reporter = true
	auto.offset.reset = earliest
	bootstrap.servers = [localhost:9092]
	check.crcs = true
	client.dns.lookup = use_all_dns_ips
	client.id = consumer-notification-service-group-14
	client.rack = 
	connections.max.idle.ms = 540000
	default.api.timeout.ms = 60000
	enable.auto.commit = false
	exclude.internal.topics = true
	fetch.max.bytes = 52428800
	fetch.max.wait.ms = 500
	fetch.min.bytes = 1
	group.id = notification-service-group
	group.instance.id = null
	heartbeat.interval.ms = 3000
	interceptor.classes = []
	internal.leave.group.on.close = true
	internal.throw.on.fetch.stable.offset.unsupported = false
	isolation.level = read_uncommitted
	key.deserializer = class org.apache.kafka.common.serialization.StringDeserializer
	max.partition.fetch.bytes = 1048576
	max.poll.interval.ms = 300000
	max.poll.records = 500
	metadata.max.age.ms = 300000
	metric.reporters = []
	metrics.num.samples = 2
	metrics.recording.level = INFO
	metrics.sample.window.ms = 30000
	partition.assignment.strategy = [class org.apache.kafka.clients.consumer.RangeAssignor, class org.apache.kafka.clients.consumer.CooperativeStickyAssignor]
	receive.buffer.bytes = 65536
	reconnect.backoff.max.ms = 1000
	reconnect.backoff.ms = 50
	request.timeout.ms = 30000
	retry.backoff.ms = 100
	sasl.client.callback.handler.class = null
	sasl.jaas.config = null
	sasl.kerberos.kinit.cmd = /usr/bin/kinit
	sasl.kerberos.min.time.before.relogin = 60000
	sasl.kerberos.service.name = null
	sasl.kerberos.ticket.renew.jitter = 0.05
	sasl.kerberos.ticket.renew.window.factor = 0.8
	sasl.login.callback.handler.class = null
	sasl.login.class = null
	sasl.login.connect.timeout.ms = null
	sasl.login.read.timeout.ms = null
	sasl.login.refresh.buffer.seconds = 300
	sasl.login.refresh.min.period.seconds = 60
	sasl.login.refresh.window.factor = 0.8
	sasl.login.refresh.window.jitter = 0.05
	sasl.login.retry.backoff.max.ms = 10000
	sasl.login.retry.backoff.ms = 100
	sasl.mechanism = GSSAPI
	sasl.oauthbearer.clock.skew.seconds = 30
	sasl.oauthbearer.expected.audience = null
	sasl.oauthbearer.expected.issuer = null
	sasl.oauthbearer.jwks.endpoint.refresh.ms = 3600000
	sasl.oauthbearer.jwks.endpoint.retry.backoff.max.ms = 10000
	sasl.oauthbearer.jwks.endpoint.retry.backoff.ms = 100
	sasl.oauthbearer.jwks.endpoint.url = null
	sasl.oauthbearer.scope.claim.name = scope
	sasl.oauthbearer.sub.claim.name = sub
	sasl.oauthbearer.token.endpoint.url = null
	security.protocol = PLAINTEXT
	security.providers = null
	send.buffer.bytes = 131072
	session.timeout.ms = 45000
	socket.connection.setup.timeout.max.ms = 30000
	socket.connection.setup.timeout.ms = 10000
	ssl.cipher.suites = null
	ssl.enabled.protocols = [TLSv1.2, TLSv1.3]
	ssl.endpoint.identification.algorithm = https
	ssl.engine.factory.class = null
	ssl.key.password = null
	ssl.keymanager.algorithm = SunX509
	ssl.keystore.certificate.chain = null
	ssl.keystore.key = null
	ssl.keystore.location = null
	ssl.keystore.password = null
	ssl.keystore.type = JKS
	ssl.protocol = TLSv1.3
	ssl.provider = null
	ssl.secure.random.implementation = null
	ssl.trustmanager.algorithm = PKIX
	ssl.truststore.certificates = null
	ssl.truststore.location = null
	ssl.truststore.password = null
	ssl.truststore.type = JKS
	value.deserializer = class org.springframework.kafka.support.serializer.ErrorHandlingDeserializer

2026-05-18 20:25:27 [main] INFO  o.a.kafka.common.utils.AppInfoParser - Kafka version: 3.6.1
2026-05-18 20:25:27 [main] INFO  o.a.kafka.common.utils.AppInfoParser - Kafka commitId: 5e3c2b738d253ff5
2026-05-18 20:25:27 [main] INFO  o.a.kafka.common.utils.AppInfoParser - Kafka startTimeMs: 1779116127941
2026-05-18 20:25:27 [main] INFO  o.s.k.c.DefaultKafkaConsumerFactory$ExtendedKafkaConsumer - [Consumer clientId=consumer-notification-service-group-14, groupId=notification-service-group] Subscribed to topic(s): ticket.assigned
2026-05-18 20:25:27 [main] INFO  o.a.k.c.consumer.ConsumerConfig - ConsumerConfig values: 
	allow.auto.create.topics = true
	auto.commit.interval.ms = 5000
	auto.include.jmx.reporter = true
	auto.offset.reset = earliest
	bootstrap.servers = [localhost:9092]
	check.crcs = true
	client.dns.lookup = use_all_dns_ips
	client.id = consumer-notification-service-group-15
	client.rack = 
	connections.max.idle.ms = 540000
	default.api.timeout.ms = 60000
	enable.auto.commit = false
	exclude.internal.topics = true
	fetch.max.bytes = 52428800
	fetch.max.wait.ms = 500
	fetch.min.bytes = 1
	group.id = notification-service-group
	group.instance.id = null
	heartbeat.interval.ms = 3000
	interceptor.classes = []
	internal.leave.group.on.close = true
	internal.throw.on.fetch.stable.offset.unsupported = false
	isolation.level = read_uncommitted
	key.deserializer = class org.apache.kafka.common.serialization.StringDeserializer
	max.partition.fetch.bytes = 1048576
	max.poll.interval.ms = 300000
	max.poll.records = 500
	metadata.max.age.ms = 300000
	metric.reporters = []
	metrics.num.samples = 2
	metrics.recording.level = INFO
	metrics.sample.window.ms = 30000
	partition.assignment.strategy = [class org.apache.kafka.clients.consumer.RangeAssignor, class org.apache.kafka.clients.consumer.CooperativeStickyAssignor]
	receive.buffer.bytes = 65536
	reconnect.backoff.max.ms = 1000
	reconnect.backoff.ms = 50
	request.timeout.ms = 30000
	retry.backoff.ms = 100
	sasl.client.callback.handler.class = null
	sasl.jaas.config = null
	sasl.kerberos.kinit.cmd = /usr/bin/kinit
	sasl.kerberos.min.time.before.relogin = 60000
	sasl.kerberos.service.name = null
	sasl.kerberos.ticket.renew.jitter = 0.05
	sasl.kerberos.ticket.renew.window.factor = 0.8
	sasl.login.callback.handler.class = null
	sasl.login.class = null
	sasl.login.connect.timeout.ms = null
	sasl.login.read.timeout.ms = null
	sasl.login.refresh.buffer.seconds = 300
	sasl.login.refresh.min.period.seconds = 60
	sasl.login.refresh.window.factor = 0.8
	sasl.login.refresh.window.jitter = 0.05
	sasl.login.retry.backoff.max.ms = 10000
	sasl.login.retry.backoff.ms = 100
	sasl.mechanism = GSSAPI
	sasl.oauthbearer.clock.skew.seconds = 30
	sasl.oauthbearer.expected.audience = null
	sasl.oauthbearer.expected.issuer = null
	sasl.oauthbearer.jwks.endpoint.refresh.ms = 3600000
	sasl.oauthbearer.jwks.endpoint.retry.backoff.max.ms = 10000
	sasl.oauthbearer.jwks.endpoint.retry.backoff.ms = 100
	sasl.oauthbearer.jwks.endpoint.url = null
	sasl.oauthbearer.scope.claim.name = scope
	sasl.oauthbearer.sub.claim.name = sub
	sasl.oauthbearer.token.endpoint.url = null
	security.protocol = PLAINTEXT
	security.providers = null
	send.buffer.bytes = 131072
	session.timeout.ms = 45000
	socket.connection.setup.timeout.max.ms = 30000
	socket.connection.setup.timeout.ms = 10000
	ssl.cipher.suites = null
	ssl.enabled.protocols = [TLSv1.2, TLSv1.3]
	ssl.endpoint.identification.algorithm = https
	ssl.engine.factory.class = null
	ssl.key.password = null
	ssl.keymanager.algorithm = SunX509
	ssl.keystore.certificate.chain = null
	ssl.keystore.key = null
	ssl.keystore.location = null
	ssl.keystore.password = null
	ssl.keystore.type = JKS
	ssl.protocol = TLSv1.3
	ssl.provider = null
	ssl.secure.random.implementation = null
	ssl.trustmanager.algorithm = PKIX
	ssl.truststore.certificates = null
	ssl.truststore.location = null
	ssl.truststore.password = null
	ssl.truststore.type = JKS
	value.deserializer = class org.springframework.kafka.support.serializer.ErrorHandlingDeserializer

2026-05-18 20:25:27 [main] INFO  o.a.kafka.common.utils.AppInfoParser - Kafka version: 3.6.1
2026-05-18 20:25:27 [main] INFO  o.a.kafka.common.utils.AppInfoParser - Kafka commitId: 5e3c2b738d253ff5
2026-05-18 20:25:27 [main] INFO  o.a.kafka.common.utils.AppInfoParser - Kafka startTimeMs: 1779116127946
2026-05-18 20:25:27 [main] INFO  o.s.k.c.DefaultKafkaConsumerFactory$ExtendedKafkaConsumer - [Consumer clientId=consumer-notification-service-group-15, groupId=notification-service-group] Subscribed to topic(s): ticket.assigned
2026-05-18 20:25:27 [main] INFO  o.a.k.c.consumer.ConsumerConfig - ConsumerConfig values: 
	allow.auto.create.topics = true
	auto.commit.interval.ms = 5000
	auto.include.jmx.reporter = true
	auto.offset.reset = earliest
	bootstrap.servers = [localhost:9092]
	check.crcs = true
	client.dns.lookup = use_all_dns_ips
	client.id = consumer-notification-service-group-16
	client.rack = 
	connections.max.idle.ms = 540000
	default.api.timeout.ms = 60000
	enable.auto.commit = false
	exclude.internal.topics = true
	fetch.max.bytes = 52428800
	fetch.max.wait.ms = 500
	fetch.min.bytes = 1
	group.id = notification-service-group
	group.instance.id = null
	heartbeat.interval.ms = 3000
	interceptor.classes = []
	internal.leave.group.on.close = true
	internal.throw.on.fetch.stable.offset.unsupported = false
	isolation.level = read_uncommitted
	key.deserializer = class org.apache.kafka.common.serialization.StringDeserializer
	max.partition.fetch.bytes = 1048576
	max.poll.interval.ms = 300000
	max.poll.records = 500
	metadata.max.age.ms = 300000
	metric.reporters = []
	metrics.num.samples = 2
	metrics.recording.level = INFO
	metrics.sample.window.ms = 30000
	partition.assignment.strategy = [class org.apache.kafka.clients.consumer.RangeAssignor, class org.apache.kafka.clients.consumer.CooperativeStickyAssignor]
	receive.buffer.bytes = 65536
	reconnect.backoff.max.ms = 1000
	reconnect.backoff.ms = 50
	request.timeout.ms = 30000
	retry.backoff.ms = 100
	sasl.client.callback.handler.class = null
	sasl.jaas.config = null
	sasl.kerberos.kinit.cmd = /usr/bin/kinit
	sasl.kerberos.min.time.before.relogin = 60000
	sasl.kerberos.service.name = null
	sasl.kerberos.ticket.renew.jitter = 0.05
	sasl.kerberos.ticket.renew.window.factor = 0.8
	sasl.login.callback.handler.class = null
	sasl.login.class = null
	sasl.login.connect.timeout.ms = null
	sasl.login.read.timeout.ms = null
	sasl.login.refresh.buffer.seconds = 300
	sasl.login.refresh.min.period.seconds = 60
	sasl.login.refresh.window.factor = 0.8
	sasl.login.refresh.window.jitter = 0.05
	sasl.login.retry.backoff.max.ms = 10000
	sasl.login.retry.backoff.ms = 100
	sasl.mechanism = GSSAPI
	sasl.oauthbearer.clock.skew.seconds = 30
	sasl.oauthbearer.expected.audience = null
	sasl.oauthbearer.expected.issuer = null
	sasl.oauthbearer.jwks.endpoint.refresh.ms = 3600000
	sasl.oauthbearer.jwks.endpoint.retry.backoff.max.ms = 10000
	sasl.oauthbearer.jwks.endpoint.retry.backoff.ms = 100
	sasl.oauthbearer.jwks.endpoint.url = null
	sasl.oauthbearer.scope.claim.name = scope
	sasl.oauthbearer.sub.claim.name = sub
	sasl.oauthbearer.token.endpoint.url = null
	security.protocol = PLAINTEXT
	security.providers = null
	send.buffer.bytes = 131072
	session.timeout.ms = 45000
	socket.connection.setup.timeout.max.ms = 30000
	socket.connection.setup.timeout.ms = 10000
	ssl.cipher.suites = null
	ssl.enabled.protocols = [TLSv1.2, TLSv1.3]
	ssl.endpoint.identification.algorithm = https
	ssl.engine.factory.class = null
	ssl.key.password = null
	ssl.keymanager.algorithm = SunX509
	ssl.keystore.certificate.chain = null
	ssl.keystore.key = null
	ssl.keystore.location = null
	ssl.keystore.password = null
	ssl.keystore.type = JKS
	ssl.protocol = TLSv1.3
	ssl.provider = null
	ssl.secure.random.implementation = null
	ssl.trustmanager.algorithm = PKIX
	ssl.truststore.certificates = null
	ssl.truststore.location = null
	ssl.truststore.password = null
	ssl.truststore.type = JKS
	value.deserializer = class org.springframework.kafka.support.serializer.ErrorHandlingDeserializer

2026-05-18 20:25:27 [main] INFO  o.a.kafka.common.utils.AppInfoParser - Kafka version: 3.6.1
2026-05-18 20:25:27 [main] INFO  o.a.kafka.common.utils.AppInfoParser - Kafka commitId: 5e3c2b738d253ff5
2026-05-18 20:25:27 [main] INFO  o.a.kafka.common.utils.AppInfoParser - Kafka startTimeMs: 1779116127952
2026-05-18 20:25:27 [main] INFO  o.s.k.c.DefaultKafkaConsumerFactory$ExtendedKafkaConsumer - [Consumer clientId=consumer-notification-service-group-16, groupId=notification-service-group] Subscribed to topic(s): ticket.resolved
2026-05-18 20:25:27 [main] INFO  o.a.k.c.consumer.ConsumerConfig - ConsumerConfig values: 
	allow.auto.create.topics = true
	auto.commit.interval.ms = 5000
	auto.include.jmx.reporter = true
	auto.offset.reset = earliest
	bootstrap.servers = [localhost:9092]
	check.crcs = true
	client.dns.lookup = use_all_dns_ips
	client.id = consumer-notification-service-group-17
	client.rack = 
	connections.max.idle.ms = 540000
	default.api.timeout.ms = 60000
	enable.auto.commit = false
	exclude.internal.topics = true
	fetch.max.bytes = 52428800
	fetch.max.wait.ms = 500
	fetch.min.bytes = 1
	group.id = notification-service-group
	group.instance.id = null
	heartbeat.interval.ms = 3000
	interceptor.classes = []
	internal.leave.group.on.close = true
	internal.throw.on.fetch.stable.offset.unsupported = false
	isolation.level = read_uncommitted
	key.deserializer = class org.apache.kafka.common.serialization.StringDeserializer
	max.partition.fetch.bytes = 1048576
	max.poll.interval.ms = 300000
	max.poll.records = 500
	metadata.max.age.ms = 300000
	metric.reporters = []
	metrics.num.samples = 2
	metrics.recording.level = INFO
	metrics.sample.window.ms = 30000
	partition.assignment.strategy = [class org.apache.kafka.clients.consumer.RangeAssignor, class org.apache.kafka.clients.consumer.CooperativeStickyAssignor]
	receive.buffer.bytes = 65536
	reconnect.backoff.max.ms = 1000
	reconnect.backoff.ms = 50
	request.timeout.ms = 30000
	retry.backoff.ms = 100
	sasl.client.callback.handler.class = null
	sasl.jaas.config = null
	sasl.kerberos.kinit.cmd = /usr/bin/kinit
	sasl.kerberos.min.time.before.relogin = 60000
	sasl.kerberos.service.name = null
	sasl.kerberos.ticket.renew.jitter = 0.05
	sasl.kerberos.ticket.renew.window.factor = 0.8
	sasl.login.callback.handler.class = null
	sasl.login.class = null
	sasl.login.connect.timeout.ms = null
	sasl.login.read.timeout.ms = null
	sasl.login.refresh.buffer.seconds = 300
	sasl.login.refresh.min.period.seconds = 60
	sasl.login.refresh.window.factor = 0.8
	sasl.login.refresh.window.jitter = 0.05
	sasl.login.retry.backoff.max.ms = 10000
	sasl.login.retry.backoff.ms = 100
	sasl.mechanism = GSSAPI
	sasl.oauthbearer.clock.skew.seconds = 30
	sasl.oauthbearer.expected.audience = null
	sasl.oauthbearer.expected.issuer = null
	sasl.oauthbearer.jwks.endpoint.refresh.ms = 3600000
	sasl.oauthbearer.jwks.endpoint.retry.backoff.max.ms = 10000
	sasl.oauthbearer.jwks.endpoint.retry.backoff.ms = 100
	sasl.oauthbearer.jwks.endpoint.url = null
	sasl.oauthbearer.scope.claim.name = scope
	sasl.oauthbearer.sub.claim.name = sub
	sasl.oauthbearer.token.endpoint.url = null
	security.protocol = PLAINTEXT
	security.providers = null
	send.buffer.bytes = 131072
	session.timeout.ms = 45000
	socket.connection.setup.timeout.max.ms = 30000
	socket.connection.setup.timeout.ms = 10000
	ssl.cipher.suites = null
	ssl.enabled.protocols = [TLSv1.2, TLSv1.3]
	ssl.endpoint.identification.algorithm = https
	ssl.engine.factory.class = null
	ssl.key.password = null
	ssl.keymanager.algorithm = SunX509
	ssl.keystore.certificate.chain = null
	ssl.keystore.key = null
	ssl.keystore.location = null
	ssl.keystore.password = null
	ssl.keystore.type = JKS
	ssl.protocol = TLSv1.3
	ssl.provider = null
	ssl.secure.random.implementation = null
	ssl.trustmanager.algorithm = PKIX
	ssl.truststore.certificates = null
	ssl.truststore.location = null
	ssl.truststore.password = null
	ssl.truststore.type = JKS
	value.deserializer = class org.springframework.kafka.support.serializer.ErrorHandlingDeserializer

2026-05-18 20:25:27 [main] INFO  o.a.kafka.common.utils.AppInfoParser - Kafka version: 3.6.1
2026-05-18 20:25:27 [main] INFO  o.a.kafka.common.utils.AppInfoParser - Kafka commitId: 5e3c2b738d253ff5
2026-05-18 20:25:27 [main] INFO  o.a.kafka.common.utils.AppInfoParser - Kafka startTimeMs: 1779116127957
2026-05-18 20:25:27 [main] INFO  o.s.k.c.DefaultKafkaConsumerFactory$ExtendedKafkaConsumer - [Consumer clientId=consumer-notification-service-group-17, groupId=notification-service-group] Subscribed to topic(s): ticket.resolved
2026-05-18 20:25:27 [main] INFO  o.a.k.c.consumer.ConsumerConfig - ConsumerConfig values: 
	allow.auto.create.topics = true
	auto.commit.interval.ms = 5000
	auto.include.jmx.reporter = true
	auto.offset.reset = earliest
	bootstrap.servers = [localhost:9092]
	check.crcs = true
	client.dns.lookup = use_all_dns_ips
	client.id = consumer-notification-service-group-18
	client.rack = 
	connections.max.idle.ms = 540000
	default.api.timeout.ms = 60000
	enable.auto.commit = false
	exclude.internal.topics = true
	fetch.max.bytes = 52428800
	fetch.max.wait.ms = 500
	fetch.min.bytes = 1
	group.id = notification-service-group
	group.instance.id = null
	heartbeat.interval.ms = 3000
	interceptor.classes = []
	internal.leave.group.on.close = true
	internal.throw.on.fetch.stable.offset.unsupported = false
	isolation.level = read_uncommitted
	key.deserializer = class org.apache.kafka.common.serialization.StringDeserializer
	max.partition.fetch.bytes = 1048576
	max.poll.interval.ms = 300000
	max.poll.records = 500
	metadata.max.age.ms = 300000
	metric.reporters = []
	metrics.num.samples = 2
	metrics.recording.level = INFO
	metrics.sample.window.ms = 30000
	partition.assignment.strategy = [class org.apache.kafka.clients.consumer.RangeAssignor, class org.apache.kafka.clients.consumer.CooperativeStickyAssignor]
	receive.buffer.bytes = 65536
	reconnect.backoff.max.ms = 1000
	reconnect.backoff.ms = 50
	request.timeout.ms = 30000
	retry.backoff.ms = 100
	sasl.client.callback.handler.class = null
	sasl.jaas.config = null
	sasl.kerberos.kinit.cmd = /usr/bin/kinit
	sasl.kerberos.min.time.before.relogin = 60000
	sasl.kerberos.service.name = null
	sasl.kerberos.ticket.renew.jitter = 0.05
	sasl.kerberos.ticket.renew.window.factor = 0.8
	sasl.login.callback.handler.class = null
	sasl.login.class = null
	sasl.login.connect.timeout.ms = null
	sasl.login.read.timeout.ms = null
	sasl.login.refresh.buffer.seconds = 300
	sasl.login.refresh.min.period.seconds = 60
	sasl.login.refresh.window.factor = 0.8
	sasl.login.refresh.window.jitter = 0.05
	sasl.login.retry.backoff.max.ms = 10000
	sasl.login.retry.backoff.ms = 100
	sasl.mechanism = GSSAPI
	sasl.oauthbearer.clock.skew.seconds = 30
	sasl.oauthbearer.expected.audience = null
	sasl.oauthbearer.expected.issuer = null
	sasl.oauthbearer.jwks.endpoint.refresh.ms = 3600000
	sasl.oauthbearer.jwks.endpoint.retry.backoff.max.ms = 10000
	sasl.oauthbearer.jwks.endpoint.retry.backoff.ms = 100
	sasl.oauthbearer.jwks.endpoint.url = null
	sasl.oauthbearer.scope.claim.name = scope
	sasl.oauthbearer.sub.claim.name = sub
	sasl.oauthbearer.token.endpoint.url = null
	security.protocol = PLAINTEXT
	security.providers = null
	send.buffer.bytes = 131072
	session.timeout.ms = 45000
	socket.connection.setup.timeout.max.ms = 30000
	socket.connection.setup.timeout.ms = 10000
	ssl.cipher.suites = null
	ssl.enabled.protocols = [TLSv1.2, TLSv1.3]
	ssl.endpoint.identification.algorithm = https
	ssl.engine.factory.class = null
	ssl.key.password = null
	ssl.keymanager.algorithm = SunX509
	ssl.keystore.certificate.chain = null
	ssl.keystore.key = null
	ssl.keystore.location = null
	ssl.keystore.password = null
	ssl.keystore.type = JKS
	ssl.protocol = TLSv1.3
	ssl.provider = null
	ssl.secure.random.implementation = null
	ssl.trustmanager.algorithm = PKIX
	ssl.truststore.certificates = null
	ssl.truststore.location = null
	ssl.truststore.password = null
	ssl.truststore.type = JKS
	value.deserializer = class org.springframework.kafka.support.serializer.ErrorHandlingDeserializer

2026-05-18 20:25:27 [main] INFO  o.a.kafka.common.utils.AppInfoParser - Kafka version: 3.6.1
2026-05-18 20:25:27 [main] INFO  o.a.kafka.common.utils.AppInfoParser - Kafka commitId: 5e3c2b738d253ff5
2026-05-18 20:25:27 [main] INFO  o.a.kafka.common.utils.AppInfoParser - Kafka startTimeMs: 1779116127962
2026-05-18 20:25:27 [main] INFO  o.s.k.c.DefaultKafkaConsumerFactory$ExtendedKafkaConsumer - [Consumer clientId=consumer-notification-service-group-18, groupId=notification-service-group] Subscribed to topic(s): ticket.resolved
2026-05-18 20:25:27 [main] INFO  o.a.k.c.consumer.ConsumerConfig - ConsumerConfig values: 
	allow.auto.create.topics = true
	auto.commit.interval.ms = 5000
	auto.include.jmx.reporter = true
	auto.offset.reset = earliest
	bootstrap.servers = [localhost:9092]
	check.crcs = true
	client.dns.lookup = use_all_dns_ips
	client.id = consumer-notification-service-group-19
	client.rack = 
	connections.max.idle.ms = 540000
	default.api.timeout.ms = 60000
	enable.auto.commit = false
	exclude.internal.topics = true
	fetch.max.bytes = 52428800
	fetch.max.wait.ms = 500
	fetch.min.bytes = 1
	group.id = notification-service-group
	group.instance.id = null
	heartbeat.interval.ms = 3000
	interceptor.classes = []
	internal.leave.group.on.close = true
	internal.throw.on.fetch.stable.offset.unsupported = false
	isolation.level = read_uncommitted
	key.deserializer = class org.apache.kafka.common.serialization.StringDeserializer
	max.partition.fetch.bytes = 1048576
	max.poll.interval.ms = 300000
	max.poll.records = 500
	metadata.max.age.ms = 300000
	metric.reporters = []
	metrics.num.samples = 2
	metrics.recording.level = INFO
	metrics.sample.window.ms = 30000
	partition.assignment.strategy = [class org.apache.kafka.clients.consumer.RangeAssignor, class org.apache.kafka.clients.consumer.CooperativeStickyAssignor]
	receive.buffer.bytes = 65536
	reconnect.backoff.max.ms = 1000
	reconnect.backoff.ms = 50
	request.timeout.ms = 30000
	retry.backoff.ms = 100
	sasl.client.callback.handler.class = null
	sasl.jaas.config = null
	sasl.kerberos.kinit.cmd = /usr/bin/kinit
	sasl.kerberos.min.time.before.relogin = 60000
	sasl.kerberos.service.name = null
	sasl.kerberos.ticket.renew.jitter = 0.05
	sasl.kerberos.ticket.renew.window.factor = 0.8
	sasl.login.callback.handler.class = null
	sasl.login.class = null
	sasl.login.connect.timeout.ms = null
	sasl.login.read.timeout.ms = null
	sasl.login.refresh.buffer.seconds = 300
	sasl.login.refresh.min.period.seconds = 60
	sasl.login.refresh.window.factor = 0.8
	sasl.login.refresh.window.jitter = 0.05
	sasl.login.retry.backoff.max.ms = 10000
	sasl.login.retry.backoff.ms = 100
	sasl.mechanism = GSSAPI
	sasl.oauthbearer.clock.skew.seconds = 30
	sasl.oauthbearer.expected.audience = null
	sasl.oauthbearer.expected.issuer = null
	sasl.oauthbearer.jwks.endpoint.refresh.ms = 3600000
	sasl.oauthbearer.jwks.endpoint.retry.backoff.max.ms = 10000
	sasl.oauthbearer.jwks.endpoint.retry.backoff.ms = 100
	sasl.oauthbearer.jwks.endpoint.url = null
	sasl.oauthbearer.scope.claim.name = scope
	sasl.oauthbearer.sub.claim.name = sub
	sasl.oauthbearer.token.endpoint.url = null
	security.protocol = PLAINTEXT
	security.providers = null
	send.buffer.bytes = 131072
	session.timeout.ms = 45000
	socket.connection.setup.timeout.max.ms = 30000
	socket.connection.setup.timeout.ms = 10000
	ssl.cipher.suites = null
	ssl.enabled.protocols = [TLSv1.2, TLSv1.3]
	ssl.endpoint.identification.algorithm = https
	ssl.engine.factory.class = null
	ssl.key.password = null
	ssl.keymanager.algorithm = SunX509
	ssl.keystore.certificate.chain = null
	ssl.keystore.key = null
	ssl.keystore.location = null
	ssl.keystore.password = null
	ssl.keystore.type = JKS
	ssl.protocol = TLSv1.3
	ssl.provider = null
	ssl.secure.random.implementation = null
	ssl.trustmanager.algorithm = PKIX
	ssl.truststore.certificates = null
	ssl.truststore.location = null
	ssl.truststore.password = null
	ssl.truststore.type = JKS
	value.deserializer = class org.springframework.kafka.support.serializer.ErrorHandlingDeserializer

2026-05-18 20:25:27 [main] INFO  o.a.kafka.common.utils.AppInfoParser - Kafka version: 3.6.1
2026-05-18 20:25:27 [main] INFO  o.a.kafka.common.utils.AppInfoParser - Kafka commitId: 5e3c2b738d253ff5
2026-05-18 20:25:27 [main] INFO  o.a.kafka.common.utils.AppInfoParser - Kafka startTimeMs: 1779116127967
2026-05-18 20:25:27 [main] INFO  o.s.k.c.DefaultKafkaConsumerFactory$ExtendedKafkaConsumer - [Consumer clientId=consumer-notification-service-group-19, groupId=notification-service-group] Subscribed to topic(s): reward.badge.awarded
2026-05-18 20:25:27 [main] INFO  o.a.k.c.consumer.ConsumerConfig - ConsumerConfig values: 
	allow.auto.create.topics = true
	auto.commit.interval.ms = 5000
	auto.include.jmx.reporter = true
	auto.offset.reset = earliest
	bootstrap.servers = [localhost:9092]
	check.crcs = true
	client.dns.lookup = use_all_dns_ips
	client.id = consumer-notification-service-group-20
	client.rack = 
	connections.max.idle.ms = 540000
	default.api.timeout.ms = 60000
	enable.auto.commit = false
	exclude.internal.topics = true
	fetch.max.bytes = 52428800
	fetch.max.wait.ms = 500
	fetch.min.bytes = 1
	group.id = notification-service-group
	group.instance.id = null
	heartbeat.interval.ms = 3000
	interceptor.classes = []
	internal.leave.group.on.close = true
	internal.throw.on.fetch.stable.offset.unsupported = false
	isolation.level = read_uncommitted
	key.deserializer = class org.apache.kafka.common.serialization.StringDeserializer
	max.partition.fetch.bytes = 1048576
	max.poll.interval.ms = 300000
	max.poll.records = 500
	metadata.max.age.ms = 300000
	metric.reporters = []
	metrics.num.samples = 2
	metrics.recording.level = INFO
	metrics.sample.window.ms = 30000
	partition.assignment.strategy = [class org.apache.kafka.clients.consumer.RangeAssignor, class org.apache.kafka.clients.consumer.CooperativeStickyAssignor]
	receive.buffer.bytes = 65536
	reconnect.backoff.max.ms = 1000
	reconnect.backoff.ms = 50
	request.timeout.ms = 30000
	retry.backoff.ms = 100
	sasl.client.callback.handler.class = null
	sasl.jaas.config = null
	sasl.kerberos.kinit.cmd = /usr/bin/kinit
	sasl.kerberos.min.time.before.relogin = 60000
	sasl.kerberos.service.name = null
	sasl.kerberos.ticket.renew.jitter = 0.05
	sasl.kerberos.ticket.renew.window.factor = 0.8
	sasl.login.callback.handler.class = null
	sasl.login.class = null
	sasl.login.connect.timeout.ms = null
	sasl.login.read.timeout.ms = null
	sasl.login.refresh.buffer.seconds = 300
	sasl.login.refresh.min.period.seconds = 60
	sasl.login.refresh.window.factor = 0.8
	sasl.login.refresh.window.jitter = 0.05
	sasl.login.retry.backoff.max.ms = 10000
	sasl.login.retry.backoff.ms = 100
	sasl.mechanism = GSSAPI
	sasl.oauthbearer.clock.skew.seconds = 30
	sasl.oauthbearer.expected.audience = null
	sasl.oauthbearer.expected.issuer = null
	sasl.oauthbearer.jwks.endpoint.refresh.ms = 3600000
	sasl.oauthbearer.jwks.endpoint.retry.backoff.max.ms = 10000
	sasl.oauthbearer.jwks.endpoint.retry.backoff.ms = 100
	sasl.oauthbearer.jwks.endpoint.url = null
	sasl.oauthbearer.scope.claim.name = scope
	sasl.oauthbearer.sub.claim.name = sub
	sasl.oauthbearer.token.endpoint.url = null
	security.protocol = PLAINTEXT
	security.providers = null
	send.buffer.bytes = 131072
	session.timeout.ms = 45000
	socket.connection.setup.timeout.max.ms = 30000
	socket.connection.setup.timeout.ms = 10000
	ssl.cipher.suites = null
	ssl.enabled.protocols = [TLSv1.2, TLSv1.3]
	ssl.endpoint.identification.algorithm = https
	ssl.engine.factory.class = null
	ssl.key.password = null
	ssl.keymanager.algorithm = SunX509
	ssl.keystore.certificate.chain = null
	ssl.keystore.key = null
	ssl.keystore.location = null
	ssl.keystore.password = null
	ssl.keystore.type = JKS
	ssl.protocol = TLSv1.3
	ssl.provider = null
	ssl.secure.random.implementation = null
	ssl.trustmanager.algorithm = PKIX
	ssl.truststore.certificates = null
	ssl.truststore.location = null
	ssl.truststore.password = null
	ssl.truststore.type = JKS
	value.deserializer = class org.springframework.kafka.support.serializer.ErrorHandlingDeserializer

2026-05-18 20:25:27 [main] INFO  o.a.kafka.common.utils.AppInfoParser - Kafka version: 3.6.1
2026-05-18 20:25:27 [main] INFO  o.a.kafka.common.utils.AppInfoParser - Kafka commitId: 5e3c2b738d253ff5
2026-05-18 20:25:27 [main] INFO  o.a.kafka.common.utils.AppInfoParser - Kafka startTimeMs: 1779116127972
2026-05-18 20:25:27 [main] INFO  o.s.k.c.DefaultKafkaConsumerFactory$ExtendedKafkaConsumer - [Consumer clientId=consumer-notification-service-group-20, groupId=notification-service-group] Subscribed to topic(s): reward.badge.awarded
2026-05-18 20:25:27 [main] INFO  o.a.k.c.consumer.ConsumerConfig - ConsumerConfig values: 
	allow.auto.create.topics = true
	auto.commit.interval.ms = 5000
	auto.include.jmx.reporter = true
	auto.offset.reset = earliest
	bootstrap.servers = [localhost:9092]
	check.crcs = true
	client.dns.lookup = use_all_dns_ips
	client.id = consumer-notification-service-group-21
	client.rack = 
	connections.max.idle.ms = 540000
	default.api.timeout.ms = 60000
	enable.auto.commit = false
	exclude.internal.topics = true
	fetch.max.bytes = 52428800
	fetch.max.wait.ms = 500
	fetch.min.bytes = 1
	group.id = notification-service-group
	group.instance.id = null
	heartbeat.interval.ms = 3000
	interceptor.classes = []
	internal.leave.group.on.close = true
	internal.throw.on.fetch.stable.offset.unsupported = false
	isolation.level = read_uncommitted
	key.deserializer = class org.apache.kafka.common.serialization.StringDeserializer
	max.partition.fetch.bytes = 1048576
	max.poll.interval.ms = 300000
	max.poll.records = 500
	metadata.max.age.ms = 300000
	metric.reporters = []
	metrics.num.samples = 2
	metrics.recording.level = INFO
	metrics.sample.window.ms = 30000
	partition.assignment.strategy = [class org.apache.kafka.clients.consumer.RangeAssignor, class org.apache.kafka.clients.consumer.CooperativeStickyAssignor]
	receive.buffer.bytes = 65536
	reconnect.backoff.max.ms = 1000
	reconnect.backoff.ms = 50
	request.timeout.ms = 30000
	retry.backoff.ms = 100
	sasl.client.callback.handler.class = null
	sasl.jaas.config = null
	sasl.kerberos.kinit.cmd = /usr/bin/kinit
	sasl.kerberos.min.time.before.relogin = 60000
	sasl.kerberos.service.name = null
	sasl.kerberos.ticket.renew.jitter = 0.05
	sasl.kerberos.ticket.renew.window.factor = 0.8
	sasl.login.callback.handler.class = null
	sasl.login.class = null
	sasl.login.connect.timeout.ms = null
	sasl.login.read.timeout.ms = null
	sasl.login.refresh.buffer.seconds = 300
	sasl.login.refresh.min.period.seconds = 60
	sasl.login.refresh.window.factor = 0.8
	sasl.login.refresh.window.jitter = 0.05
	sasl.login.retry.backoff.max.ms = 10000
	sasl.login.retry.backoff.ms = 100
	sasl.mechanism = GSSAPI
	sasl.oauthbearer.clock.skew.seconds = 30
	sasl.oauthbearer.expected.audience = null
	sasl.oauthbearer.expected.issuer = null
	sasl.oauthbearer.jwks.endpoint.refresh.ms = 3600000
	sasl.oauthbearer.jwks.endpoint.retry.backoff.max.ms = 10000
	sasl.oauthbearer.jwks.endpoint.retry.backoff.ms = 100
	sasl.oauthbearer.jwks.endpoint.url = null
	sasl.oauthbearer.scope.claim.name = scope
	sasl.oauthbearer.sub.claim.name = sub
	sasl.oauthbearer.token.endpoint.url = null
	security.protocol = PLAINTEXT
	security.providers = null
	send.buffer.bytes = 131072
	session.timeout.ms = 45000
	socket.connection.setup.timeout.max.ms = 30000
	socket.connection.setup.timeout.ms = 10000
	ssl.cipher.suites = null
	ssl.enabled.protocols = [TLSv1.2, TLSv1.3]
	ssl.endpoint.identification.algorithm = https
	ssl.engine.factory.class = null
	ssl.key.password = null
	ssl.keymanager.algorithm = SunX509
	ssl.keystore.certificate.chain = null
	ssl.keystore.key = null
	ssl.keystore.location = null
	ssl.keystore.password = null
	ssl.keystore.type = JKS
	ssl.protocol = TLSv1.3
	ssl.provider = null
	ssl.secure.random.implementation = null
	ssl.trustmanager.algorithm = PKIX
	ssl.truststore.certificates = null
	ssl.truststore.location = null
	ssl.truststore.password = null
	ssl.truststore.type = JKS
	value.deserializer = class org.springframework.kafka.support.serializer.ErrorHandlingDeserializer

2026-05-18 20:25:27 [main] INFO  o.a.kafka.common.utils.AppInfoParser - Kafka version: 3.6.1
2026-05-18 20:25:27 [main] INFO  o.a.kafka.common.utils.AppInfoParser - Kafka commitId: 5e3c2b738d253ff5
2026-05-18 20:25:27 [main] INFO  o.a.kafka.common.utils.AppInfoParser - Kafka startTimeMs: 1779116127975
2026-05-18 20:25:27 [main] INFO  o.s.k.c.DefaultKafkaConsumerFactory$ExtendedKafkaConsumer - [Consumer clientId=consumer-notification-service-group-21, groupId=notification-service-group] Subscribed to topic(s): reward.badge.awarded
2026-05-18 20:25:27 [main] INFO  o.a.k.c.consumer.ConsumerConfig - ConsumerConfig values: 
	allow.auto.create.topics = true
	auto.commit.interval.ms = 5000
	auto.include.jmx.reporter = true
	auto.offset.reset = earliest
	bootstrap.servers = [localhost:9092]
	check.crcs = true
	client.dns.lookup = use_all_dns_ips
	client.id = consumer-notification-service-group-notify-approved-22
	client.rack = 
	connections.max.idle.ms = 540000
	default.api.timeout.ms = 60000
	enable.auto.commit = false
	exclude.internal.topics = true
	fetch.max.bytes = 52428800
	fetch.max.wait.ms = 500
	fetch.min.bytes = 1
	group.id = notification-service-group-notify-approved
	group.instance.id = null
	heartbeat.interval.ms = 3000
	interceptor.classes = []
	internal.leave.group.on.close = true
	internal.throw.on.fetch.stable.offset.unsupported = false
	isolation.level = read_uncommitted
	key.deserializer = class org.apache.kafka.common.serialization.StringDeserializer
	max.partition.fetch.bytes = 1048576
	max.poll.interval.ms = 300000
	max.poll.records = 500
	metadata.max.age.ms = 300000
	metric.reporters = []
	metrics.num.samples = 2
	metrics.recording.level = INFO
	metrics.sample.window.ms = 30000
	partition.assignment.strategy = [class org.apache.kafka.clients.consumer.RangeAssignor, class org.apache.kafka.clients.consumer.CooperativeStickyAssignor]
	receive.buffer.bytes = 65536
	reconnect.backoff.max.ms = 1000
	reconnect.backoff.ms = 50
	request.timeout.ms = 30000
	retry.backoff.ms = 100
	sasl.client.callback.handler.class = null
	sasl.jaas.config = null
	sasl.kerberos.kinit.cmd = /usr/bin/kinit
	sasl.kerberos.min.time.before.relogin = 60000
	sasl.kerberos.service.name = null
	sasl.kerberos.ticket.renew.jitter = 0.05
	sasl.kerberos.ticket.renew.window.factor = 0.8
	sasl.login.callback.handler.class = null
	sasl.login.class = null
	sasl.login.connect.timeout.ms = null
	sasl.login.read.timeout.ms = null
	sasl.login.refresh.buffer.seconds = 300
	sasl.login.refresh.min.period.seconds = 60
	sasl.login.refresh.window.factor = 0.8
	sasl.login.refresh.window.jitter = 0.05
	sasl.login.retry.backoff.max.ms = 10000
	sasl.login.retry.backoff.ms = 100
	sasl.mechanism = GSSAPI
	sasl.oauthbearer.clock.skew.seconds = 30
	sasl.oauthbearer.expected.audience = null
	sasl.oauthbearer.expected.issuer = null
	sasl.oauthbearer.jwks.endpoint.refresh.ms = 3600000
	sasl.oauthbearer.jwks.endpoint.retry.backoff.max.ms = 10000
	sasl.oauthbearer.jwks.endpoint.retry.backoff.ms = 100
	sasl.oauthbearer.jwks.endpoint.url = null
	sasl.oauthbearer.scope.claim.name = scope
	sasl.oauthbearer.sub.claim.name = sub
	sasl.oauthbearer.token.endpoint.url = null
	security.protocol = PLAINTEXT
	security.providers = null
	send.buffer.bytes = 131072
	session.timeout.ms = 45000
	socket.connection.setup.timeout.max.ms = 30000
	socket.connection.setup.timeout.ms = 10000
	ssl.cipher.suites = null
	ssl.enabled.protocols = [TLSv1.2, TLSv1.3]
	ssl.endpoint.identification.algorithm = https
	ssl.engine.factory.class = null
	ssl.key.password = null
	ssl.keymanager.algorithm = SunX509
	ssl.keystore.certificate.chain = null
	ssl.keystore.key = null
	ssl.keystore.location = null
	ssl.keystore.password = null
	ssl.keystore.type = JKS
	ssl.protocol = TLSv1.3
	ssl.provider = null
	ssl.secure.random.implementation = null
	ssl.trustmanager.algorithm = PKIX
	ssl.truststore.certificates = null
	ssl.truststore.location = null
	ssl.truststore.password = null
	ssl.truststore.type = JKS
	value.deserializer = class org.springframework.kafka.support.serializer.ErrorHandlingDeserializer

2026-05-18 20:25:27 [main] INFO  o.a.kafka.common.utils.AppInfoParser - Kafka version: 3.6.1
2026-05-18 20:25:27 [main] INFO  o.a.kafka.common.utils.AppInfoParser - Kafka commitId: 5e3c2b738d253ff5
2026-05-18 20:25:27 [main] INFO  o.a.kafka.common.utils.AppInfoParser - Kafka startTimeMs: 1779116127979
2026-05-18 20:25:27 [main] INFO  o.s.k.c.DefaultKafkaConsumerFactory$ExtendedKafkaConsumer - [Consumer clientId=consumer-notification-service-group-notify-approved-22, groupId=notification-service-group-notify-approved] Subscribed to topic(s): solution.approved
2026-05-18 20:25:27 [main] INFO  o.a.k.c.consumer.ConsumerConfig - ConsumerConfig values: 
	allow.auto.create.topics = true
	auto.commit.interval.ms = 5000
	auto.include.jmx.reporter = true
	auto.offset.reset = earliest
	bootstrap.servers = [localhost:9092]
	check.crcs = true
	client.dns.lookup = use_all_dns_ips
	client.id = consumer-notification-service-group-notify-approved-23
	client.rack = 
	connections.max.idle.ms = 540000
	default.api.timeout.ms = 60000
	enable.auto.commit = false
	exclude.internal.topics = true
	fetch.max.bytes = 52428800
	fetch.max.wait.ms = 500
	fetch.min.bytes = 1
	group.id = notification-service-group-notify-approved
	group.instance.id = null
	heartbeat.interval.ms = 3000
	interceptor.classes = []
	internal.leave.group.on.close = true
	internal.throw.on.fetch.stable.offset.unsupported = false
	isolation.level = read_uncommitted
	key.deserializer = class org.apache.kafka.common.serialization.StringDeserializer
	max.partition.fetch.bytes = 1048576
	max.poll.interval.ms = 300000
	max.poll.records = 500
	metadata.max.age.ms = 300000
	metric.reporters = []
	metrics.num.samples = 2
	metrics.recording.level = INFO
	metrics.sample.window.ms = 30000
	partition.assignment.strategy = [class org.apache.kafka.clients.consumer.RangeAssignor, class org.apache.kafka.clients.consumer.CooperativeStickyAssignor]
	receive.buffer.bytes = 65536
	reconnect.backoff.max.ms = 1000
	reconnect.backoff.ms = 50
	request.timeout.ms = 30000
	retry.backoff.ms = 100
	sasl.client.callback.handler.class = null
	sasl.jaas.config = null
	sasl.kerberos.kinit.cmd = /usr/bin/kinit
	sasl.kerberos.min.time.before.relogin = 60000
	sasl.kerberos.service.name = null
	sasl.kerberos.ticket.renew.jitter = 0.05
	sasl.kerberos.ticket.renew.window.factor = 0.8
	sasl.login.callback.handler.class = null
	sasl.login.class = null
	sasl.login.connect.timeout.ms = null
	sasl.login.read.timeout.ms = null
	sasl.login.refresh.buffer.seconds = 300
	sasl.login.refresh.min.period.seconds = 60
	sasl.login.refresh.window.factor = 0.8
	sasl.login.refresh.window.jitter = 0.05
	sasl.login.retry.backoff.max.ms = 10000
	sasl.login.retry.backoff.ms = 100
	sasl.mechanism = GSSAPI
	sasl.oauthbearer.clock.skew.seconds = 30
	sasl.oauthbearer.expected.audience = null
	sasl.oauthbearer.expected.issuer = null
	sasl.oauthbearer.jwks.endpoint.refresh.ms = 3600000
	sasl.oauthbearer.jwks.endpoint.retry.backoff.max.ms = 10000
	sasl.oauthbearer.jwks.endpoint.retry.backoff.ms = 100
	sasl.oauthbearer.jwks.endpoint.url = null
	sasl.oauthbearer.scope.claim.name = scope
	sasl.oauthbearer.sub.claim.name = sub
	sasl.oauthbearer.token.endpoint.url = null
	security.protocol = PLAINTEXT
	security.providers = null
	send.buffer.bytes = 131072
	session.timeout.ms = 45000
	socket.connection.setup.timeout.max.ms = 30000
	socket.connection.setup.timeout.ms = 10000
	ssl.cipher.suites = null
	ssl.enabled.protocols = [TLSv1.2, TLSv1.3]
	ssl.endpoint.identification.algorithm = https
	ssl.engine.factory.class = null
	ssl.key.password = null
	ssl.keymanager.algorithm = SunX509
	ssl.keystore.certificate.chain = null
	ssl.keystore.key = null
	ssl.keystore.location = null
	ssl.keystore.password = null
	ssl.keystore.type = JKS
	ssl.protocol = TLSv1.3
	ssl.provider = null
	ssl.secure.random.implementation = null
	ssl.trustmanager.algorithm = PKIX
	ssl.truststore.certificates = null
	ssl.truststore.location = null
	ssl.truststore.password = null
	ssl.truststore.type = JKS
	value.deserializer = class org.springframework.kafka.support.serializer.ErrorHandlingDeserializer

2026-05-18 20:25:27 [main] INFO  o.a.kafka.common.utils.AppInfoParser - Kafka version: 3.6.1
2026-05-18 20:25:27 [main] INFO  o.a.kafka.common.utils.AppInfoParser - Kafka commitId: 5e3c2b738d253ff5
2026-05-18 20:25:27 [main] INFO  o.a.kafka.common.utils.AppInfoParser - Kafka startTimeMs: 1779116127985
2026-05-18 20:25:27 [main] INFO  o.s.k.c.DefaultKafkaConsumerFactory$ExtendedKafkaConsumer - [Consumer clientId=consumer-notification-service-group-notify-approved-23, groupId=notification-service-group-notify-approved] Subscribed to topic(s): solution.approved
2026-05-18 20:25:27 [main] INFO  o.a.k.c.consumer.ConsumerConfig - ConsumerConfig values: 
	allow.auto.create.topics = true
	auto.commit.interval.ms = 5000
	auto.include.jmx.reporter = true
	auto.offset.reset = earliest
	bootstrap.servers = [localhost:9092]
	check.crcs = true
	client.dns.lookup = use_all_dns_ips
	client.id = consumer-notification-service-group-notify-approved-24
	client.rack = 
	connections.max.idle.ms = 540000
	default.api.timeout.ms = 60000
	enable.auto.commit = false
	exclude.internal.topics = true
	fetch.max.bytes = 52428800
	fetch.max.wait.ms = 500
	fetch.min.bytes = 1
	group.id = notification-service-group-notify-approved
	group.instance.id = null
	heartbeat.interval.ms = 3000
	interceptor.classes = []
	internal.leave.group.on.close = true
	internal.throw.on.fetch.stable.offset.unsupported = false
	isolation.level = read_uncommitted
	key.deserializer = class org.apache.kafka.common.serialization.StringDeserializer
	max.partition.fetch.bytes = 1048576
	max.poll.interval.ms = 300000
	max.poll.records = 500
	metadata.max.age.ms = 300000
	metric.reporters = []
	metrics.num.samples = 2
	metrics.recording.level = INFO
	metrics.sample.window.ms = 30000
	partition.assignment.strategy = [class org.apache.kafka.clients.consumer.RangeAssignor, class org.apache.kafka.clients.consumer.CooperativeStickyAssignor]
	receive.buffer.bytes = 65536
	reconnect.backoff.max.ms = 1000
	reconnect.backoff.ms = 50
	request.timeout.ms = 30000
	retry.backoff.ms = 100
	sasl.client.callback.handler.class = null
	sasl.jaas.config = null
	sasl.kerberos.kinit.cmd = /usr/bin/kinit
	sasl.kerberos.min.time.before.relogin = 60000
	sasl.kerberos.service.name = null
	sasl.kerberos.ticket.renew.jitter = 0.05
	sasl.kerberos.ticket.renew.window.factor = 0.8
	sasl.login.callback.handler.class = null
	sasl.login.class = null
	sasl.login.connect.timeout.ms = null
	sasl.login.read.timeout.ms = null
	sasl.login.refresh.buffer.seconds = 300
	sasl.login.refresh.min.period.seconds = 60
	sasl.login.refresh.window.factor = 0.8
	sasl.login.refresh.window.jitter = 0.05
	sasl.login.retry.backoff.max.ms = 10000
	sasl.login.retry.backoff.ms = 100
	sasl.mechanism = GSSAPI
	sasl.oauthbearer.clock.skew.seconds = 30
	sasl.oauthbearer.expected.audience = null
	sasl.oauthbearer.expected.issuer = null
	sasl.oauthbearer.jwks.endpoint.refresh.ms = 3600000
	sasl.oauthbearer.jwks.endpoint.retry.backoff.max.ms = 10000
	sasl.oauthbearer.jwks.endpoint.retry.backoff.ms = 100
	sasl.oauthbearer.jwks.endpoint.url = null
	sasl.oauthbearer.scope.claim.name = scope
	sasl.oauthbearer.sub.claim.name = sub
	sasl.oauthbearer.token.endpoint.url = null
	security.protocol = PLAINTEXT
	security.providers = null
	send.buffer.bytes = 131072
	session.timeout.ms = 45000
	socket.connection.setup.timeout.max.ms = 30000
	socket.connection.setup.timeout.ms = 10000
	ssl.cipher.suites = null
	ssl.enabled.protocols = [TLSv1.2, TLSv1.3]
	ssl.endpoint.identification.algorithm = https
	ssl.engine.factory.class = null
	ssl.key.password = null
	ssl.keymanager.algorithm = SunX509
	ssl.keystore.certificate.chain = null
	ssl.keystore.key = null
	ssl.keystore.location = null
	ssl.keystore.password = null
	ssl.keystore.type = JKS
	ssl.protocol = TLSv1.3
	ssl.provider = null
	ssl.secure.random.implementation = null
	ssl.trustmanager.algorithm = PKIX
	ssl.truststore.certificates = null
	ssl.truststore.location = null
	ssl.truststore.password = null
	ssl.truststore.type = JKS
	value.deserializer = class org.springframework.kafka.support.serializer.ErrorHandlingDeserializer

2026-05-18 20:25:27 [main] INFO  o.a.kafka.common.utils.AppInfoParser - Kafka version: 3.6.1
2026-05-18 20:25:27 [main] INFO  o.a.kafka.common.utils.AppInfoParser - Kafka commitId: 5e3c2b738d253ff5
2026-05-18 20:25:27 [main] INFO  o.a.kafka.common.utils.AppInfoParser - Kafka startTimeMs: 1779116127992
2026-05-18 20:25:27 [main] INFO  o.s.k.c.DefaultKafkaConsumerFactory$ExtendedKafkaConsumer - [Consumer clientId=consumer-notification-service-group-notify-approved-24, groupId=notification-service-group-notify-approved] Subscribed to topic(s): solution.approved
2026-05-18 20:25:27 [main] INFO  o.a.k.c.consumer.ConsumerConfig - ConsumerConfig values: 
	allow.auto.create.topics = true
	auto.commit.interval.ms = 5000
	auto.include.jmx.reporter = true
	auto.offset.reset = earliest
	bootstrap.servers = [localhost:9092]
	check.crcs = true
	client.dns.lookup = use_all_dns_ips
	client.id = consumer-notification-service-group-25
	client.rack = 
	connections.max.idle.ms = 540000
	default.api.timeout.ms = 60000
	enable.auto.commit = false
	exclude.internal.topics = true
	fetch.max.bytes = 52428800
	fetch.max.wait.ms = 500
	fetch.min.bytes = 1
	group.id = notification-service-group
	group.instance.id = null
	heartbeat.interval.ms = 3000
	interceptor.classes = []
	internal.leave.group.on.close = true
	internal.throw.on.fetch.stable.offset.unsupported = false
	isolation.level = read_uncommitted
	key.deserializer = class org.apache.kafka.common.serialization.StringDeserializer
	max.partition.fetch.bytes = 1048576
	max.poll.interval.ms = 300000
	max.poll.records = 500
	metadata.max.age.ms = 300000
	metric.reporters = []
	metrics.num.samples = 2
	metrics.recording.level = INFO
	metrics.sample.window.ms = 30000
	partition.assignment.strategy = [class org.apache.kafka.clients.consumer.RangeAssignor, class org.apache.kafka.clients.consumer.CooperativeStickyAssignor]
	receive.buffer.bytes = 65536
	reconnect.backoff.max.ms = 1000
	reconnect.backoff.ms = 50
	request.timeout.ms = 30000
	retry.backoff.ms = 100
	sasl.client.callback.handler.class = null
	sasl.jaas.config = null
	sasl.kerberos.kinit.cmd = /usr/bin/kinit
	sasl.kerberos.min.time.before.relogin = 60000
	sasl.kerberos.service.name = null
	sasl.kerberos.ticket.renew.jitter = 0.05
	sasl.kerberos.ticket.renew.window.factor = 0.8
	sasl.login.callback.handler.class = null
	sasl.login.class = null
	sasl.login.connect.timeout.ms = null
	sasl.login.read.timeout.ms = null
	sasl.login.refresh.buffer.seconds = 300
	sasl.login.refresh.min.period.seconds = 60
	sasl.login.refresh.window.factor = 0.8
	sasl.login.refresh.window.jitter = 0.05
	sasl.login.retry.backoff.max.ms = 10000
	sasl.login.retry.backoff.ms = 100
	sasl.mechanism = GSSAPI
	sasl.oauthbearer.clock.skew.seconds = 30
	sasl.oauthbearer.expected.audience = null
	sasl.oauthbearer.expected.issuer = null
	sasl.oauthbearer.jwks.endpoint.refresh.ms = 3600000
	sasl.oauthbearer.jwks.endpoint.retry.backoff.max.ms = 10000
	sasl.oauthbearer.jwks.endpoint.retry.backoff.ms = 100
	sasl.oauthbearer.jwks.endpoint.url = null
	sasl.oauthbearer.scope.claim.name = scope
	sasl.oauthbearer.sub.claim.name = sub
	sasl.oauthbearer.token.endpoint.url = null
	security.protocol = PLAINTEXT
	security.providers = null
	send.buffer.bytes = 131072
	session.timeout.ms = 45000
	socket.connection.setup.timeout.max.ms = 30000
	socket.connection.setup.timeout.ms = 10000
	ssl.cipher.suites = null
	ssl.enabled.protocols = [TLSv1.2, TLSv1.3]
	ssl.endpoint.identification.algorithm = https
	ssl.engine.factory.class = null
	ssl.key.password = null
	ssl.keymanager.algorithm = SunX509
	ssl.keystore.certificate.chain = null
	ssl.keystore.key = null
	ssl.keystore.location = null
	ssl.keystore.password = null
	ssl.keystore.type = JKS
	ssl.protocol = TLSv1.3
	ssl.provider = null
	ssl.secure.random.implementation = null
	ssl.trustmanager.algorithm = PKIX
	ssl.truststore.certificates = null
	ssl.truststore.location = null
	ssl.truststore.password = null
	ssl.truststore.type = JKS
	value.deserializer = class org.springframework.kafka.support.serializer.ErrorHandlingDeserializer

2026-05-18 20:25:27 [main] INFO  o.a.kafka.common.utils.AppInfoParser - Kafka version: 3.6.1
2026-05-18 20:25:27 [main] INFO  o.a.kafka.common.utils.AppInfoParser - Kafka commitId: 5e3c2b738d253ff5
2026-05-18 20:25:27 [main] INFO  o.a.kafka.common.utils.AppInfoParser - Kafka startTimeMs: 1779116127998
2026-05-18 20:25:27 [main] INFO  o.s.k.c.DefaultKafkaConsumerFactory$ExtendedKafkaConsumer - [Consumer clientId=consumer-notification-service-group-25, groupId=notification-service-group] Subscribed to topic(s): leaderboard.updated
2026-05-18 20:25:28 [main] INFO  o.a.k.c.consumer.ConsumerConfig - ConsumerConfig values: 
	allow.auto.create.topics = true
	auto.commit.interval.ms = 5000
	auto.include.jmx.reporter = true
	auto.offset.reset = earliest
	bootstrap.servers = [localhost:9092]
	check.crcs = true
	client.dns.lookup = use_all_dns_ips
	client.id = consumer-notification-service-group-26
	client.rack = 
	connections.max.idle.ms = 540000
	default.api.timeout.ms = 60000
	enable.auto.commit = false
	exclude.internal.topics = true
	fetch.max.bytes = 52428800
	fetch.max.wait.ms = 500
	fetch.min.bytes = 1
	group.id = notification-service-group
	group.instance.id = null
	heartbeat.interval.ms = 3000
	interceptor.classes = []
	internal.leave.group.on.close = true
	internal.throw.on.fetch.stable.offset.unsupported = false
	isolation.level = read_uncommitted
	key.deserializer = class org.apache.kafka.common.serialization.StringDeserializer
	max.partition.fetch.bytes = 1048576
	max.poll.interval.ms = 300000
	max.poll.records = 500
	metadata.max.age.ms = 300000
	metric.reporters = []
	metrics.num.samples = 2
	metrics.recording.level = INFO
	metrics.sample.window.ms = 30000
	partition.assignment.strategy = [class org.apache.kafka.clients.consumer.RangeAssignor, class org.apache.kafka.clients.consumer.CooperativeStickyAssignor]
	receive.buffer.bytes = 65536
	reconnect.backoff.max.ms = 1000
	reconnect.backoff.ms = 50
	request.timeout.ms = 30000
	retry.backoff.ms = 100
	sasl.client.callback.handler.class = null
	sasl.jaas.config = null
	sasl.kerberos.kinit.cmd = /usr/bin/kinit
	sasl.kerberos.min.time.before.relogin = 60000
	sasl.kerberos.service.name = null
	sasl.kerberos.ticket.renew.jitter = 0.05
	sasl.kerberos.ticket.renew.window.factor = 0.8
	sasl.login.callback.handler.class = null
	sasl.login.class = null
	sasl.login.connect.timeout.ms = null
	sasl.login.read.timeout.ms = null
	sasl.login.refresh.buffer.seconds = 300
	sasl.login.refresh.min.period.seconds = 60
	sasl.login.refresh.window.factor = 0.8
	sasl.login.refresh.window.jitter = 0.05
	sasl.login.retry.backoff.max.ms = 10000
	sasl.login.retry.backoff.ms = 100
	sasl.mechanism = GSSAPI
	sasl.oauthbearer.clock.skew.seconds = 30
	sasl.oauthbearer.expected.audience = null
	sasl.oauthbearer.expected.issuer = null
	sasl.oauthbearer.jwks.endpoint.refresh.ms = 3600000
	sasl.oauthbearer.jwks.endpoint.retry.backoff.max.ms = 10000
	sasl.oauthbearer.jwks.endpoint.retry.backoff.ms = 100
	sasl.oauthbearer.jwks.endpoint.url = null
	sasl.oauthbearer.scope.claim.name = scope
	sasl.oauthbearer.sub.claim.name = sub
	sasl.oauthbearer.token.endpoint.url = null
	security.protocol = PLAINTEXT
	security.providers = null
	send.buffer.bytes = 131072
	session.timeout.ms = 45000
	socket.connection.setup.timeout.max.ms = 30000
	socket.connection.setup.timeout.ms = 10000
	ssl.cipher.suites = null
	ssl.enabled.protocols = [TLSv1.2, TLSv1.3]
	ssl.endpoint.identification.algorithm = https
	ssl.engine.factory.class = null
	ssl.key.password = null
	ssl.keymanager.algorithm = SunX509
	ssl.keystore.certificate.chain = null
	ssl.keystore.key = null
	ssl.keystore.location = null
	ssl.keystore.password = null
	ssl.keystore.type = JKS
	ssl.protocol = TLSv1.3
	ssl.provider = null
	ssl.secure.random.implementation = null
	ssl.trustmanager.algorithm = PKIX
	ssl.truststore.certificates = null
	ssl.truststore.location = null
	ssl.truststore.password = null
	ssl.truststore.type = JKS
	value.deserializer = class org.springframework.kafka.support.serializer.ErrorHandlingDeserializer

2026-05-18 20:25:28 [main] INFO  o.a.kafka.common.utils.AppInfoParser - Kafka version: 3.6.1
2026-05-18 20:25:28 [main] INFO  o.a.kafka.common.utils.AppInfoParser - Kafka commitId: 5e3c2b738d253ff5
2026-05-18 20:25:28 [main] INFO  o.a.kafka.common.utils.AppInfoParser - Kafka startTimeMs: 1779116128013
2026-05-18 20:25:28 [main] INFO  o.s.k.c.DefaultKafkaConsumerFactory$ExtendedKafkaConsumer - [Consumer clientId=consumer-notification-service-group-26, groupId=notification-service-group] Subscribed to topic(s): leaderboard.updated
2026-05-18 20:25:28 [main] INFO  o.a.k.c.consumer.ConsumerConfig - ConsumerConfig values: 
	allow.auto.create.topics = true
	auto.commit.interval.ms = 5000
	auto.include.jmx.reporter = true
	auto.offset.reset = earliest
	bootstrap.servers = [localhost:9092]
	check.crcs = true
	client.dns.lookup = use_all_dns_ips
	client.id = consumer-notification-service-group-27
	client.rack = 
	connections.max.idle.ms = 540000
	default.api.timeout.ms = 60000
	enable.auto.commit = false
	exclude.internal.topics = true
	fetch.max.bytes = 52428800
	fetch.max.wait.ms = 500
	fetch.min.bytes = 1
	group.id = notification-service-group
	group.instance.id = null
	heartbeat.interval.ms = 3000
	interceptor.classes = []
	internal.leave.group.on.close = true
	internal.throw.on.fetch.stable.offset.unsupported = false
	isolation.level = read_uncommitted
	key.deserializer = class org.apache.kafka.common.serialization.StringDeserializer
	max.partition.fetch.bytes = 1048576
	max.poll.interval.ms = 300000
	max.poll.records = 500
	metadata.max.age.ms = 300000
	metric.reporters = []
	metrics.num.samples = 2
	metrics.recording.level = INFO
	metrics.sample.window.ms = 30000
	partition.assignment.strategy = [class org.apache.kafka.clients.consumer.RangeAssignor, class org.apache.kafka.clients.consumer.CooperativeStickyAssignor]
	receive.buffer.bytes = 65536
	reconnect.backoff.max.ms = 1000
	reconnect.backoff.ms = 50
	request.timeout.ms = 30000
	retry.backoff.ms = 100
	sasl.client.callback.handler.class = null
	sasl.jaas.config = null
	sasl.kerberos.kinit.cmd = /usr/bin/kinit
	sasl.kerberos.min.time.before.relogin = 60000
	sasl.kerberos.service.name = null
	sasl.kerberos.ticket.renew.jitter = 0.05
	sasl.kerberos.ticket.renew.window.factor = 0.8
	sasl.login.callback.handler.class = null
	sasl.login.class = null
	sasl.login.connect.timeout.ms = null
	sasl.login.read.timeout.ms = null
	sasl.login.refresh.buffer.seconds = 300
	sasl.login.refresh.min.period.seconds = 60
	sasl.login.refresh.window.factor = 0.8
	sasl.login.refresh.window.jitter = 0.05
	sasl.login.retry.backoff.max.ms = 10000
	sasl.login.retry.backoff.ms = 100
	sasl.mechanism = GSSAPI
	sasl.oauthbearer.clock.skew.seconds = 30
	sasl.oauthbearer.expected.audience = null
	sasl.oauthbearer.expected.issuer = null
	sasl.oauthbearer.jwks.endpoint.refresh.ms = 3600000
	sasl.oauthbearer.jwks.endpoint.retry.backoff.max.ms = 10000
	sasl.oauthbearer.jwks.endpoint.retry.backoff.ms = 100
	sasl.oauthbearer.jwks.endpoint.url = null
	sasl.oauthbearer.scope.claim.name = scope
	sasl.oauthbearer.sub.claim.name = sub
	sasl.oauthbearer.token.endpoint.url = null
	security.protocol = PLAINTEXT
	security.providers = null
	send.buffer.bytes = 131072
	session.timeout.ms = 45000
	socket.connection.setup.timeout.max.ms = 30000
	socket.connection.setup.timeout.ms = 10000
	ssl.cipher.suites = null
	ssl.enabled.protocols = [TLSv1.2, TLSv1.3]
	ssl.endpoint.identification.algorithm = https
	ssl.engine.factory.class = null
	ssl.key.password = null
	ssl.keymanager.algorithm = SunX509
	ssl.keystore.certificate.chain = null
	ssl.keystore.key = null
	ssl.keystore.location = null
	ssl.keystore.password = null
	ssl.keystore.type = JKS
	ssl.protocol = TLSv1.3
	ssl.provider = null
	ssl.secure.random.implementation = null
	ssl.trustmanager.algorithm = PKIX
	ssl.truststore.certificates = null
	ssl.truststore.location = null
	ssl.truststore.password = null
	ssl.truststore.type = JKS
	value.deserializer = class org.springframework.kafka.support.serializer.ErrorHandlingDeserializer

2026-05-18 20:25:28 [main] INFO  o.a.kafka.common.utils.AppInfoParser - Kafka version: 3.6.1
2026-05-18 20:25:28 [main] INFO  o.a.kafka.common.utils.AppInfoParser - Kafka commitId: 5e3c2b738d253ff5
2026-05-18 20:25:28 [main] INFO  o.a.kafka.common.utils.AppInfoParser - Kafka startTimeMs: 1779116128026
2026-05-18 20:25:28 [main] INFO  o.s.k.c.DefaultKafkaConsumerFactory$ExtendedKafkaConsumer - [Consumer clientId=consumer-notification-service-group-27, groupId=notification-service-group] Subscribed to topic(s): leaderboard.updated
2026-05-18 20:25:28 [main] INFO  o.a.k.c.consumer.ConsumerConfig - ConsumerConfig values: 
	allow.auto.create.topics = true
	auto.commit.interval.ms = 5000
	auto.include.jmx.reporter = true
	auto.offset.reset = earliest
	bootstrap.servers = [localhost:9092]
	check.crcs = true
	client.dns.lookup = use_all_dns_ips
	client.id = consumer-notification-service-group-28
	client.rack = 
	connections.max.idle.ms = 540000
	default.api.timeout.ms = 60000
	enable.auto.commit = false
	exclude.internal.topics = true
	fetch.max.bytes = 52428800
	fetch.max.wait.ms = 500
	fetch.min.bytes = 1
	group.id = notification-service-group
	group.instance.id = null
	heartbeat.interval.ms = 3000
	interceptor.classes = []
	internal.leave.group.on.close = true
	internal.throw.on.fetch.stable.offset.unsupported = false
	isolation.level = read_uncommitted
	key.deserializer = class org.apache.kafka.common.serialization.StringDeserializer
	max.partition.fetch.bytes = 1048576
	max.poll.interval.ms = 300000
	max.poll.records = 500
	metadata.max.age.ms = 300000
	metric.reporters = []
	metrics.num.samples = 2
	metrics.recording.level = INFO
	metrics.sample.window.ms = 30000
	partition.assignment.strategy = [class org.apache.kafka.clients.consumer.RangeAssignor, class org.apache.kafka.clients.consumer.CooperativeStickyAssignor]
	receive.buffer.bytes = 65536
	reconnect.backoff.max.ms = 1000
	reconnect.backoff.ms = 50
	request.timeout.ms = 30000
	retry.backoff.ms = 100
	sasl.client.callback.handler.class = null
	sasl.jaas.config = null
	sasl.kerberos.kinit.cmd = /usr/bin/kinit
	sasl.kerberos.min.time.before.relogin = 60000
	sasl.kerberos.service.name = null
	sasl.kerberos.ticket.renew.jitter = 0.05
	sasl.kerberos.ticket.renew.window.factor = 0.8
	sasl.login.callback.handler.class = null
	sasl.login.class = null
	sasl.login.connect.timeout.ms = null
	sasl.login.read.timeout.ms = null
	sasl.login.refresh.buffer.seconds = 300
	sasl.login.refresh.min.period.seconds = 60
	sasl.login.refresh.window.factor = 0.8
	sasl.login.refresh.window.jitter = 0.05
	sasl.login.retry.backoff.max.ms = 10000
	sasl.login.retry.backoff.ms = 100
	sasl.mechanism = GSSAPI
	sasl.oauthbearer.clock.skew.seconds = 30
	sasl.oauthbearer.expected.audience = null
	sasl.oauthbearer.expected.issuer = null
	sasl.oauthbearer.jwks.endpoint.refresh.ms = 3600000
	sasl.oauthbearer.jwks.endpoint.retry.backoff.max.ms = 10000
	sasl.oauthbearer.jwks.endpoint.retry.backoff.ms = 100
	sasl.oauthbearer.jwks.endpoint.url = null
	sasl.oauthbearer.scope.claim.name = scope
	sasl.oauthbearer.sub.claim.name = sub
	sasl.oauthbearer.token.endpoint.url = null
	security.protocol = PLAINTEXT
	security.providers = null
	send.buffer.bytes = 131072
	session.timeout.ms = 45000
	socket.connection.setup.timeout.max.ms = 30000
	socket.connection.setup.timeout.ms = 10000
	ssl.cipher.suites = null
	ssl.enabled.protocols = [TLSv1.2, TLSv1.3]
	ssl.endpoint.identification.algorithm = https
	ssl.engine.factory.class = null
	ssl.key.password = null
	ssl.keymanager.algorithm = SunX509
	ssl.keystore.certificate.chain = null
	ssl.keystore.key = null
	ssl.keystore.location = null
	ssl.keystore.password = null
	ssl.keystore.type = JKS
	ssl.protocol = TLSv1.3
	ssl.provider = null
	ssl.secure.random.implementation = null
	ssl.trustmanager.algorithm = PKIX
	ssl.truststore.certificates = null
	ssl.truststore.location = null
	ssl.truststore.password = null
	ssl.truststore.type = JKS
	value.deserializer = class org.springframework.kafka.support.serializer.ErrorHandlingDeserializer

2026-05-18 20:25:28 [main] INFO  o.a.kafka.common.utils.AppInfoParser - Kafka version: 3.6.1
2026-05-18 20:25:28 [main] INFO  o.a.kafka.common.utils.AppInfoParser - Kafka commitId: 5e3c2b738d253ff5
2026-05-18 20:25:28 [main] INFO  o.a.kafka.common.utils.AppInfoParser - Kafka startTimeMs: 1779116128038
2026-05-18 20:25:28 [main] INFO  o.s.k.c.DefaultKafkaConsumerFactory$ExtendedKafkaConsumer - [Consumer clientId=consumer-notification-service-group-28, groupId=notification-service-group] Subscribed to topic(s): ticket.created
2026-05-18 20:25:28 [main] INFO  o.a.k.c.consumer.ConsumerConfig - ConsumerConfig values: 
	allow.auto.create.topics = true
	auto.commit.interval.ms = 5000
	auto.include.jmx.reporter = true
	auto.offset.reset = earliest
	bootstrap.servers = [localhost:9092]
	check.crcs = true
	client.dns.lookup = use_all_dns_ips
	client.id = consumer-notification-service-group-29
	client.rack = 
	connections.max.idle.ms = 540000
	default.api.timeout.ms = 60000
	enable.auto.commit = false
	exclude.internal.topics = true
	fetch.max.bytes = 52428800
	fetch.max.wait.ms = 500
	fetch.min.bytes = 1
	group.id = notification-service-group
	group.instance.id = null
	heartbeat.interval.ms = 3000
	interceptor.classes = []
	internal.leave.group.on.close = true
	internal.throw.on.fetch.stable.offset.unsupported = false
	isolation.level = read_uncommitted
	key.deserializer = class org.apache.kafka.common.serialization.StringDeserializer
	max.partition.fetch.bytes = 1048576
	max.poll.interval.ms = 300000
	max.poll.records = 500
	metadata.max.age.ms = 300000
	metric.reporters = []
	metrics.num.samples = 2
	metrics.recording.level = INFO
	metrics.sample.window.ms = 30000
	partition.assignment.strategy = [class org.apache.kafka.clients.consumer.RangeAssignor, class org.apache.kafka.clients.consumer.CooperativeStickyAssignor]
	receive.buffer.bytes = 65536
	reconnect.backoff.max.ms = 1000
	reconnect.backoff.ms = 50
	request.timeout.ms = 30000
	retry.backoff.ms = 100
	sasl.client.callback.handler.class = null
	sasl.jaas.config = null
	sasl.kerberos.kinit.cmd = /usr/bin/kinit
	sasl.kerberos.min.time.before.relogin = 60000
	sasl.kerberos.service.name = null
	sasl.kerberos.ticket.renew.jitter = 0.05
	sasl.kerberos.ticket.renew.window.factor = 0.8
	sasl.login.callback.handler.class = null
	sasl.login.class = null
	sasl.login.connect.timeout.ms = null
	sasl.login.read.timeout.ms = null
	sasl.login.refresh.buffer.seconds = 300
	sasl.login.refresh.min.period.seconds = 60
	sasl.login.refresh.window.factor = 0.8
	sasl.login.refresh.window.jitter = 0.05
	sasl.login.retry.backoff.max.ms = 10000
	sasl.login.retry.backoff.ms = 100
	sasl.mechanism = GSSAPI
	sasl.oauthbearer.clock.skew.seconds = 30
	sasl.oauthbearer.expected.audience = null
	sasl.oauthbearer.expected.issuer = null
	sasl.oauthbearer.jwks.endpoint.refresh.ms = 3600000
	sasl.oauthbearer.jwks.endpoint.retry.backoff.max.ms = 10000
	sasl.oauthbearer.jwks.endpoint.retry.backoff.ms = 100
	sasl.oauthbearer.jwks.endpoint.url = null
	sasl.oauthbearer.scope.claim.name = scope
	sasl.oauthbearer.sub.claim.name = sub
	sasl.oauthbearer.token.endpoint.url = null
	security.protocol = PLAINTEXT
	security.providers = null
	send.buffer.bytes = 131072
	session.timeout.ms = 45000
	socket.connection.setup.timeout.max.ms = 30000
	socket.connection.setup.timeout.ms = 10000
	ssl.cipher.suites = null
	ssl.enabled.protocols = [TLSv1.2, TLSv1.3]
	ssl.endpoint.identification.algorithm = https
	ssl.engine.factory.class = null
	ssl.key.password = null
	ssl.keymanager.algorithm = SunX509
	ssl.keystore.certificate.chain = null
	ssl.keystore.key = null
	ssl.keystore.location = null
	ssl.keystore.password = null
	ssl.keystore.type = JKS
	ssl.protocol = TLSv1.3
	ssl.provider = null
	ssl.secure.random.implementation = null
	ssl.trustmanager.algorithm = PKIX
	ssl.truststore.certificates = null
	ssl.truststore.location = null
	ssl.truststore.password = null
	ssl.truststore.type = JKS
	value.deserializer = class org.springframework.kafka.support.serializer.ErrorHandlingDeserializer

2026-05-18 20:25:28 [main] INFO  o.a.kafka.common.utils.AppInfoParser - Kafka version: 3.6.1
2026-05-18 20:25:28 [main] INFO  o.a.kafka.common.utils.AppInfoParser - Kafka commitId: 5e3c2b738d253ff5
2026-05-18 20:25:28 [main] INFO  o.a.kafka.common.utils.AppInfoParser - Kafka startTimeMs: 1779116128041
2026-05-18 20:25:28 [main] INFO  o.s.k.c.DefaultKafkaConsumerFactory$ExtendedKafkaConsumer - [Consumer clientId=consumer-notification-service-group-29, groupId=notification-service-group] Subscribed to topic(s): ticket.created
2026-05-18 20:25:28 [main] INFO  o.a.k.c.consumer.ConsumerConfig - ConsumerConfig values: 
	allow.auto.create.topics = true
	auto.commit.interval.ms = 5000
	auto.include.jmx.reporter = true
	auto.offset.reset = earliest
	bootstrap.servers = [localhost:9092]
	check.crcs = true
	client.dns.lookup = use_all_dns_ips
	client.id = consumer-notification-service-group-30
	client.rack = 
	connections.max.idle.ms = 540000
	default.api.timeout.ms = 60000
	enable.auto.commit = false
	exclude.internal.topics = true
	fetch.max.bytes = 52428800
	fetch.max.wait.ms = 500
	fetch.min.bytes = 1
	group.id = notification-service-group
	group.instance.id = null
	heartbeat.interval.ms = 3000
	interceptor.classes = []
	internal.leave.group.on.close = true
	internal.throw.on.fetch.stable.offset.unsupported = false
	isolation.level = read_uncommitted
	key.deserializer = class org.apache.kafka.common.serialization.StringDeserializer
	max.partition.fetch.bytes = 1048576
	max.poll.interval.ms = 300000
	max.poll.records = 500
	metadata.max.age.ms = 300000
	metric.reporters = []
	metrics.num.samples = 2
	metrics.recording.level = INFO
	metrics.sample.window.ms = 30000
	partition.assignment.strategy = [class org.apache.kafka.clients.consumer.RangeAssignor, class org.apache.kafka.clients.consumer.CooperativeStickyAssignor]
	receive.buffer.bytes = 65536
	reconnect.backoff.max.ms = 1000
	reconnect.backoff.ms = 50
	request.timeout.ms = 30000
	retry.backoff.ms = 100
	sasl.client.callback.handler.class = null
	sasl.jaas.config = null
	sasl.kerberos.kinit.cmd = /usr/bin/kinit
	sasl.kerberos.min.time.before.relogin = 60000
	sasl.kerberos.service.name = null
	sasl.kerberos.ticket.renew.jitter = 0.05
	sasl.kerberos.ticket.renew.window.factor = 0.8
	sasl.login.callback.handler.class = null
	sasl.login.class = null
	sasl.login.connect.timeout.ms = null
	sasl.login.read.timeout.ms = null
	sasl.login.refresh.buffer.seconds = 300
	sasl.login.refresh.min.period.seconds = 60
	sasl.login.refresh.window.factor = 0.8
	sasl.login.refresh.window.jitter = 0.05
	sasl.login.retry.backoff.max.ms = 10000
	sasl.login.retry.backoff.ms = 100
	sasl.mechanism = GSSAPI
	sasl.oauthbearer.clock.skew.seconds = 30
	sasl.oauthbearer.expected.audience = null
	sasl.oauthbearer.expected.issuer = null
	sasl.oauthbearer.jwks.endpoint.refresh.ms = 3600000
	sasl.oauthbearer.jwks.endpoint.retry.backoff.max.ms = 10000
	sasl.oauthbearer.jwks.endpoint.retry.backoff.ms = 100
	sasl.oauthbearer.jwks.endpoint.url = null
	sasl.oauthbearer.scope.claim.name = scope
	sasl.oauthbearer.sub.claim.name = sub
	sasl.oauthbearer.token.endpoint.url = null
	security.protocol = PLAINTEXT
	security.providers = null
	send.buffer.bytes = 131072
	session.timeout.ms = 45000
	socket.connection.setup.timeout.max.ms = 30000
	socket.connection.setup.timeout.ms = 10000
	ssl.cipher.suites = null
	ssl.enabled.protocols = [TLSv1.2, TLSv1.3]
	ssl.endpoint.identification.algorithm = https
	ssl.engine.factory.class = null
	ssl.key.password = null
	ssl.keymanager.algorithm = SunX509
	ssl.keystore.certificate.chain = null
	ssl.keystore.key = null
	ssl.keystore.location = null
	ssl.keystore.password = null
	ssl.keystore.type = JKS
	ssl.protocol = TLSv1.3
	ssl.provider = null
	ssl.secure.random.implementation = null
	ssl.trustmanager.algorithm = PKIX
	ssl.truststore.certificates = null
	ssl.truststore.location = null
	ssl.truststore.password = null
	ssl.truststore.type = JKS
	value.deserializer = class org.springframework.kafka.support.serializer.ErrorHandlingDeserializer

2026-05-18 20:25:28 [main] INFO  o.a.kafka.common.utils.AppInfoParser - Kafka version: 3.6.1
2026-05-18 20:25:28 [main] INFO  o.a.kafka.common.utils.AppInfoParser - Kafka commitId: 5e3c2b738d253ff5
2026-05-18 20:25:28 [main] INFO  o.a.kafka.common.utils.AppInfoParser - Kafka startTimeMs: 1779116128080
2026-05-18 20:25:28 [main] INFO  o.s.k.c.DefaultKafkaConsumerFactory$ExtendedKafkaConsumer - [Consumer clientId=consumer-notification-service-group-30, groupId=notification-service-group] Subscribed to topic(s): ticket.created
2026-05-18 20:25:28 [org.springframework.kafka.KafkaListenerEndpointContainer#3-0-C-1] INFO  org.apache.kafka.clients.Metadata - [Consumer clientId=consumer-notification-service-group-16, groupId=notification-service-group] Cluster ID: 538wPjqAT8OPgbqLgW0seg
2026-05-18 20:25:28 [org.springframework.kafka.KafkaListenerEndpointContainer#0-0-C-1] INFO  org.apache.kafka.clients.Metadata - [Consumer clientId=consumer-notification-service-group-28, groupId=notification-service-group] Cluster ID: 538wPjqAT8OPgbqLgW0seg
2026-05-18 20:25:28 [org.springframework.kafka.KafkaListenerEndpointContainer#8-0-C-1] INFO  org.apache.kafka.clients.Metadata - [Consumer clientId=consumer-notification-service-group-7, groupId=notification-service-group] Cluster ID: 538wPjqAT8OPgbqLgW0seg
2026-05-18 20:25:28 [org.springframework.kafka.KafkaListenerEndpointContainer#9-1-C-1] INFO  org.apache.kafka.clients.Metadata - [Consumer clientId=consumer-notification-service-group-11, groupId=notification-service-group] Cluster ID: 538wPjqAT8OPgbqLgW0seg
2026-05-18 20:25:28 [org.springframework.kafka.KafkaListenerEndpointContainer#4-2-C-1] INFO  org.apache.kafka.clients.Metadata - [Consumer clientId=consumer-notification-service-group-21, groupId=notification-service-group] Cluster ID: 538wPjqAT8OPgbqLgW0seg
2026-05-18 20:25:28 [org.springframework.kafka.KafkaListenerEndpointContainer#5-2-C-1] INFO  org.apache.kafka.clients.Metadata - [Consumer clientId=consumer-notification-service-group-notify-approved-24, groupId=notification-service-group-notify-approved] Cluster ID: 538wPjqAT8OPgbqLgW0seg
2026-05-18 20:25:28 [org.springframework.kafka.KafkaListenerEndpointContainer#2-2-C-1] INFO  org.apache.kafka.clients.Metadata - [Consumer clientId=consumer-notification-service-group-15, groupId=notification-service-group] Cluster ID: 538wPjqAT8OPgbqLgW0seg
2026-05-18 20:25:28 [org.springframework.kafka.KafkaListenerEndpointContainer#2-1-C-1] INFO  org.apache.kafka.clients.Metadata - [Consumer clientId=consumer-notification-service-group-14, groupId=notification-service-group] Cluster ID: 538wPjqAT8OPgbqLgW0seg
2026-05-18 20:25:28 [org.springframework.kafka.KafkaListenerEndpointContainer#11-0-C-1] INFO  org.apache.kafka.clients.Metadata - [Consumer clientId=consumer-notification-service-group-25, groupId=notification-service-group] Cluster ID: 538wPjqAT8OPgbqLgW0seg
2026-05-18 20:25:28 [org.springframework.kafka.KafkaListenerEndpointContainer#2-0-C-1] INFO  org.apache.kafka.clients.Metadata - [Consumer clientId=consumer-notification-service-group-13, groupId=notification-service-group] Cluster ID: 538wPjqAT8OPgbqLgW0seg
2026-05-18 20:25:28 [org.springframework.kafka.KafkaListenerEndpointContainer#6-0-C-1] INFO  org.apache.kafka.clients.Metadata - [Consumer clientId=consumer-notification-service-group-1, groupId=notification-service-group] Cluster ID: 538wPjqAT8OPgbqLgW0seg
2026-05-18 20:25:28 [org.springframework.kafka.KafkaListenerEndpointContainer#8-2-C-1] INFO  org.apache.kafka.clients.Metadata - [Consumer clientId=consumer-notification-service-group-9, groupId=notification-service-group] Cluster ID: 538wPjqAT8OPgbqLgW0seg
2026-05-18 20:25:28 [org.springframework.kafka.KafkaListenerEndpointContainer#8-1-C-1] INFO  org.apache.kafka.clients.Metadata - [Consumer clientId=consumer-notification-service-group-8, groupId=notification-service-group] Cluster ID: 538wPjqAT8OPgbqLgW0seg
2026-05-18 20:25:28 [org.springframework.kafka.KafkaListenerEndpointContainer#7-0-C-1] INFO  org.apache.kafka.clients.Metadata - [Consumer clientId=consumer-notification-service-group-4, groupId=notification-service-group] Cluster ID: 538wPjqAT8OPgbqLgW0seg
2026-05-18 20:25:28 [org.springframework.kafka.KafkaListenerEndpointContainer#4-1-C-1] INFO  org.apache.kafka.clients.Metadata - [Consumer clientId=consumer-notification-service-group-20, groupId=notification-service-group] Cluster ID: 538wPjqAT8OPgbqLgW0seg
2026-05-18 20:25:28 [org.springframework.kafka.KafkaListenerEndpointContainer#9-2-C-1] INFO  org.apache.kafka.clients.Metadata - [Consumer clientId=consumer-notification-service-group-12, groupId=notification-service-group] Cluster ID: 538wPjqAT8OPgbqLgW0seg
2026-05-18 20:25:28 [org.springframework.kafka.KafkaListenerEndpointContainer#9-0-C-1] INFO  org.apache.kafka.clients.Metadata - [Consumer clientId=consumer-notification-service-group-10, groupId=notification-service-group] Cluster ID: 538wPjqAT8OPgbqLgW0seg
2026-05-18 20:25:28 [org.springframework.kafka.KafkaListenerEndpointContainer#5-1-C-1] INFO  org.apache.kafka.clients.Metadata - [Consumer clientId=consumer-notification-service-group-notify-approved-23, groupId=notification-service-group-notify-approved] Cluster ID: 538wPjqAT8OPgbqLgW0seg
2026-05-18 20:25:28 [org.springframework.kafka.KafkaListenerEndpointContainer#3-2-C-1] INFO  org.apache.kafka.clients.Metadata - [Consumer clientId=consumer-notification-service-group-18, groupId=notification-service-group] Cluster ID: 538wPjqAT8OPgbqLgW0seg
2026-05-18 20:25:28 [org.springframework.kafka.KafkaListenerEndpointContainer#7-1-C-1] INFO  org.apache.kafka.clients.Metadata - [Consumer clientId=consumer-notification-service-group-5, groupId=notification-service-group] Cluster ID: 538wPjqAT8OPgbqLgW0seg
2026-05-18 20:25:28 [org.springframework.kafka.KafkaListenerEndpointContainer#0-1-C-1] INFO  org.apache.kafka.clients.Metadata - [Consumer clientId=consumer-notification-service-group-29, groupId=notification-service-group] Cluster ID: 538wPjqAT8OPgbqLgW0seg
2026-05-18 20:25:28 [org.springframework.kafka.KafkaListenerEndpointContainer#11-1-C-1] INFO  org.apache.kafka.clients.Metadata - [Consumer clientId=consumer-notification-service-group-26, groupId=notification-service-group] Cluster ID: 538wPjqAT8OPgbqLgW0seg
2026-05-18 20:25:28 [org.springframework.kafka.KafkaListenerEndpointContainer#2-2-C-1] INFO  o.a.k.c.c.i.ConsumerCoordinator - [Consumer clientId=consumer-notification-service-group-15, groupId=notification-service-group] Discovered group coordinator localhost:9092 (id: 2147483646 rack: null)
2026-05-18 20:25:28 [org.springframework.kafka.KafkaListenerEndpointContainer#5-1-C-1] INFO  o.a.k.c.c.i.ConsumerCoordinator - [Consumer clientId=consumer-notification-service-group-notify-approved-23, groupId=notification-service-group-notify-approved] Discovered group coordinator localhost:9092 (id: 2147483646 rack: null)
2026-05-18 20:25:28 [org.springframework.kafka.KafkaListenerEndpointContainer#7-1-C-1] INFO  o.a.k.c.c.i.ConsumerCoordinator - [Consumer clientId=consumer-notification-service-group-5, groupId=notification-service-group] Discovered group coordinator localhost:9092 (id: 2147483646 rack: null)
2026-05-18 20:25:28 [org.springframework.kafka.KafkaListenerEndpointContainer#4-0-C-1] INFO  org.apache.kafka.clients.Metadata - [Consumer clientId=consumer-notification-service-group-19, groupId=notification-service-group] Cluster ID: 538wPjqAT8OPgbqLgW0seg
2026-05-18 20:25:28 [org.springframework.kafka.KafkaListenerEndpointContainer#3-2-C-1] INFO  o.a.k.c.c.i.ConsumerCoordinator - [Consumer clientId=consumer-notification-service-group-18, groupId=notification-service-group] Discovered group coordinator localhost:9092 (id: 2147483646 rack: null)
2026-05-18 20:25:28 [org.springframework.kafka.KafkaListenerEndpointContainer#0-2-C-1] INFO  org.apache.kafka.clients.Metadata - [Consumer clientId=consumer-notification-service-group-30, groupId=notification-service-group] Cluster ID: 538wPjqAT8OPgbqLgW0seg
2026-05-18 20:25:28 [org.springframework.kafka.KafkaListenerEndpointContainer#0-2-C-1] INFO  o.a.k.c.c.i.ConsumerCoordinator - [Consumer clientId=consumer-notification-service-group-30, groupId=notification-service-group] Discovered group coordinator localhost:9092 (id: 2147483646 rack: null)
2026-05-18 20:25:28 [org.springframework.kafka.KafkaListenerEndpointContainer#11-1-C-1] INFO  o.a.k.c.c.i.ConsumerCoordinator - [Consumer clientId=consumer-notification-service-group-26, groupId=notification-service-group] Discovered group coordinator localhost:9092 (id: 2147483646 rack: null)
2026-05-18 20:25:28 [org.springframework.kafka.KafkaListenerEndpointContainer#7-2-C-1] INFO  org.apache.kafka.clients.Metadata - [Consumer clientId=consumer-notification-service-group-6, groupId=notification-service-group] Cluster ID: 538wPjqAT8OPgbqLgW0seg
2026-05-18 20:25:28 [org.springframework.kafka.KafkaListenerEndpointContainer#7-2-C-1] INFO  o.a.k.c.c.i.ConsumerCoordinator - [Consumer clientId=consumer-notification-service-group-6, groupId=notification-service-group] Discovered group coordinator localhost:9092 (id: 2147483646 rack: null)
2026-05-18 20:25:28 [org.springframework.kafka.KafkaListenerEndpointContainer#11-2-C-1] INFO  org.apache.kafka.clients.Metadata - [Consumer clientId=consumer-notification-service-group-27, groupId=notification-service-group] Cluster ID: 538wPjqAT8OPgbqLgW0seg
2026-05-18 20:25:28 [org.springframework.kafka.KafkaListenerEndpointContainer#4-0-C-1] INFO  o.a.k.c.c.i.ConsumerCoordinator - [Consumer clientId=consumer-notification-service-group-19, groupId=notification-service-group] Discovered group coordinator localhost:9092 (id: 2147483646 rack: null)
2026-05-18 20:25:28 [org.springframework.kafka.KafkaListenerEndpointContainer#6-1-C-1] INFO  org.apache.kafka.clients.Metadata - [Consumer clientId=consumer-notification-service-group-2, groupId=notification-service-group] Cluster ID: 538wPjqAT8OPgbqLgW0seg
2026-05-18 20:25:28 [org.springframework.kafka.KafkaListenerEndpointContainer#11-2-C-1] INFO  o.a.k.c.c.i.ConsumerCoordinator - [Consumer clientId=consumer-notification-service-group-27, groupId=notification-service-group] Discovered group coordinator localhost:9092 (id: 2147483646 rack: null)
2026-05-18 20:25:28 [org.springframework.kafka.KafkaListenerEndpointContainer#6-1-C-1] INFO  o.a.k.c.c.i.ConsumerCoordinator - [Consumer clientId=consumer-notification-service-group-2, groupId=notification-service-group] Discovered group coordinator localhost:9092 (id: 2147483646 rack: null)
2026-05-18 20:25:28 [org.springframework.kafka.KafkaListenerEndpointContainer#3-1-C-1] INFO  org.apache.kafka.clients.Metadata - [Consumer clientId=consumer-notification-service-group-17, groupId=notification-service-group] Cluster ID: 538wPjqAT8OPgbqLgW0seg
2026-05-18 20:25:28 [org.springframework.kafka.KafkaListenerEndpointContainer#0-1-C-1] INFO  o.a.k.c.c.i.ConsumerCoordinator - [Consumer clientId=consumer-notification-service-group-29, groupId=notification-service-group] Discovered group coordinator localhost:9092 (id: 2147483646 rack: null)
2026-05-18 20:25:28 [org.springframework.kafka.KafkaListenerEndpointContainer#6-2-C-1] INFO  org.apache.kafka.clients.Metadata - [Consumer clientId=consumer-notification-service-group-3, groupId=notification-service-group] Cluster ID: 538wPjqAT8OPgbqLgW0seg
2026-05-18 20:25:28 [org.springframework.kafka.KafkaListenerEndpointContainer#5-0-C-1] INFO  org.apache.kafka.clients.Metadata - [Consumer clientId=consumer-notification-service-group-notify-approved-22, groupId=notification-service-group-notify-approved] Cluster ID: 538wPjqAT8OPgbqLgW0seg
2026-05-18 20:25:28 [org.springframework.kafka.KafkaListenerEndpointContainer#5-0-C-1] INFO  o.a.k.c.c.i.ConsumerCoordinator - [Consumer clientId=consumer-notification-service-group-notify-approved-22, groupId=notification-service-group-notify-approved] Discovered group coordinator localhost:9092 (id: 2147483646 rack: null)
2026-05-18 20:25:28 [org.springframework.kafka.KafkaListenerEndpointContainer#3-1-C-1] INFO  o.a.k.c.c.i.ConsumerCoordinator - [Consumer clientId=consumer-notification-service-group-17, groupId=notification-service-group] Discovered group coordinator localhost:9092 (id: 2147483646 rack: null)
2026-05-18 20:25:28 [org.springframework.kafka.KafkaListenerEndpointContainer#2-2-C-1] INFO  o.a.k.c.c.i.ConsumerCoordinator - [Consumer clientId=consumer-notification-service-group-15, groupId=notification-service-group] (Re-)joining group
2026-05-18 20:25:28 [org.springframework.kafka.KafkaListenerEndpointContainer#6-2-C-1] INFO  o.a.k.c.c.i.ConsumerCoordinator - [Consumer clientId=consumer-notification-service-group-3, groupId=notification-service-group] Discovered group coordinator localhost:9092 (id: 2147483646 rack: null)
2026-05-18 20:25:28 [org.springframework.kafka.KafkaListenerEndpointContainer#9-0-C-1] INFO  o.a.k.c.c.i.ConsumerCoordinator - [Consumer clientId=consumer-notification-service-group-10, groupId=notification-service-group] Discovered group coordinator localhost:9092 (id: 2147483646 rack: null)
2026-05-18 20:25:28 [org.springframework.kafka.KafkaListenerEndpointContainer#9-2-C-1] INFO  o.a.k.c.c.i.ConsumerCoordinator - [Consumer clientId=consumer-notification-service-group-12, groupId=notification-service-group] Discovered group coordinator localhost:9092 (id: 2147483646 rack: null)
2026-05-18 20:25:28 [org.springframework.kafka.KafkaListenerEndpointContainer#0-1-C-1] INFO  o.a.k.c.c.i.ConsumerCoordinator - [Consumer clientId=consumer-notification-service-group-29, groupId=notification-service-group] (Re-)joining group
2026-05-18 20:25:28 [org.springframework.kafka.KafkaListenerEndpointContainer#5-1-C-1] INFO  o.a.k.c.c.i.ConsumerCoordinator - [Consumer clientId=consumer-notification-service-group-notify-approved-23, groupId=notification-service-group-notify-approved] (Re-)joining group
2026-05-18 20:25:28 [org.springframework.kafka.KafkaListenerEndpointContainer#9-0-C-1] INFO  o.a.k.c.c.i.ConsumerCoordinator - [Consumer clientId=consumer-notification-service-group-10, groupId=notification-service-group] (Re-)joining group
2026-05-18 20:25:28 [org.springframework.kafka.KafkaListenerEndpointContainer#7-0-C-1] INFO  o.a.k.c.c.i.ConsumerCoordinator - [Consumer clientId=consumer-notification-service-group-4, groupId=notification-service-group] Discovered group coordinator localhost:9092 (id: 2147483646 rack: null)
2026-05-18 20:25:28 [org.springframework.kafka.KafkaListenerEndpointContainer#11-2-C-1] INFO  o.a.k.c.c.i.ConsumerCoordinator - [Consumer clientId=consumer-notification-service-group-27, groupId=notification-service-group] (Re-)joining group
2026-05-18 20:25:28 [org.springframework.kafka.KafkaListenerEndpointContainer#4-1-C-1] INFO  o.a.k.c.c.i.ConsumerCoordinator - [Consumer clientId=consumer-notification-service-group-20, groupId=notification-service-group] Discovered group coordinator localhost:9092 (id: 2147483646 rack: null)
2026-05-18 20:25:28 [org.springframework.kafka.KafkaListenerEndpointContainer#8-1-C-1] INFO  o.a.k.c.c.i.ConsumerCoordinator - [Consumer clientId=consumer-notification-service-group-8, groupId=notification-service-group] Discovered group coordinator localhost:9092 (id: 2147483646 rack: null)
2026-05-18 20:25:28 [org.springframework.kafka.KafkaListenerEndpointContainer#7-0-C-1] INFO  o.a.k.c.c.i.ConsumerCoordinator - [Consumer clientId=consumer-notification-service-group-4, groupId=notification-service-group] (Re-)joining group
2026-05-18 20:25:28 [org.springframework.kafka.KafkaListenerEndpointContainer#6-1-C-1] INFO  o.a.k.c.c.i.ConsumerCoordinator - [Consumer clientId=consumer-notification-service-group-2, groupId=notification-service-group] (Re-)joining group
2026-05-18 20:25:28 [org.springframework.kafka.KafkaListenerEndpointContainer#0-2-C-1] INFO  o.a.k.c.c.i.ConsumerCoordinator - [Consumer clientId=consumer-notification-service-group-30, groupId=notification-service-group] (Re-)joining group
2026-05-18 20:25:28 [org.springframework.kafka.KafkaListenerEndpointContainer#7-1-C-1] INFO  o.a.k.c.c.i.ConsumerCoordinator - [Consumer clientId=consumer-notification-service-group-5, groupId=notification-service-group] (Re-)joining group
2026-05-18 20:25:28 [org.springframework.kafka.KafkaListenerEndpointContainer#3-1-C-1] INFO  o.a.k.c.c.i.ConsumerCoordinator - [Consumer clientId=consumer-notification-service-group-17, groupId=notification-service-group] (Re-)joining group
2026-05-18 20:25:28 [org.springframework.kafka.KafkaListenerEndpointContainer#5-0-C-1] INFO  o.a.k.c.c.i.ConsumerCoordinator - [Consumer clientId=consumer-notification-service-group-notify-approved-22, groupId=notification-service-group-notify-approved] (Re-)joining group
2026-05-18 20:25:28 [org.springframework.kafka.KafkaListenerEndpointContainer#3-2-C-1] INFO  o.a.k.c.c.i.ConsumerCoordinator - [Consumer clientId=consumer-notification-service-group-18, groupId=notification-service-group] (Re-)joining group
2026-05-18 20:25:28 [org.springframework.kafka.KafkaListenerEndpointContainer#0-0-C-1] INFO  o.a.k.c.c.i.ConsumerCoordinator - [Consumer clientId=consumer-notification-service-group-28, groupId=notification-service-group] Discovered group coordinator localhost:9092 (id: 2147483646 rack: null)
2026-05-18 20:25:28 [org.springframework.kafka.KafkaListenerEndpointContainer#3-0-C-1] INFO  o.a.k.c.c.i.ConsumerCoordinator - [Consumer clientId=consumer-notification-service-group-16, groupId=notification-service-group] Discovered group coordinator localhost:9092 (id: 2147483646 rack: null)
2026-05-18 20:25:28 [org.springframework.kafka.KafkaListenerEndpointContainer#11-1-C-1] INFO  o.a.k.c.c.i.ConsumerCoordinator - [Consumer clientId=consumer-notification-service-group-26, groupId=notification-service-group] (Re-)joining group
2026-05-18 20:25:28 [org.springframework.kafka.KafkaListenerEndpointContainer#8-0-C-1] INFO  o.a.k.c.c.i.ConsumerCoordinator - [Consumer clientId=consumer-notification-service-group-7, groupId=notification-service-group] Discovered group coordinator localhost:9092 (id: 2147483646 rack: null)
2026-05-18 20:25:28 [org.springframework.kafka.KafkaListenerEndpointContainer#9-1-C-1] INFO  o.a.k.c.c.i.ConsumerCoordinator - [Consumer clientId=consumer-notification-service-group-11, groupId=notification-service-group] Discovered group coordinator localhost:9092 (id: 2147483646 rack: null)
2026-05-18 20:25:28 [org.springframework.kafka.KafkaListenerEndpointContainer#0-0-C-1] INFO  o.a.k.c.c.i.ConsumerCoordinator - [Consumer clientId=consumer-notification-service-group-28, groupId=notification-service-group] (Re-)joining group
2026-05-18 20:25:28 [org.springframework.kafka.KafkaListenerEndpointContainer#4-2-C-1] INFO  o.a.k.c.c.i.ConsumerCoordinator - [Consumer clientId=consumer-notification-service-group-21, groupId=notification-service-group] Discovered group coordinator localhost:9092 (id: 2147483646 rack: null)
2026-05-18 20:25:28 [org.springframework.kafka.KafkaListenerEndpointContainer#9-2-C-1] INFO  o.a.k.c.c.i.ConsumerCoordinator - [Consumer clientId=consumer-notification-service-group-12, groupId=notification-service-group] (Re-)joining group
2026-05-18 20:25:28 [org.springframework.kafka.KafkaListenerEndpointContainer#8-2-C-1] INFO  o.a.k.c.c.i.ConsumerCoordinator - [Consumer clientId=consumer-notification-service-group-9, groupId=notification-service-group] Discovered group coordinator localhost:9092 (id: 2147483646 rack: null)
2026-05-18 20:25:28 [org.springframework.kafka.KafkaListenerEndpointContainer#2-0-C-1] INFO  o.a.k.c.c.i.ConsumerCoordinator - [Consumer clientId=consumer-notification-service-group-13, groupId=notification-service-group] Discovered group coordinator localhost:9092 (id: 2147483646 rack: null)
2026-05-18 20:25:28 [org.springframework.kafka.KafkaListenerEndpointContainer#11-0-C-1] INFO  o.a.k.c.c.i.ConsumerCoordinator - [Consumer clientId=consumer-notification-service-group-25, groupId=notification-service-group] Discovered group coordinator localhost:9092 (id: 2147483646 rack: null)
2026-05-18 20:25:28 [org.springframework.kafka.KafkaListenerEndpointContainer#6-0-C-1] INFO  o.a.k.c.c.i.ConsumerCoordinator - [Consumer clientId=consumer-notification-service-group-1, groupId=notification-service-group] Discovered group coordinator localhost:9092 (id: 2147483646 rack: null)
2026-05-18 20:25:28 [org.springframework.kafka.KafkaListenerEndpointContainer#7-2-C-1] INFO  o.a.k.c.c.i.ConsumerCoordinator - [Consumer clientId=consumer-notification-service-group-6, groupId=notification-service-group] (Re-)joining group
2026-05-18 20:25:28 [org.springframework.kafka.KafkaListenerEndpointContainer#4-0-C-1] INFO  o.a.k.c.c.i.ConsumerCoordinator - [Consumer clientId=consumer-notification-service-group-19, groupId=notification-service-group] (Re-)joining group
2026-05-18 20:25:28 [org.springframework.kafka.KafkaListenerEndpointContainer#5-2-C-1] INFO  o.a.k.c.c.i.ConsumerCoordinator - [Consumer clientId=consumer-notification-service-group-notify-approved-24, groupId=notification-service-group-notify-approved] Discovered group coordinator localhost:9092 (id: 2147483646 rack: null)
2026-05-18 20:25:28 [org.springframework.kafka.KafkaListenerEndpointContainer#2-1-C-1] INFO  o.a.k.c.c.i.ConsumerCoordinator - [Consumer clientId=consumer-notification-service-group-14, groupId=notification-service-group] Discovered group coordinator localhost:9092 (id: 2147483646 rack: null)
2026-05-18 20:25:28 [org.springframework.kafka.KafkaListenerEndpointContainer#4-1-C-1] INFO  o.a.k.c.c.i.ConsumerCoordinator - [Consumer clientId=consumer-notification-service-group-20, groupId=notification-service-group] (Re-)joining group
2026-05-18 20:25:28 [org.springframework.kafka.KafkaListenerEndpointContainer#8-1-C-1] INFO  o.a.k.c.c.i.ConsumerCoordinator - [Consumer clientId=consumer-notification-service-group-8, groupId=notification-service-group] (Re-)joining group
2026-05-18 20:25:28 [org.springframework.kafka.KafkaListenerEndpointContainer#6-2-C-1] INFO  o.a.k.c.c.i.ConsumerCoordinator - [Consumer clientId=consumer-notification-service-group-3, groupId=notification-service-group] (Re-)joining group
2026-05-18 20:25:28 [org.springframework.kafka.KafkaListenerEndpointContainer#3-0-C-1] INFO  o.a.k.c.c.i.ConsumerCoordinator - [Consumer clientId=consumer-notification-service-group-16, groupId=notification-service-group] (Re-)joining group
2026-05-18 20:25:28 [org.springframework.kafka.KafkaListenerEndpointContainer#8-0-C-1] INFO  o.a.k.c.c.i.ConsumerCoordinator - [Consumer clientId=consumer-notification-service-group-7, groupId=notification-service-group] (Re-)joining group
2026-05-18 20:25:28 [org.springframework.kafka.KafkaListenerEndpointContainer#9-1-C-1] INFO  o.a.k.c.c.i.ConsumerCoordinator - [Consumer clientId=consumer-notification-service-group-11, groupId=notification-service-group] (Re-)joining group
2026-05-18 20:25:28 [org.springframework.kafka.KafkaListenerEndpointContainer#4-2-C-1] INFO  o.a.k.c.c.i.ConsumerCoordinator - [Consumer clientId=consumer-notification-service-group-21, groupId=notification-service-group] (Re-)joining group
2026-05-18 20:25:28 [org.springframework.kafka.KafkaListenerEndpointContainer#8-2-C-1] INFO  o.a.k.c.c.i.ConsumerCoordinator - [Consumer clientId=consumer-notification-service-group-9, groupId=notification-service-group] (Re-)joining group
2026-05-18 20:25:28 [org.springframework.kafka.KafkaListenerEndpointContainer#2-0-C-1] INFO  o.a.k.c.c.i.ConsumerCoordinator - [Consumer clientId=consumer-notification-service-group-13, groupId=notification-service-group] (Re-)joining group
2026-05-18 20:25:28 [org.springframework.kafka.KafkaListenerEndpointContainer#11-0-C-1] INFO  o.a.k.c.c.i.ConsumerCoordinator - [Consumer clientId=consumer-notification-service-group-25, groupId=notification-service-group] (Re-)joining group
2026-05-18 20:25:28 [org.springframework.kafka.KafkaListenerEndpointContainer#6-0-C-1] INFO  o.a.k.c.c.i.ConsumerCoordinator - [Consumer clientId=consumer-notification-service-group-1, groupId=notification-service-group] (Re-)joining group
2026-05-18 20:25:28 [org.springframework.kafka.KafkaListenerEndpointContainer#5-2-C-1] INFO  o.a.k.c.c.i.ConsumerCoordinator - [Consumer clientId=consumer-notification-service-group-notify-approved-24, groupId=notification-service-group-notify-approved] (Re-)joining group
2026-05-18 20:25:28 [org.springframework.kafka.KafkaListenerEndpointContainer#2-1-C-1] INFO  o.a.k.c.c.i.ConsumerCoordinator - [Consumer clientId=consumer-notification-service-group-14, groupId=notification-service-group] (Re-)joining group
2026-05-18 20:25:28 [main] INFO  o.a.k.c.consumer.ConsumerConfig - ConsumerConfig values: 
	allow.auto.create.topics = true
	auto.commit.interval.ms = 5000
	auto.include.jmx.reporter = true
	auto.offset.reset = earliest
	bootstrap.servers = [localhost:9092]
	check.crcs = true
	client.dns.lookup = use_all_dns_ips
	client.id = consumer-notification-service-group-31
	client.rack = 
	connections.max.idle.ms = 540000
	default.api.timeout.ms = 60000
	enable.auto.commit = false
	exclude.internal.topics = true
	fetch.max.bytes = 52428800
	fetch.max.wait.ms = 500
	fetch.min.bytes = 1
	group.id = notification-service-group
	group.instance.id = null
	heartbeat.interval.ms = 3000
	interceptor.classes = []
	internal.leave.group.on.close = true
	internal.throw.on.fetch.stable.offset.unsupported = false
	isolation.level = read_uncommitted
	key.deserializer = class org.apache.kafka.common.serialization.StringDeserializer
	max.partition.fetch.bytes = 1048576
	max.poll.interval.ms = 300000
	max.poll.records = 500
	metadata.max.age.ms = 300000
	metric.reporters = []
	metrics.num.samples = 2
	metrics.recording.level = INFO
	metrics.sample.window.ms = 30000
	partition.assignment.strategy = [class org.apache.kafka.clients.consumer.RangeAssignor, class org.apache.kafka.clients.consumer.CooperativeStickyAssignor]
	receive.buffer.bytes = 65536
	reconnect.backoff.max.ms = 1000
	reconnect.backoff.ms = 50
	request.timeout.ms = 30000
	retry.backoff.ms = 100
	sasl.client.callback.handler.class = null
	sasl.jaas.config = null
	sasl.kerberos.kinit.cmd = /usr/bin/kinit
	sasl.kerberos.min.time.before.relogin = 60000
	sasl.kerberos.service.name = null
	sasl.kerberos.ticket.renew.jitter = 0.05
	sasl.kerberos.ticket.renew.window.factor = 0.8
	sasl.login.callback.handler.class = null
	sasl.login.class = null
	sasl.login.connect.timeout.ms = null
	sasl.login.read.timeout.ms = null
	sasl.login.refresh.buffer.seconds = 300
	sasl.login.refresh.min.period.seconds = 60
	sasl.login.refresh.window.factor = 0.8
	sasl.login.refresh.window.jitter = 0.05
	sasl.login.retry.backoff.max.ms = 10000
	sasl.login.retry.backoff.ms = 100
	sasl.mechanism = GSSAPI
	sasl.oauthbearer.clock.skew.seconds = 30
	sasl.oauthbearer.expected.audience = null
	sasl.oauthbearer.expected.issuer = null
	sasl.oauthbearer.jwks.endpoint.refresh.ms = 3600000
	sasl.oauthbearer.jwks.endpoint.retry.backoff.max.ms = 10000
	sasl.oauthbearer.jwks.endpoint.retry.backoff.ms = 100
	sasl.oauthbearer.jwks.endpoint.url = null
	sasl.oauthbearer.scope.claim.name = scope
	sasl.oauthbearer.sub.claim.name = sub
	sasl.oauthbearer.token.endpoint.url = null
	security.protocol = PLAINTEXT
	security.providers = null
	send.buffer.bytes = 131072
	session.timeout.ms = 45000
	socket.connection.setup.timeout.max.ms = 30000
	socket.connection.setup.timeout.ms = 10000
	ssl.cipher.suites = null
	ssl.enabled.protocols = [TLSv1.2, TLSv1.3]
	ssl.endpoint.identification.algorithm = https
	ssl.engine.factory.class = null
	ssl.key.password = null
	ssl.keymanager.algorithm = SunX509
	ssl.keystore.certificate.chain = null
	ssl.keystore.key = null
	ssl.keystore.location = null
	ssl.keystore.password = null
	ssl.keystore.type = JKS
	ssl.protocol = TLSv1.3
	ssl.provider = null
	ssl.secure.random.implementation = null
	ssl.trustmanager.algorithm = PKIX
	ssl.truststore.certificates = null
	ssl.truststore.location = null
	ssl.truststore.password = null
	ssl.truststore.type = JKS
	value.deserializer = class org.springframework.kafka.support.serializer.ErrorHandlingDeserializer

2026-05-18 20:25:28 [org.springframework.kafka.KafkaListenerEndpointContainer#5-0-C-1] INFO  o.a.k.c.c.i.ConsumerCoordinator - [Consumer clientId=consumer-notification-service-group-notify-approved-22, groupId=notification-service-group-notify-approved] Request joining group due to: need to re-join with the given member-id: consumer-notification-service-group-notify-approved-22-9dad7f64-8518-44bd-8a39-6c4097c39534
2026-05-18 20:25:28 [org.springframework.kafka.KafkaListenerEndpointContainer#6-0-C-1] INFO  o.a.k.c.c.i.ConsumerCoordinator - [Consumer clientId=consumer-notification-service-group-1, groupId=notification-service-group] Request joining group due to: need to re-join with the given member-id: consumer-notification-service-group-1-ec621b24-6c80-4e08-ae71-c7031c0ef207
2026-05-18 20:25:28 [org.springframework.kafka.KafkaListenerEndpointContainer#5-0-C-1] INFO  o.a.k.c.c.i.ConsumerCoordinator - [Consumer clientId=consumer-notification-service-group-notify-approved-22, groupId=notification-service-group-notify-approved] Request joining group due to: rebalance failed due to 'The group member needs to have a valid member id before actually entering a consumer group.' (MemberIdRequiredException)
2026-05-18 20:25:28 [org.springframework.kafka.KafkaListenerEndpointContainer#5-0-C-1] INFO  o.a.k.c.c.i.ConsumerCoordinator - [Consumer clientId=consumer-notification-service-group-notify-approved-22, groupId=notification-service-group-notify-approved] (Re-)joining group
2026-05-18 20:25:28 [org.springframework.kafka.KafkaListenerEndpointContainer#6-0-C-1] INFO  o.a.k.c.c.i.ConsumerCoordinator - [Consumer clientId=consumer-notification-service-group-1, groupId=notification-service-group] Request joining group due to: rebalance failed due to 'The group member needs to have a valid member id before actually entering a consumer group.' (MemberIdRequiredException)
2026-05-18 20:25:28 [org.springframework.kafka.KafkaListenerEndpointContainer#6-0-C-1] INFO  o.a.k.c.c.i.ConsumerCoordinator - [Consumer clientId=consumer-notification-service-group-1, groupId=notification-service-group] (Re-)joining group
2026-05-18 20:25:28 [org.springframework.kafka.KafkaListenerEndpointContainer#8-0-C-1] INFO  o.a.k.c.c.i.ConsumerCoordinator - [Consumer clientId=consumer-notification-service-group-7, groupId=notification-service-group] Request joining group due to: need to re-join with the given member-id: consumer-notification-service-group-7-98cf967b-5df8-469d-8a00-0ef8b78d6cc8
2026-05-18 20:25:28 [org.springframework.kafka.KafkaListenerEndpointContainer#8-0-C-1] INFO  o.a.k.c.c.i.ConsumerCoordinator - [Consumer clientId=consumer-notification-service-group-7, groupId=notification-service-group] Request joining group due to: rebalance failed due to 'The group member needs to have a valid member id before actually entering a consumer group.' (MemberIdRequiredException)
2026-05-18 20:25:28 [org.springframework.kafka.KafkaListenerEndpointContainer#8-0-C-1] INFO  o.a.k.c.c.i.ConsumerCoordinator - [Consumer clientId=consumer-notification-service-group-7, groupId=notification-service-group] (Re-)joining group
2026-05-18 20:25:28 [org.springframework.kafka.KafkaListenerEndpointContainer#3-2-C-1] INFO  o.a.k.c.c.i.ConsumerCoordinator - [Consumer clientId=consumer-notification-service-group-18, groupId=notification-service-group] Request joining group due to: need to re-join with the given member-id: consumer-notification-service-group-18-86276cfe-295e-4242-9e70-36811163f585
2026-05-18 20:25:28 [org.springframework.kafka.KafkaListenerEndpointContainer#9-1-C-1] INFO  o.a.k.c.c.i.ConsumerCoordinator - [Consumer clientId=consumer-notification-service-group-11, groupId=notification-service-group] Request joining group due to: need to re-join with the given member-id: consumer-notification-service-group-11-0ba2bcb7-b7f0-4cd8-a7bc-a02a609a7b9b
2026-05-18 20:25:28 [org.springframework.kafka.KafkaListenerEndpointContainer#9-1-C-1] INFO  o.a.k.c.c.i.ConsumerCoordinator - [Consumer clientId=consumer-notification-service-group-11, groupId=notification-service-group] Request joining group due to: rebalance failed due to 'The group member needs to have a valid member id before actually entering a consumer group.' (MemberIdRequiredException)
2026-05-18 20:25:28 [org.springframework.kafka.KafkaListenerEndpointContainer#9-1-C-1] INFO  o.a.k.c.c.i.ConsumerCoordinator - [Consumer clientId=consumer-notification-service-group-11, groupId=notification-service-group] (Re-)joining group
2026-05-18 20:25:28 [org.springframework.kafka.KafkaListenerEndpointContainer#3-2-C-1] INFO  o.a.k.c.c.i.ConsumerCoordinator - [Consumer clientId=consumer-notification-service-group-18, groupId=notification-service-group] Request joining group due to: rebalance failed due to 'The group member needs to have a valid member id before actually entering a consumer group.' (MemberIdRequiredException)
2026-05-18 20:25:28 [org.springframework.kafka.KafkaListenerEndpointContainer#3-2-C-1] INFO  o.a.k.c.c.i.ConsumerCoordinator - [Consumer clientId=consumer-notification-service-group-18, groupId=notification-service-group] (Re-)joining group
2026-05-18 20:25:28 [org.springframework.kafka.KafkaListenerEndpointContainer#5-2-C-1] INFO  o.a.k.c.c.i.ConsumerCoordinator - [Consumer clientId=consumer-notification-service-group-notify-approved-24, groupId=notification-service-group-notify-approved] Request joining group due to: need to re-join with the given member-id: consumer-notification-service-group-notify-approved-24-d991e83b-ed6f-4ff3-9b3a-36f8e80048ed
2026-05-18 20:25:28 [org.springframework.kafka.KafkaListenerEndpointContainer#5-2-C-1] INFO  o.a.k.c.c.i.ConsumerCoordinator - [Consumer clientId=consumer-notification-service-group-notify-approved-24, groupId=notification-service-group-notify-approved] Request joining group due to: rebalance failed due to 'The group member needs to have a valid member id before actually entering a consumer group.' (MemberIdRequiredException)
2026-05-18 20:25:28 [org.springframework.kafka.KafkaListenerEndpointContainer#5-2-C-1] INFO  o.a.k.c.c.i.ConsumerCoordinator - [Consumer clientId=consumer-notification-service-group-notify-approved-24, groupId=notification-service-group-notify-approved] (Re-)joining group
2026-05-18 20:25:28 [org.springframework.kafka.KafkaListenerEndpointContainer#4-1-C-1] INFO  o.a.k.c.c.i.ConsumerCoordinator - [Consumer clientId=consumer-notification-service-group-20, groupId=notification-service-group] Request joining group due to: need to re-join with the given member-id: consumer-notification-service-group-20-1ada3baa-4763-45a2-afaa-11235a2b638a
2026-05-18 20:25:28 [org.springframework.kafka.KafkaListenerEndpointContainer#4-1-C-1] INFO  o.a.k.c.c.i.ConsumerCoordinator - [Consumer clientId=consumer-notification-service-group-20, groupId=notification-service-group] Request joining group due to: rebalance failed due to 'The group member needs to have a valid member id before actually entering a consumer group.' (MemberIdRequiredException)
2026-05-18 20:25:28 [org.springframework.kafka.KafkaListenerEndpointContainer#4-1-C-1] INFO  o.a.k.c.c.i.ConsumerCoordinator - [Consumer clientId=consumer-notification-service-group-20, groupId=notification-service-group] (Re-)joining group
2026-05-18 20:25:28 [org.springframework.kafka.KafkaListenerEndpointContainer#4-2-C-1] INFO  o.a.k.c.c.i.ConsumerCoordinator - [Consumer clientId=consumer-notification-service-group-21, groupId=notification-service-group] Request joining group due to: need to re-join with the given member-id: consumer-notification-service-group-21-badba8a4-bce6-491b-af19-36f50e18ca8e
2026-05-18 20:25:28 [org.springframework.kafka.KafkaListenerEndpointContainer#4-2-C-1] INFO  o.a.k.c.c.i.ConsumerCoordinator - [Consumer clientId=consumer-notification-service-group-21, groupId=notification-service-group] Request joining group due to: rebalance failed due to 'The group member needs to have a valid member id before actually entering a consumer group.' (MemberIdRequiredException)
2026-05-18 20:25:28 [org.springframework.kafka.KafkaListenerEndpointContainer#4-2-C-1] INFO  o.a.k.c.c.i.ConsumerCoordinator - [Consumer clientId=consumer-notification-service-group-21, groupId=notification-service-group] (Re-)joining group
2026-05-18 20:25:28 [org.springframework.kafka.KafkaListenerEndpointContainer#2-0-C-1] INFO  o.a.k.c.c.i.ConsumerCoordinator - [Consumer clientId=consumer-notification-service-group-13, groupId=notification-service-group] Request joining group due to: need to re-join with the given member-id: consumer-notification-service-group-13-76d279ca-6d0d-4106-a145-cf13914605c3
2026-05-18 20:25:28 [org.springframework.kafka.KafkaListenerEndpointContainer#2-0-C-1] INFO  o.a.k.c.c.i.ConsumerCoordinator - [Consumer clientId=consumer-notification-service-group-13, groupId=notification-service-group] Request joining group due to: rebalance failed due to 'The group member needs to have a valid member id before actually entering a consumer group.' (MemberIdRequiredException)
2026-05-18 20:25:28 [org.springframework.kafka.KafkaListenerEndpointContainer#2-0-C-1] INFO  o.a.k.c.c.i.ConsumerCoordinator - [Consumer clientId=consumer-notification-service-group-13, groupId=notification-service-group] (Re-)joining group
2026-05-18 20:25:28 [org.springframework.kafka.KafkaListenerEndpointContainer#0-1-C-1] INFO  o.a.k.c.c.i.ConsumerCoordinator - [Consumer clientId=consumer-notification-service-group-29, groupId=notification-service-group] Request joining group due to: need to re-join with the given member-id: consumer-notification-service-group-29-204089e4-e442-43b8-bc67-7bbed9efe2f3
2026-05-18 20:25:28 [org.springframework.kafka.KafkaListenerEndpointContainer#0-1-C-1] INFO  o.a.k.c.c.i.ConsumerCoordinator - [Consumer clientId=consumer-notification-service-group-29, groupId=notification-service-group] Request joining group due to: rebalance failed due to 'The group member needs to have a valid member id before actually entering a consumer group.' (MemberIdRequiredException)
2026-05-18 20:25:28 [org.springframework.kafka.KafkaListenerEndpointContainer#0-1-C-1] INFO  o.a.k.c.c.i.ConsumerCoordinator - [Consumer clientId=consumer-notification-service-group-29, groupId=notification-service-group] (Re-)joining group
2026-05-18 20:25:28 [org.springframework.kafka.KafkaListenerEndpointContainer#2-1-C-1] INFO  o.a.k.c.c.i.ConsumerCoordinator - [Consumer clientId=consumer-notification-service-group-14, groupId=notification-service-group] Request joining group due to: need to re-join with the given member-id: consumer-notification-service-group-14-0b4605cb-2117-45bf-97bb-f42e0b169ae5
2026-05-18 20:25:28 [org.springframework.kafka.KafkaListenerEndpointContainer#2-1-C-1] INFO  o.a.k.c.c.i.ConsumerCoordinator - [Consumer clientId=consumer-notification-service-group-14, groupId=notification-service-group] Request joining group due to: rebalance failed due to 'The group member needs to have a valid member id before actually entering a consumer group.' (MemberIdRequiredException)
2026-05-18 20:25:28 [org.springframework.kafka.KafkaListenerEndpointContainer#2-1-C-1] INFO  o.a.k.c.c.i.ConsumerCoordinator - [Consumer clientId=consumer-notification-service-group-14, groupId=notification-service-group] (Re-)joining group
2026-05-18 20:25:28 [org.springframework.kafka.KafkaListenerEndpointContainer#2-2-C-1] INFO  o.a.k.c.c.i.ConsumerCoordinator - [Consumer clientId=consumer-notification-service-group-15, groupId=notification-service-group] Request joining group due to: need to re-join with the given member-id: consumer-notification-service-group-15-64111cff-4032-4bb9-8a0e-4ece2588bcc1
2026-05-18 20:25:28 [org.springframework.kafka.KafkaListenerEndpointContainer#2-2-C-1] INFO  o.a.k.c.c.i.ConsumerCoordinator - [Consumer clientId=consumer-notification-service-group-15, groupId=notification-service-group] Request joining group due to: rebalance failed due to 'The group member needs to have a valid member id before actually entering a consumer group.' (MemberIdRequiredException)
2026-05-18 20:25:28 [org.springframework.kafka.KafkaListenerEndpointContainer#2-2-C-1] INFO  o.a.k.c.c.i.ConsumerCoordinator - [Consumer clientId=consumer-notification-service-group-15, groupId=notification-service-group] (Re-)joining group
2026-05-18 20:25:28 [org.springframework.kafka.KafkaListenerEndpointContainer#6-2-C-1] INFO  o.a.k.c.c.i.ConsumerCoordinator - [Consumer clientId=consumer-notification-service-group-3, groupId=notification-service-group] Request joining group due to: need to re-join with the given member-id: consumer-notification-service-group-3-4bef6894-7caa-46c6-9c70-3d903aab463e
2026-05-18 20:25:28 [org.springframework.kafka.KafkaListenerEndpointContainer#0-2-C-1] INFO  o.a.k.c.c.i.ConsumerCoordinator - [Consumer clientId=consumer-notification-service-group-30, groupId=notification-service-group] Request joining group due to: need to re-join with the given member-id: consumer-notification-service-group-30-f5548f1e-0e40-466d-94f8-1a8447d77d35
2026-05-18 20:25:28 [org.springframework.kafka.KafkaListenerEndpointContainer#7-0-C-1] INFO  o.a.k.c.c.i.ConsumerCoordinator - [Consumer clientId=consumer-notification-service-group-4, groupId=notification-service-group] Request joining group due to: need to re-join with the given member-id: consumer-notification-service-group-4-27bb6faf-b2cf-40d4-ab70-36a1c83d4f74
2026-05-18 20:25:28 [org.springframework.kafka.KafkaListenerEndpointContainer#6-2-C-1] INFO  o.a.k.c.c.i.ConsumerCoordinator - [Consumer clientId=consumer-notification-service-group-3, groupId=notification-service-group] Request joining group due to: rebalance failed due to 'The group member needs to have a valid member id before actually entering a consumer group.' (MemberIdRequiredException)
2026-05-18 20:25:28 [org.springframework.kafka.KafkaListenerEndpointContainer#6-2-C-1] INFO  o.a.k.c.c.i.ConsumerCoordinator - [Consumer clientId=consumer-notification-service-group-3, groupId=notification-service-group] (Re-)joining group
2026-05-18 20:25:28 [org.springframework.kafka.KafkaListenerEndpointContainer#11-2-C-1] INFO  o.a.k.c.c.i.ConsumerCoordinator - [Consumer clientId=consumer-notification-service-group-27, groupId=notification-service-group] Request joining group due to: need to re-join with the given member-id: consumer-notification-service-group-27-fc27cf76-3351-4937-ac37-7534bf233dbc
2026-05-18 20:25:28 [org.springframework.kafka.KafkaListenerEndpointContainer#11-2-C-1] INFO  o.a.k.c.c.i.ConsumerCoordinator - [Consumer clientId=consumer-notification-service-group-27, groupId=notification-service-group] Request joining group due to: rebalance failed due to 'The group member needs to have a valid member id before actually entering a consumer group.' (MemberIdRequiredException)
2026-05-18 20:25:28 [org.springframework.kafka.KafkaListenerEndpointContainer#11-2-C-1] INFO  o.a.k.c.c.i.ConsumerCoordinator - [Consumer clientId=consumer-notification-service-group-27, groupId=notification-service-group] (Re-)joining group
2026-05-18 20:25:28 [org.springframework.kafka.KafkaListenerEndpointContainer#3-0-C-1] INFO  o.a.k.c.c.i.ConsumerCoordinator - [Consumer clientId=consumer-notification-service-group-16, groupId=notification-service-group] Request joining group due to: need to re-join with the given member-id: consumer-notification-service-group-16-31dc758e-57d4-49fc-acba-8d164003fd35
2026-05-18 20:25:28 [org.springframework.kafka.KafkaListenerEndpointContainer#3-0-C-1] INFO  o.a.k.c.c.i.ConsumerCoordinator - [Consumer clientId=consumer-notification-service-group-16, groupId=notification-service-group] Request joining group due to: rebalance failed due to 'The group member needs to have a valid member id before actually entering a consumer group.' (MemberIdRequiredException)
2026-05-18 20:25:28 [org.springframework.kafka.KafkaListenerEndpointContainer#3-0-C-1] INFO  o.a.k.c.c.i.ConsumerCoordinator - [Consumer clientId=consumer-notification-service-group-16, groupId=notification-service-group] (Re-)joining group
2026-05-18 20:25:28 [org.springframework.kafka.KafkaListenerEndpointContainer#7-0-C-1] INFO  o.a.k.c.c.i.ConsumerCoordinator - [Consumer clientId=consumer-notification-service-group-4, groupId=notification-service-group] Request joining group due to: rebalance failed due to 'The group member needs to have a valid member id before actually entering a consumer group.' (MemberIdRequiredException)
2026-05-18 20:25:28 [org.springframework.kafka.KafkaListenerEndpointContainer#7-0-C-1] INFO  o.a.k.c.c.i.ConsumerCoordinator - [Consumer clientId=consumer-notification-service-group-4, groupId=notification-service-group] (Re-)joining group
2026-05-18 20:25:28 [org.springframework.kafka.KafkaListenerEndpointContainer#9-0-C-1] INFO  o.a.k.c.c.i.ConsumerCoordinator - [Consumer clientId=consumer-notification-service-group-10, groupId=notification-service-group] Request joining group due to: need to re-join with the given member-id: consumer-notification-service-group-10-b8795e0c-acb6-4cc2-967f-d75f47e9d2de
2026-05-18 20:25:28 [org.springframework.kafka.KafkaListenerEndpointContainer#9-0-C-1] INFO  o.a.k.c.c.i.ConsumerCoordinator - [Consumer clientId=consumer-notification-service-group-10, groupId=notification-service-group] Request joining group due to: rebalance failed due to 'The group member needs to have a valid member id before actually entering a consumer group.' (MemberIdRequiredException)
2026-05-18 20:25:28 [org.springframework.kafka.KafkaListenerEndpointContainer#9-0-C-1] INFO  o.a.k.c.c.i.ConsumerCoordinator - [Consumer clientId=consumer-notification-service-group-10, groupId=notification-service-group] (Re-)joining group
2026-05-18 20:25:28 [org.springframework.kafka.KafkaListenerEndpointContainer#0-2-C-1] INFO  o.a.k.c.c.i.ConsumerCoordinator - [Consumer clientId=consumer-notification-service-group-30, groupId=notification-service-group] Request joining group due to: rebalance failed due to 'The group member needs to have a valid member id before actually entering a consumer group.' (MemberIdRequiredException)
2026-05-18 20:25:28 [org.springframework.kafka.KafkaListenerEndpointContainer#0-2-C-1] INFO  o.a.k.c.c.i.ConsumerCoordinator - [Consumer clientId=consumer-notification-service-group-30, groupId=notification-service-group] (Re-)joining group
2026-05-18 20:25:28 [org.springframework.kafka.KafkaListenerEndpointContainer#7-2-C-1] INFO  o.a.k.c.c.i.ConsumerCoordinator - [Consumer clientId=consumer-notification-service-group-6, groupId=notification-service-group] Request joining group due to: need to re-join with the given member-id: consumer-notification-service-group-6-b844a579-1ad5-4479-9818-a8fafa595b22
2026-05-18 20:25:28 [org.springframework.kafka.KafkaListenerEndpointContainer#7-2-C-1] INFO  o.a.k.c.c.i.ConsumerCoordinator - [Consumer clientId=consumer-notification-service-group-6, groupId=notification-service-group] Request joining group due to: rebalance failed due to 'The group member needs to have a valid member id before actually entering a consumer group.' (MemberIdRequiredException)
2026-05-18 20:25:28 [org.springframework.kafka.KafkaListenerEndpointContainer#7-2-C-1] INFO  o.a.k.c.c.i.ConsumerCoordinator - [Consumer clientId=consumer-notification-service-group-6, groupId=notification-service-group] (Re-)joining group
2026-05-18 20:25:28 [org.springframework.kafka.KafkaListenerEndpointContainer#7-1-C-1] INFO  o.a.k.c.c.i.ConsumerCoordinator - [Consumer clientId=consumer-notification-service-group-5, groupId=notification-service-group] Request joining group due to: need to re-join with the given member-id: consumer-notification-service-group-5-f451b758-efa7-4ac1-b296-a6c2a84ad857
2026-05-18 20:25:28 [org.springframework.kafka.KafkaListenerEndpointContainer#7-1-C-1] INFO  o.a.k.c.c.i.ConsumerCoordinator - [Consumer clientId=consumer-notification-service-group-5, groupId=notification-service-group] Request joining group due to: rebalance failed due to 'The group member needs to have a valid member id before actually entering a consumer group.' (MemberIdRequiredException)
2026-05-18 20:25:28 [org.springframework.kafka.KafkaListenerEndpointContainer#7-1-C-1] INFO  o.a.k.c.c.i.ConsumerCoordinator - [Consumer clientId=consumer-notification-service-group-5, groupId=notification-service-group] (Re-)joining group
2026-05-18 20:25:28 [org.springframework.kafka.KafkaListenerEndpointContainer#11-0-C-1] INFO  o.a.k.c.c.i.ConsumerCoordinator - [Consumer clientId=consumer-notification-service-group-25, groupId=notification-service-group] Request joining group due to: need to re-join with the given member-id: consumer-notification-service-group-25-bf5be529-22f2-4fb2-aff8-a99d6a4f6e33
2026-05-18 20:25:28 [org.springframework.kafka.KafkaListenerEndpointContainer#11-0-C-1] INFO  o.a.k.c.c.i.ConsumerCoordinator - [Consumer clientId=consumer-notification-service-group-25, groupId=notification-service-group] Request joining group due to: rebalance failed due to 'The group member needs to have a valid member id before actually entering a consumer group.' (MemberIdRequiredException)
2026-05-18 20:25:28 [org.springframework.kafka.KafkaListenerEndpointContainer#11-0-C-1] INFO  o.a.k.c.c.i.ConsumerCoordinator - [Consumer clientId=consumer-notification-service-group-25, groupId=notification-service-group] (Re-)joining group
2026-05-18 20:25:28 [org.springframework.kafka.KafkaListenerEndpointContainer#4-0-C-1] INFO  o.a.k.c.c.i.ConsumerCoordinator - [Consumer clientId=consumer-notification-service-group-19, groupId=notification-service-group] Request joining group due to: need to re-join with the given member-id: consumer-notification-service-group-19-00daf4fd-58fa-427d-8f07-c5a78a5884c0
2026-05-18 20:25:28 [org.springframework.kafka.KafkaListenerEndpointContainer#4-0-C-1] INFO  o.a.k.c.c.i.ConsumerCoordinator - [Consumer clientId=consumer-notification-service-group-19, groupId=notification-service-group] Request joining group due to: rebalance failed due to 'The group member needs to have a valid member id before actually entering a consumer group.' (MemberIdRequiredException)
2026-05-18 20:25:28 [org.springframework.kafka.KafkaListenerEndpointContainer#4-0-C-1] INFO  o.a.k.c.c.i.ConsumerCoordinator - [Consumer clientId=consumer-notification-service-group-19, groupId=notification-service-group] (Re-)joining group
2026-05-18 20:25:28 [org.springframework.kafka.KafkaListenerEndpointContainer#5-1-C-1] INFO  o.a.k.c.c.i.ConsumerCoordinator - [Consumer clientId=consumer-notification-service-group-notify-approved-23, groupId=notification-service-group-notify-approved] Request joining group due to: need to re-join with the given member-id: consumer-notification-service-group-notify-approved-23-07c55a0e-dc08-4db0-9a91-c35164a5b522
2026-05-18 20:25:28 [org.springframework.kafka.KafkaListenerEndpointContainer#5-1-C-1] INFO  o.a.k.c.c.i.ConsumerCoordinator - [Consumer clientId=consumer-notification-service-group-notify-approved-23, groupId=notification-service-group-notify-approved] Request joining group due to: rebalance failed due to 'The group member needs to have a valid member id before actually entering a consumer group.' (MemberIdRequiredException)
2026-05-18 20:25:28 [org.springframework.kafka.KafkaListenerEndpointContainer#5-1-C-1] INFO  o.a.k.c.c.i.ConsumerCoordinator - [Consumer clientId=consumer-notification-service-group-notify-approved-23, groupId=notification-service-group-notify-approved] (Re-)joining group
2026-05-18 20:25:28 [org.springframework.kafka.KafkaListenerEndpointContainer#0-0-C-1] INFO  o.a.k.c.c.i.ConsumerCoordinator - [Consumer clientId=consumer-notification-service-group-28, groupId=notification-service-group] Request joining group due to: need to re-join with the given member-id: consumer-notification-service-group-28-91bd6959-a6b4-44d8-b706-52296dcd3f4c
2026-05-18 20:25:28 [org.springframework.kafka.KafkaListenerEndpointContainer#0-0-C-1] INFO  o.a.k.c.c.i.ConsumerCoordinator - [Consumer clientId=consumer-notification-service-group-28, groupId=notification-service-group] Request joining group due to: rebalance failed due to 'The group member needs to have a valid member id before actually entering a consumer group.' (MemberIdRequiredException)
2026-05-18 20:25:28 [org.springframework.kafka.KafkaListenerEndpointContainer#8-2-C-1] INFO  o.a.k.c.c.i.ConsumerCoordinator - [Consumer clientId=consumer-notification-service-group-9, groupId=notification-service-group] Request joining group due to: need to re-join with the given member-id: consumer-notification-service-group-9-df44b84d-1c13-4b35-97c5-0969bae10545
2026-05-18 20:25:28 [org.springframework.kafka.KafkaListenerEndpointContainer#0-0-C-1] INFO  o.a.k.c.c.i.ConsumerCoordinator - [Consumer clientId=consumer-notification-service-group-28, groupId=notification-service-group] (Re-)joining group
2026-05-18 20:25:28 [org.springframework.kafka.KafkaListenerEndpointContainer#8-2-C-1] INFO  o.a.k.c.c.i.ConsumerCoordinator - [Consumer clientId=consumer-notification-service-group-9, groupId=notification-service-group] Request joining group due to: rebalance failed due to 'The group member needs to have a valid member id before actually entering a consumer group.' (MemberIdRequiredException)
2026-05-18 20:25:28 [org.springframework.kafka.KafkaListenerEndpointContainer#8-2-C-1] INFO  o.a.k.c.c.i.ConsumerCoordinator - [Consumer clientId=consumer-notification-service-group-9, groupId=notification-service-group] (Re-)joining group
2026-05-18 20:25:28 [org.springframework.kafka.KafkaListenerEndpointContainer#11-1-C-1] INFO  o.a.k.c.c.i.ConsumerCoordinator - [Consumer clientId=consumer-notification-service-group-26, groupId=notification-service-group] Request joining group due to: need to re-join with the given member-id: consumer-notification-service-group-26-be0cdd84-20c2-4669-a9c8-e8477aef8967
2026-05-18 20:25:28 [org.springframework.kafka.KafkaListenerEndpointContainer#11-1-C-1] INFO  o.a.k.c.c.i.ConsumerCoordinator - [Consumer clientId=consumer-notification-service-group-26, groupId=notification-service-group] Request joining group due to: rebalance failed due to 'The group member needs to have a valid member id before actually entering a consumer group.' (MemberIdRequiredException)
2026-05-18 20:25:28 [org.springframework.kafka.KafkaListenerEndpointContainer#11-1-C-1] INFO  o.a.k.c.c.i.ConsumerCoordinator - [Consumer clientId=consumer-notification-service-group-26, groupId=notification-service-group] (Re-)joining group
2026-05-18 20:25:28 [main] INFO  o.a.kafka.common.utils.AppInfoParser - Kafka version: 3.6.1
2026-05-18 20:25:28 [main] INFO  o.a.kafka.common.utils.AppInfoParser - Kafka commitId: 5e3c2b738d253ff5
2026-05-18 20:25:28 [main] INFO  o.a.kafka.common.utils.AppInfoParser - Kafka startTimeMs: 1779116128165
2026-05-18 20:25:28 [main] INFO  o.s.k.c.DefaultKafkaConsumerFactory$ExtendedKafkaConsumer - [Consumer clientId=consumer-notification-service-group-31, groupId=notification-service-group] Subscribed to topic(s): reward.added
2026-05-18 20:25:28 [org.springframework.kafka.KafkaListenerEndpointContainer#8-1-C-1] INFO  o.a.k.c.c.i.ConsumerCoordinator - [Consumer clientId=consumer-notification-service-group-8, groupId=notification-service-group] Request joining group due to: need to re-join with the given member-id: consumer-notification-service-group-8-4f46ef43-394f-4add-81d6-0aa8dcce1e67
2026-05-18 20:25:28 [org.springframework.kafka.KafkaListenerEndpointContainer#6-1-C-1] INFO  o.a.k.c.c.i.ConsumerCoordinator - [Consumer clientId=consumer-notification-service-group-2, groupId=notification-service-group] Request joining group due to: need to re-join with the given member-id: consumer-notification-service-group-2-7e2e4f26-8282-4715-b64e-1b3a2530367a
2026-05-18 20:25:28 [org.springframework.kafka.KafkaListenerEndpointContainer#6-1-C-1] INFO  o.a.k.c.c.i.ConsumerCoordinator - [Consumer clientId=consumer-notification-service-group-2, groupId=notification-service-group] Request joining group due to: rebalance failed due to 'The group member needs to have a valid member id before actually entering a consumer group.' (MemberIdRequiredException)
2026-05-18 20:25:28 [org.springframework.kafka.KafkaListenerEndpointContainer#8-1-C-1] INFO  o.a.k.c.c.i.ConsumerCoordinator - [Consumer clientId=consumer-notification-service-group-8, groupId=notification-service-group] Request joining group due to: rebalance failed due to 'The group member needs to have a valid member id before actually entering a consumer group.' (MemberIdRequiredException)
2026-05-18 20:25:28 [org.springframework.kafka.KafkaListenerEndpointContainer#6-1-C-1] INFO  o.a.k.c.c.i.ConsumerCoordinator - [Consumer clientId=consumer-notification-service-group-2, groupId=notification-service-group] (Re-)joining group
2026-05-18 20:25:28 [org.springframework.kafka.KafkaListenerEndpointContainer#8-1-C-1] INFO  o.a.k.c.c.i.ConsumerCoordinator - [Consumer clientId=consumer-notification-service-group-8, groupId=notification-service-group] (Re-)joining group
2026-05-18 20:25:28 [org.springframework.kafka.KafkaListenerEndpointContainer#3-1-C-1] INFO  o.a.k.c.c.i.ConsumerCoordinator - [Consumer clientId=consumer-notification-service-group-17, groupId=notification-service-group] Request joining group due to: need to re-join with the given member-id: consumer-notification-service-group-17-c4bd180c-81c5-426d-9076-37c56c6e485e
2026-05-18 20:25:28 [org.springframework.kafka.KafkaListenerEndpointContainer#3-1-C-1] INFO  o.a.k.c.c.i.ConsumerCoordinator - [Consumer clientId=consumer-notification-service-group-17, groupId=notification-service-group] Request joining group due to: rebalance failed due to 'The group member needs to have a valid member id before actually entering a consumer group.' (MemberIdRequiredException)
2026-05-18 20:25:28 [org.springframework.kafka.KafkaListenerEndpointContainer#3-1-C-1] INFO  o.a.k.c.c.i.ConsumerCoordinator - [Consumer clientId=consumer-notification-service-group-17, groupId=notification-service-group] (Re-)joining group
2026-05-18 20:25:28 [org.springframework.kafka.KafkaListenerEndpointContainer#9-2-C-1] INFO  o.a.k.c.c.i.ConsumerCoordinator - [Consumer clientId=consumer-notification-service-group-12, groupId=notification-service-group] Request joining group due to: need to re-join with the given member-id: consumer-notification-service-group-12-8a55f7aa-e9b3-4267-8bdb-dcab320114fd
2026-05-18 20:25:28 [org.springframework.kafka.KafkaListenerEndpointContainer#9-2-C-1] INFO  o.a.k.c.c.i.ConsumerCoordinator - [Consumer clientId=consumer-notification-service-group-12, groupId=notification-service-group] Request joining group due to: rebalance failed due to 'The group member needs to have a valid member id before actually entering a consumer group.' (MemberIdRequiredException)
2026-05-18 20:25:28 [org.springframework.kafka.KafkaListenerEndpointContainer#9-2-C-1] INFO  o.a.k.c.c.i.ConsumerCoordinator - [Consumer clientId=consumer-notification-service-group-12, groupId=notification-service-group] (Re-)joining group
2026-05-18 20:25:28 [main] INFO  o.a.k.c.consumer.ConsumerConfig - ConsumerConfig values: 
	allow.auto.create.topics = true
	auto.commit.interval.ms = 5000
	auto.include.jmx.reporter = true
	auto.offset.reset = earliest
	bootstrap.servers = [localhost:9092]
	check.crcs = true
	client.dns.lookup = use_all_dns_ips
	client.id = consumer-notification-service-group-32
	client.rack = 
	connections.max.idle.ms = 540000
	default.api.timeout.ms = 60000
	enable.auto.commit = false
	exclude.internal.topics = true
	fetch.max.bytes = 52428800
	fetch.max.wait.ms = 500
	fetch.min.bytes = 1
	group.id = notification-service-group
	group.instance.id = null
	heartbeat.interval.ms = 3000
	interceptor.classes = []
	internal.leave.group.on.close = true
	internal.throw.on.fetch.stable.offset.unsupported = false
	isolation.level = read_uncommitted
	key.deserializer = class org.apache.kafka.common.serialization.StringDeserializer
	max.partition.fetch.bytes = 1048576
	max.poll.interval.ms = 300000
	max.poll.records = 500
	metadata.max.age.ms = 300000
	metric.reporters = []
	metrics.num.samples = 2
	metrics.recording.level = INFO
	metrics.sample.window.ms = 30000
	partition.assignment.strategy = [class org.apache.kafka.clients.consumer.RangeAssignor, class org.apache.kafka.clients.consumer.CooperativeStickyAssignor]
	receive.buffer.bytes = 65536
	reconnect.backoff.max.ms = 1000
	reconnect.backoff.ms = 50
	request.timeout.ms = 30000
	retry.backoff.ms = 100
	sasl.client.callback.handler.class = null
	sasl.jaas.config = null
	sasl.kerberos.kinit.cmd = /usr/bin/kinit
	sasl.kerberos.min.time.before.relogin = 60000
	sasl.kerberos.service.name = null
	sasl.kerberos.ticket.renew.jitter = 0.05
	sasl.kerberos.ticket.renew.window.factor = 0.8
	sasl.login.callback.handler.class = null
	sasl.login.class = null
	sasl.login.connect.timeout.ms = null
	sasl.login.read.timeout.ms = null
	sasl.login.refresh.buffer.seconds = 300
	sasl.login.refresh.min.period.seconds = 60
	sasl.login.refresh.window.factor = 0.8
	sasl.login.refresh.window.jitter = 0.05
	sasl.login.retry.backoff.max.ms = 10000
	sasl.login.retry.backoff.ms = 100
	sasl.mechanism = GSSAPI
	sasl.oauthbearer.clock.skew.seconds = 30
	sasl.oauthbearer.expected.audience = null
	sasl.oauthbearer.expected.issuer = null
	sasl.oauthbearer.jwks.endpoint.refresh.ms = 3600000
	sasl.oauthbearer.jwks.endpoint.retry.backoff.max.ms = 10000
	sasl.oauthbearer.jwks.endpoint.retry.backoff.ms = 100
	sasl.oauthbearer.jwks.endpoint.url = null
	sasl.oauthbearer.scope.claim.name = scope
	sasl.oauthbearer.sub.claim.name = sub
	sasl.oauthbearer.token.endpoint.url = null
	security.protocol = PLAINTEXT
	security.providers = null
	send.buffer.bytes = 131072
	session.timeout.ms = 45000
	socket.connection.setup.timeout.max.ms = 30000
	socket.connection.setup.timeout.ms = 10000
	ssl.cipher.suites = null
	ssl.enabled.protocols = [TLSv1.2, TLSv1.3]
	ssl.endpoint.identification.algorithm = https
	ssl.engine.factory.class = null
	ssl.key.password = null
	ssl.keymanager.algorithm = SunX509
	ssl.keystore.certificate.chain = null
	ssl.keystore.key = null
	ssl.keystore.location = null
	ssl.keystore.password = null
	ssl.keystore.type = JKS
	ssl.protocol = TLSv1.3
	ssl.provider = null
	ssl.secure.random.implementation = null
	ssl.trustmanager.algorithm = PKIX
	ssl.truststore.certificates = null
	ssl.truststore.location = null
	ssl.truststore.password = null
	ssl.truststore.type = JKS
	value.deserializer = class org.springframework.kafka.support.serializer.ErrorHandlingDeserializer

2026-05-18 20:25:28 [main] INFO  o.a.kafka.common.utils.AppInfoParser - Kafka version: 3.6.1
2026-05-18 20:25:28 [main] INFO  o.a.kafka.common.utils.AppInfoParser - Kafka commitId: 5e3c2b738d253ff5
2026-05-18 20:25:28 [main] INFO  o.a.kafka.common.utils.AppInfoParser - Kafka startTimeMs: 1779116128168
2026-05-18 20:25:28 [main] INFO  o.s.k.c.DefaultKafkaConsumerFactory$ExtendedKafkaConsumer - [Consumer clientId=consumer-notification-service-group-32, groupId=notification-service-group] Subscribed to topic(s): reward.added
2026-05-18 20:25:28 [main] INFO  o.a.k.c.consumer.ConsumerConfig - ConsumerConfig values: 
	allow.auto.create.topics = true
	auto.commit.interval.ms = 5000
	auto.include.jmx.reporter = true
	auto.offset.reset = earliest
	bootstrap.servers = [localhost:9092]
	check.crcs = true
	client.dns.lookup = use_all_dns_ips
	client.id = consumer-notification-service-group-33
	client.rack = 
	connections.max.idle.ms = 540000
	default.api.timeout.ms = 60000
	enable.auto.commit = false
	exclude.internal.topics = true
	fetch.max.bytes = 52428800
	fetch.max.wait.ms = 500
	fetch.min.bytes = 1
	group.id = notification-service-group
	group.instance.id = null
	heartbeat.interval.ms = 3000
	interceptor.classes = []
	internal.leave.group.on.close = true
	internal.throw.on.fetch.stable.offset.unsupported = false
	isolation.level = read_uncommitted
	key.deserializer = class org.apache.kafka.common.serialization.StringDeserializer
	max.partition.fetch.bytes = 1048576
	max.poll.interval.ms = 300000
	max.poll.records = 500
	metadata.max.age.ms = 300000
	metric.reporters = []
	metrics.num.samples = 2
	metrics.recording.level = INFO
	metrics.sample.window.ms = 30000
	partition.assignment.strategy = [class org.apache.kafka.clients.consumer.RangeAssignor, class org.apache.kafka.clients.consumer.CooperativeStickyAssignor]
	receive.buffer.bytes = 65536
	reconnect.backoff.max.ms = 1000
	reconnect.backoff.ms = 50
	request.timeout.ms = 30000
	retry.backoff.ms = 100
	sasl.client.callback.handler.class = null
	sasl.jaas.config = null
	sasl.kerberos.kinit.cmd = /usr/bin/kinit
	sasl.kerberos.min.time.before.relogin = 60000
	sasl.kerberos.service.name = null
	sasl.kerberos.ticket.renew.jitter = 0.05
	sasl.kerberos.ticket.renew.window.factor = 0.8
	sasl.login.callback.handler.class = null
	sasl.login.class = null
	sasl.login.connect.timeout.ms = null
	sasl.login.read.timeout.ms = null
	sasl.login.refresh.buffer.seconds = 300
	sasl.login.refresh.min.period.seconds = 60
	sasl.login.refresh.window.factor = 0.8
	sasl.login.refresh.window.jitter = 0.05
	sasl.login.retry.backoff.max.ms = 10000
	sasl.login.retry.backoff.ms = 100
	sasl.mechanism = GSSAPI
	sasl.oauthbearer.clock.skew.seconds = 30
	sasl.oauthbearer.expected.audience = null
	sasl.oauthbearer.expected.issuer = null
	sasl.oauthbearer.jwks.endpoint.refresh.ms = 3600000
	sasl.oauthbearer.jwks.endpoint.retry.backoff.max.ms = 10000
	sasl.oauthbearer.jwks.endpoint.retry.backoff.ms = 100
	sasl.oauthbearer.jwks.endpoint.url = null
	sasl.oauthbearer.scope.claim.name = scope
	sasl.oauthbearer.sub.claim.name = sub
	sasl.oauthbearer.token.endpoint.url = null
	security.protocol = PLAINTEXT
	security.providers = null
	send.buffer.bytes = 131072
	session.timeout.ms = 45000
	socket.connection.setup.timeout.max.ms = 30000
	socket.connection.setup.timeout.ms = 10000
	ssl.cipher.suites = null
	ssl.enabled.protocols = [TLSv1.2, TLSv1.3]
	ssl.endpoint.identification.algorithm = https
	ssl.engine.factory.class = null
	ssl.key.password = null
	ssl.keymanager.algorithm = SunX509
	ssl.keystore.certificate.chain = null
	ssl.keystore.key = null
	ssl.keystore.location = null
	ssl.keystore.password = null
	ssl.keystore.type = JKS
	ssl.protocol = TLSv1.3
	ssl.provider = null
	ssl.secure.random.implementation = null
	ssl.trustmanager.algorithm = PKIX
	ssl.truststore.certificates = null
	ssl.truststore.location = null
	ssl.truststore.password = null
	ssl.truststore.type = JKS
	value.deserializer = class org.springframework.kafka.support.serializer.ErrorHandlingDeserializer

2026-05-18 20:25:28 [org.springframework.kafka.KafkaListenerEndpointContainer#1-0-C-1] INFO  org.apache.kafka.clients.Metadata - [Consumer clientId=consumer-notification-service-group-31, groupId=notification-service-group] Cluster ID: 538wPjqAT8OPgbqLgW0seg
2026-05-18 20:25:28 [org.springframework.kafka.KafkaListenerEndpointContainer#1-0-C-1] INFO  o.a.k.c.c.i.ConsumerCoordinator - [Consumer clientId=consumer-notification-service-group-31, groupId=notification-service-group] Discovered group coordinator localhost:9092 (id: 2147483646 rack: null)
2026-05-18 20:25:28 [org.springframework.kafka.KafkaListenerEndpointContainer#1-0-C-1] INFO  o.a.k.c.c.i.ConsumerCoordinator - [Consumer clientId=consumer-notification-service-group-31, groupId=notification-service-group] (Re-)joining group
2026-05-18 20:25:28 [org.springframework.kafka.KafkaListenerEndpointContainer#1-1-C-1] INFO  org.apache.kafka.clients.Metadata - [Consumer clientId=consumer-notification-service-group-32, groupId=notification-service-group] Cluster ID: 538wPjqAT8OPgbqLgW0seg
2026-05-18 20:25:28 [org.springframework.kafka.KafkaListenerEndpointContainer#1-1-C-1] INFO  o.a.k.c.c.i.ConsumerCoordinator - [Consumer clientId=consumer-notification-service-group-32, groupId=notification-service-group] Discovered group coordinator localhost:9092 (id: 2147483646 rack: null)
2026-05-18 20:25:28 [org.springframework.kafka.KafkaListenerEndpointContainer#1-1-C-1] INFO  o.a.k.c.c.i.ConsumerCoordinator - [Consumer clientId=consumer-notification-service-group-32, groupId=notification-service-group] (Re-)joining group
2026-05-18 20:25:28 [main] INFO  o.a.kafka.common.utils.AppInfoParser - Kafka version: 3.6.1
2026-05-18 20:25:28 [main] INFO  o.a.kafka.common.utils.AppInfoParser - Kafka commitId: 5e3c2b738d253ff5
2026-05-18 20:25:28 [main] INFO  o.a.kafka.common.utils.AppInfoParser - Kafka startTimeMs: 1779116128174
2026-05-18 20:25:28 [org.springframework.kafka.KafkaListenerEndpointContainer#1-0-C-1] INFO  o.a.k.c.c.i.ConsumerCoordinator - [Consumer clientId=consumer-notification-service-group-31, groupId=notification-service-group] Request joining group due to: need to re-join with the given member-id: consumer-notification-service-group-31-fe97baf9-c917-4c08-bbfe-33b43a9d45f5
2026-05-18 20:25:28 [org.springframework.kafka.KafkaListenerEndpointContainer#1-0-C-1] INFO  o.a.k.c.c.i.ConsumerCoordinator - [Consumer clientId=consumer-notification-service-group-31, groupId=notification-service-group] Request joining group due to: rebalance failed due to 'The group member needs to have a valid member id before actually entering a consumer group.' (MemberIdRequiredException)
2026-05-18 20:25:28 [org.springframework.kafka.KafkaListenerEndpointContainer#1-0-C-1] INFO  o.a.k.c.c.i.ConsumerCoordinator - [Consumer clientId=consumer-notification-service-group-31, groupId=notification-service-group] (Re-)joining group
2026-05-18 20:25:28 [main] INFO  o.s.k.c.DefaultKafkaConsumerFactory$ExtendedKafkaConsumer - [Consumer clientId=consumer-notification-service-group-33, groupId=notification-service-group] Subscribed to topic(s): reward.added
2026-05-18 20:25:28 [org.springframework.kafka.KafkaListenerEndpointContainer#1-1-C-1] INFO  o.a.k.c.c.i.ConsumerCoordinator - [Consumer clientId=consumer-notification-service-group-32, groupId=notification-service-group] Request joining group due to: need to re-join with the given member-id: consumer-notification-service-group-32-45f70ccf-c47a-4c3d-94d5-375522552745
2026-05-18 20:25:28 [org.springframework.kafka.KafkaListenerEndpointContainer#1-1-C-1] INFO  o.a.k.c.c.i.ConsumerCoordinator - [Consumer clientId=consumer-notification-service-group-32, groupId=notification-service-group] Request joining group due to: rebalance failed due to 'The group member needs to have a valid member id before actually entering a consumer group.' (MemberIdRequiredException)
2026-05-18 20:25:28 [org.springframework.kafka.KafkaListenerEndpointContainer#1-1-C-1] INFO  o.a.k.c.c.i.ConsumerCoordinator - [Consumer clientId=consumer-notification-service-group-32, groupId=notification-service-group] (Re-)joining group
2026-05-18 20:25:28 [main] INFO  o.a.k.c.consumer.ConsumerConfig - ConsumerConfig values: 
	allow.auto.create.topics = true
	auto.commit.interval.ms = 5000
	auto.include.jmx.reporter = true
	auto.offset.reset = earliest
	bootstrap.servers = [localhost:9092]
	check.crcs = true
	client.dns.lookup = use_all_dns_ips
	client.id = consumer-notification-service-group-34
	client.rack = 
	connections.max.idle.ms = 540000
	default.api.timeout.ms = 60000
	enable.auto.commit = false
	exclude.internal.topics = true
	fetch.max.bytes = 52428800
	fetch.max.wait.ms = 500
	fetch.min.bytes = 1
	group.id = notification-service-group
	group.instance.id = null
	heartbeat.interval.ms = 3000
	interceptor.classes = []
	internal.leave.group.on.close = true
	internal.throw.on.fetch.stable.offset.unsupported = false
	isolation.level = read_uncommitted
	key.deserializer = class org.apache.kafka.common.serialization.StringDeserializer
	max.partition.fetch.bytes = 1048576
	max.poll.interval.ms = 300000
	max.poll.records = 500
	metadata.max.age.ms = 300000
	metric.reporters = []
	metrics.num.samples = 2
	metrics.recording.level = INFO
	metrics.sample.window.ms = 30000
	partition.assignment.strategy = [class org.apache.kafka.clients.consumer.RangeAssignor, class org.apache.kafka.clients.consumer.CooperativeStickyAssignor]
	receive.buffer.bytes = 65536
	reconnect.backoff.max.ms = 1000
	reconnect.backoff.ms = 50
	request.timeout.ms = 30000
	retry.backoff.ms = 100
	sasl.client.callback.handler.class = null
	sasl.jaas.config = null
	sasl.kerberos.kinit.cmd = /usr/bin/kinit
	sasl.kerberos.min.time.before.relogin = 60000
	sasl.kerberos.service.name = null
	sasl.kerberos.ticket.renew.jitter = 0.05
	sasl.kerberos.ticket.renew.window.factor = 0.8
	sasl.login.callback.handler.class = null
	sasl.login.class = null
	sasl.login.connect.timeout.ms = null
	sasl.login.read.timeout.ms = null
	sasl.login.refresh.buffer.seconds = 300
	sasl.login.refresh.min.period.seconds = 60
	sasl.login.refresh.window.factor = 0.8
	sasl.login.refresh.window.jitter = 0.05
	sasl.login.retry.backoff.max.ms = 10000
	sasl.login.retry.backoff.ms = 100
	sasl.mechanism = GSSAPI
	sasl.oauthbearer.clock.skew.seconds = 30
	sasl.oauthbearer.expected.audience = null
	sasl.oauthbearer.expected.issuer = null
	sasl.oauthbearer.jwks.endpoint.refresh.ms = 3600000
	sasl.oauthbearer.jwks.endpoint.retry.backoff.max.ms = 10000
	sasl.oauthbearer.jwks.endpoint.retry.backoff.ms = 100
	sasl.oauthbearer.jwks.endpoint.url = null
	sasl.oauthbearer.scope.claim.name = scope
	sasl.oauthbearer.sub.claim.name = sub
	sasl.oauthbearer.token.endpoint.url = null
	security.protocol = PLAINTEXT
	security.providers = null
	send.buffer.bytes = 131072
	session.timeout.ms = 45000
	socket.connection.setup.timeout.max.ms = 30000
	socket.connection.setup.timeout.ms = 10000
	ssl.cipher.suites = null
	ssl.enabled.protocols = [TLSv1.2, TLSv1.3]
	ssl.endpoint.identification.algorithm = https
	ssl.engine.factory.class = null
	ssl.key.password = null
	ssl.keymanager.algorithm = SunX509
	ssl.keystore.certificate.chain = null
	ssl.keystore.key = null
	ssl.keystore.location = null
	ssl.keystore.password = null
	ssl.keystore.type = JKS
	ssl.protocol = TLSv1.3
	ssl.provider = null
	ssl.secure.random.implementation = null
	ssl.trustmanager.algorithm = PKIX
	ssl.truststore.certificates = null
	ssl.truststore.location = null
	ssl.truststore.password = null
	ssl.truststore.type = JKS
	value.deserializer = class org.springframework.kafka.support.serializer.ErrorHandlingDeserializer

2026-05-18 20:25:28 [main] INFO  o.a.kafka.common.utils.AppInfoParser - Kafka version: 3.6.1
2026-05-18 20:25:28 [main] INFO  o.a.kafka.common.utils.AppInfoParser - Kafka commitId: 5e3c2b738d253ff5
2026-05-18 20:25:28 [main] INFO  o.a.kafka.common.utils.AppInfoParser - Kafka startTimeMs: 1779116128184
2026-05-18 20:25:28 [main] INFO  o.s.k.c.DefaultKafkaConsumerFactory$ExtendedKafkaConsumer - [Consumer clientId=consumer-notification-service-group-34, groupId=notification-service-group] Subscribed to topic(s): reward.points.added
2026-05-18 20:25:28 [org.springframework.kafka.KafkaListenerEndpointContainer#1-2-C-1] INFO  org.apache.kafka.clients.Metadata - [Consumer clientId=consumer-notification-service-group-33, groupId=notification-service-group] Cluster ID: 538wPjqAT8OPgbqLgW0seg
2026-05-18 20:25:28 [org.springframework.kafka.KafkaListenerEndpointContainer#1-2-C-1] INFO  o.a.k.c.c.i.ConsumerCoordinator - [Consumer clientId=consumer-notification-service-group-33, groupId=notification-service-group] Discovered group coordinator localhost:9092 (id: 2147483646 rack: null)
2026-05-18 20:25:28 [org.springframework.kafka.KafkaListenerEndpointContainer#1-2-C-1] INFO  o.a.k.c.c.i.ConsumerCoordinator - [Consumer clientId=consumer-notification-service-group-33, groupId=notification-service-group] (Re-)joining group
2026-05-18 20:25:28 [main] INFO  o.a.k.c.consumer.ConsumerConfig - ConsumerConfig values: 
	allow.auto.create.topics = true
	auto.commit.interval.ms = 5000
	auto.include.jmx.reporter = true
	auto.offset.reset = earliest
	bootstrap.servers = [localhost:9092]
	check.crcs = true
	client.dns.lookup = use_all_dns_ips
	client.id = consumer-notification-service-group-35
	client.rack = 
	connections.max.idle.ms = 540000
	default.api.timeout.ms = 60000
	enable.auto.commit = false
	exclude.internal.topics = true
	fetch.max.bytes = 52428800
	fetch.max.wait.ms = 500
	fetch.min.bytes = 1
	group.id = notification-service-group
	group.instance.id = null
	heartbeat.interval.ms = 3000
	interceptor.classes = []
	internal.leave.group.on.close = true
	internal.throw.on.fetch.stable.offset.unsupported = false
	isolation.level = read_uncommitted
	key.deserializer = class org.apache.kafka.common.serialization.StringDeserializer
	max.partition.fetch.bytes = 1048576
	max.poll.interval.ms = 300000
	max.poll.records = 500
	metadata.max.age.ms = 300000
	metric.reporters = []
	metrics.num.samples = 2
	metrics.recording.level = INFO
	metrics.sample.window.ms = 30000
	partition.assignment.strategy = [class org.apache.kafka.clients.consumer.RangeAssignor, class org.apache.kafka.clients.consumer.CooperativeStickyAssignor]
	receive.buffer.bytes = 65536
	reconnect.backoff.max.ms = 1000
	reconnect.backoff.ms = 50
	request.timeout.ms = 30000
	retry.backoff.ms = 100
	sasl.client.callback.handler.class = null
	sasl.jaas.config = null
	sasl.kerberos.kinit.cmd = /usr/bin/kinit
	sasl.kerberos.min.time.before.relogin = 60000
	sasl.kerberos.service.name = null
	sasl.kerberos.ticket.renew.jitter = 0.05
	sasl.kerberos.ticket.renew.window.factor = 0.8
	sasl.login.callback.handler.class = null
	sasl.login.class = null
	sasl.login.connect.timeout.ms = null
	sasl.login.read.timeout.ms = null
	sasl.login.refresh.buffer.seconds = 300
	sasl.login.refresh.min.period.seconds = 60
	sasl.login.refresh.window.factor = 0.8
	sasl.login.refresh.window.jitter = 0.05
	sasl.login.retry.backoff.max.ms = 10000
	sasl.login.retry.backoff.ms = 100
	sasl.mechanism = GSSAPI
	sasl.oauthbearer.clock.skew.seconds = 30
	sasl.oauthbearer.expected.audience = null
	sasl.oauthbearer.expected.issuer = null
	sasl.oauthbearer.jwks.endpoint.refresh.ms = 3600000
	sasl.oauthbearer.jwks.endpoint.retry.backoff.max.ms = 10000
	sasl.oauthbearer.jwks.endpoint.retry.backoff.ms = 100
	sasl.oauthbearer.jwks.endpoint.url = null
	sasl.oauthbearer.scope.claim.name = scope
	sasl.oauthbearer.sub.claim.name = sub
	sasl.oauthbearer.token.endpoint.url = null
	security.protocol = PLAINTEXT
	security.providers = null
	send.buffer.bytes = 131072
	session.timeout.ms = 45000
	socket.connection.setup.timeout.max.ms = 30000
	socket.connection.setup.timeout.ms = 10000
	ssl.cipher.suites = null
	ssl.enabled.protocols = [TLSv1.2, TLSv1.3]
	ssl.endpoint.identification.algorithm = https
	ssl.engine.factory.class = null
	ssl.key.password = null
	ssl.keymanager.algorithm = SunX509
	ssl.keystore.certificate.chain = null
	ssl.keystore.key = null
	ssl.keystore.location = null
	ssl.keystore.password = null
	ssl.keystore.type = JKS
	ssl.protocol = TLSv1.3
	ssl.provider = null
	ssl.secure.random.implementation = null
	ssl.trustmanager.algorithm = PKIX
	ssl.truststore.certificates = null
	ssl.truststore.location = null
	ssl.truststore.password = null
	ssl.truststore.type = JKS
	value.deserializer = class org.springframework.kafka.support.serializer.ErrorHandlingDeserializer

2026-05-18 20:25:28 [main] INFO  o.a.kafka.common.utils.AppInfoParser - Kafka version: 3.6.1
2026-05-18 20:25:28 [main] INFO  o.a.kafka.common.utils.AppInfoParser - Kafka commitId: 5e3c2b738d253ff5
2026-05-18 20:25:28 [main] INFO  o.a.kafka.common.utils.AppInfoParser - Kafka startTimeMs: 1779116128187
2026-05-18 20:25:28 [main] INFO  o.s.k.c.DefaultKafkaConsumerFactory$ExtendedKafkaConsumer - [Consumer clientId=consumer-notification-service-group-35, groupId=notification-service-group] Subscribed to topic(s): reward.points.added
2026-05-18 20:25:28 [main] INFO  o.a.k.c.consumer.ConsumerConfig - ConsumerConfig values: 
	allow.auto.create.topics = true
	auto.commit.interval.ms = 5000
	auto.include.jmx.reporter = true
	auto.offset.reset = earliest
	bootstrap.servers = [localhost:9092]
	check.crcs = true
	client.dns.lookup = use_all_dns_ips
	client.id = consumer-notification-service-group-36
	client.rack = 
	connections.max.idle.ms = 540000
	default.api.timeout.ms = 60000
	enable.auto.commit = false
	exclude.internal.topics = true
	fetch.max.bytes = 52428800
	fetch.max.wait.ms = 500
	fetch.min.bytes = 1
	group.id = notification-service-group
	group.instance.id = null
	heartbeat.interval.ms = 3000
	interceptor.classes = []
	internal.leave.group.on.close = true
	internal.throw.on.fetch.stable.offset.unsupported = false
	isolation.level = read_uncommitted
	key.deserializer = class org.apache.kafka.common.serialization.StringDeserializer
	max.partition.fetch.bytes = 1048576
	max.poll.interval.ms = 300000
	max.poll.records = 500
	metadata.max.age.ms = 300000
	metric.reporters = []
	metrics.num.samples = 2
	metrics.recording.level = INFO
	metrics.sample.window.ms = 30000
	partition.assignment.strategy = [class org.apache.kafka.clients.consumer.RangeAssignor, class org.apache.kafka.clients.consumer.CooperativeStickyAssignor]
	receive.buffer.bytes = 65536
	reconnect.backoff.max.ms = 1000
	reconnect.backoff.ms = 50
	request.timeout.ms = 30000
	retry.backoff.ms = 100
	sasl.client.callback.handler.class = null
	sasl.jaas.config = null
	sasl.kerberos.kinit.cmd = /usr/bin/kinit
	sasl.kerberos.min.time.before.relogin = 60000
	sasl.kerberos.service.name = null
	sasl.kerberos.ticket.renew.jitter = 0.05
	sasl.kerberos.ticket.renew.window.factor = 0.8
	sasl.login.callback.handler.class = null
	sasl.login.class = null
	sasl.login.connect.timeout.ms = null
	sasl.login.read.timeout.ms = null
	sasl.login.refresh.buffer.seconds = 300
	sasl.login.refresh.min.period.seconds = 60
	sasl.login.refresh.window.factor = 0.8
	sasl.login.refresh.window.jitter = 0.05
	sasl.login.retry.backoff.max.ms = 10000
	sasl.login.retry.backoff.ms = 100
	sasl.mechanism = GSSAPI
	sasl.oauthbearer.clock.skew.seconds = 30
	sasl.oauthbearer.expected.audience = null
	sasl.oauthbearer.expected.issuer = null
	sasl.oauthbearer.jwks.endpoint.refresh.ms = 3600000
	sasl.oauthbearer.jwks.endpoint.retry.backoff.max.ms = 10000
	sasl.oauthbearer.jwks.endpoint.retry.backoff.ms = 100
	sasl.oauthbearer.jwks.endpoint.url = null
	sasl.oauthbearer.scope.claim.name = scope
	sasl.oauthbearer.sub.claim.name = sub
	sasl.oauthbearer.token.endpoint.url = null
	security.protocol = PLAINTEXT
	security.providers = null
	send.buffer.bytes = 131072
	session.timeout.ms = 45000
	socket.connection.setup.timeout.max.ms = 30000
	socket.connection.setup.timeout.ms = 10000
	ssl.cipher.suites = null
	ssl.enabled.protocols = [TLSv1.2, TLSv1.3]
	ssl.endpoint.identification.algorithm = https
	ssl.engine.factory.class = null
	ssl.key.password = null
	ssl.keymanager.algorithm = SunX509
	ssl.keystore.certificate.chain = null
	ssl.keystore.key = null
	ssl.keystore.location = null
	ssl.keystore.password = null
	ssl.keystore.type = JKS
	ssl.protocol = TLSv1.3
	ssl.provider = null
	ssl.secure.random.implementation = null
	ssl.trustmanager.algorithm = PKIX
	ssl.truststore.certificates = null
	ssl.truststore.location = null
	ssl.truststore.password = null
	ssl.truststore.type = JKS
	value.deserializer = class org.springframework.kafka.support.serializer.ErrorHandlingDeserializer

2026-05-18 20:25:28 [org.springframework.kafka.KafkaListenerEndpointContainer#1-2-C-1] INFO  o.a.k.c.c.i.ConsumerCoordinator - [Consumer clientId=consumer-notification-service-group-33, groupId=notification-service-group] Request joining group due to: need to re-join with the given member-id: consumer-notification-service-group-33-b37a8b0a-72a5-4a82-ad16-7760f29d0f6d
2026-05-18 20:25:28 [org.springframework.kafka.KafkaListenerEndpointContainer#1-2-C-1] INFO  o.a.k.c.c.i.ConsumerCoordinator - [Consumer clientId=consumer-notification-service-group-33, groupId=notification-service-group] Request joining group due to: rebalance failed due to 'The group member needs to have a valid member id before actually entering a consumer group.' (MemberIdRequiredException)
2026-05-18 20:25:28 [org.springframework.kafka.KafkaListenerEndpointContainer#1-2-C-1] INFO  o.a.k.c.c.i.ConsumerCoordinator - [Consumer clientId=consumer-notification-service-group-33, groupId=notification-service-group] (Re-)joining group
2026-05-18 20:25:28 [org.springframework.kafka.KafkaListenerEndpointContainer#10-0-C-1] INFO  org.apache.kafka.clients.Metadata - [Consumer clientId=consumer-notification-service-group-34, groupId=notification-service-group] Cluster ID: 538wPjqAT8OPgbqLgW0seg
2026-05-18 20:25:28 [org.springframework.kafka.KafkaListenerEndpointContainer#10-0-C-1] INFO  o.a.k.c.c.i.ConsumerCoordinator - [Consumer clientId=consumer-notification-service-group-34, groupId=notification-service-group] Discovered group coordinator localhost:9092 (id: 2147483646 rack: null)
2026-05-18 20:25:28 [main] INFO  o.a.kafka.common.utils.AppInfoParser - Kafka version: 3.6.1
2026-05-18 20:25:28 [main] INFO  o.a.kafka.common.utils.AppInfoParser - Kafka commitId: 5e3c2b738d253ff5
2026-05-18 20:25:28 [main] INFO  o.a.kafka.common.utils.AppInfoParser - Kafka startTimeMs: 1779116128192
2026-05-18 20:25:28 [main] INFO  o.s.k.c.DefaultKafkaConsumerFactory$ExtendedKafkaConsumer - [Consumer clientId=consumer-notification-service-group-36, groupId=notification-service-group] Subscribed to topic(s): reward.points.added
2026-05-18 20:25:28 [org.springframework.kafka.KafkaListenerEndpointContainer#10-0-C-1] INFO  o.a.k.c.c.i.ConsumerCoordinator - [Consumer clientId=consumer-notification-service-group-34, groupId=notification-service-group] (Re-)joining group
2026-05-18 20:25:28 [org.springframework.kafka.KafkaListenerEndpointContainer#10-1-C-1] INFO  org.apache.kafka.clients.Metadata - [Consumer clientId=consumer-notification-service-group-35, groupId=notification-service-group] Cluster ID: 538wPjqAT8OPgbqLgW0seg
2026-05-18 20:25:28 [org.springframework.kafka.KafkaListenerEndpointContainer#10-1-C-1] INFO  o.a.k.c.c.i.ConsumerCoordinator - [Consumer clientId=consumer-notification-service-group-35, groupId=notification-service-group] Discovered group coordinator localhost:9092 (id: 2147483646 rack: null)
2026-05-18 20:25:28 [org.springframework.kafka.KafkaListenerEndpointContainer#10-1-C-1] INFO  o.a.k.c.c.i.ConsumerCoordinator - [Consumer clientId=consumer-notification-service-group-35, groupId=notification-service-group] (Re-)joining group
2026-05-18 20:25:28 [main] INFO  o.s.m.s.b.SimpleBrokerMessageHandler - Starting...
2026-05-18 20:25:28 [main] INFO  o.s.m.s.b.SimpleBrokerMessageHandler - BrokerAvailabilityEvent[available=true, SimpleBrokerMessageHandler [org.springframework.messaging.simp.broker.DefaultSubscriptionRegistry@27688fc6]]
2026-05-18 20:25:28 [main] INFO  o.s.m.s.b.SimpleBrokerMessageHandler - Started.
2026-05-18 20:25:28 [org.springframework.kafka.KafkaListenerEndpointContainer#10-0-C-1] INFO  o.a.k.c.c.i.ConsumerCoordinator - [Consumer clientId=consumer-notification-service-group-34, groupId=notification-service-group] Request joining group due to: need to re-join with the given member-id: consumer-notification-service-group-34-d1e0fd44-bbeb-44e1-adcd-0a52a5464a5b
2026-05-18 20:25:28 [org.springframework.kafka.KafkaListenerEndpointContainer#10-0-C-1] INFO  o.a.k.c.c.i.ConsumerCoordinator - [Consumer clientId=consumer-notification-service-group-34, groupId=notification-service-group] Request joining group due to: rebalance failed due to 'The group member needs to have a valid member id before actually entering a consumer group.' (MemberIdRequiredException)
2026-05-18 20:25:28 [org.springframework.kafka.KafkaListenerEndpointContainer#10-0-C-1] INFO  o.a.k.c.c.i.ConsumerCoordinator - [Consumer clientId=consumer-notification-service-group-34, groupId=notification-service-group] (Re-)joining group
2026-05-18 20:25:28 [org.springframework.kafka.KafkaListenerEndpointContainer#10-2-C-1] INFO  org.apache.kafka.clients.Metadata - [Consumer clientId=consumer-notification-service-group-36, groupId=notification-service-group] Cluster ID: 538wPjqAT8OPgbqLgW0seg
2026-05-18 20:25:28 [org.springframework.kafka.KafkaListenerEndpointContainer#10-2-C-1] INFO  o.a.k.c.c.i.ConsumerCoordinator - [Consumer clientId=consumer-notification-service-group-36, groupId=notification-service-group] Discovered group coordinator localhost:9092 (id: 2147483646 rack: null)
2026-05-18 20:25:28 [org.springframework.kafka.KafkaListenerEndpointContainer#10-2-C-1] INFO  o.a.k.c.c.i.ConsumerCoordinator - [Consumer clientId=consumer-notification-service-group-36, groupId=notification-service-group] (Re-)joining group
2026-05-18 20:25:28 [org.springframework.kafka.KafkaListenerEndpointContainer#10-1-C-1] INFO  o.a.k.c.c.i.ConsumerCoordinator - [Consumer clientId=consumer-notification-service-group-35, groupId=notification-service-group] Request joining group due to: need to re-join with the given member-id: consumer-notification-service-group-35-e81a9a40-517c-4dd7-bfb5-62525e05db24
2026-05-18 20:25:28 [org.springframework.kafka.KafkaListenerEndpointContainer#10-1-C-1] INFO  o.a.k.c.c.i.ConsumerCoordinator - [Consumer clientId=consumer-notification-service-group-35, groupId=notification-service-group] Request joining group due to: rebalance failed due to 'The group member needs to have a valid member id before actually entering a consumer group.' (MemberIdRequiredException)
2026-05-18 20:25:28 [org.springframework.kafka.KafkaListenerEndpointContainer#10-1-C-1] INFO  o.a.k.c.c.i.ConsumerCoordinator - [Consumer clientId=consumer-notification-service-group-35, groupId=notification-service-group] (Re-)joining group
2026-05-18 20:25:28 [org.springframework.kafka.KafkaListenerEndpointContainer#10-2-C-1] INFO  o.a.k.c.c.i.ConsumerCoordinator - [Consumer clientId=consumer-notification-service-group-36, groupId=notification-service-group] Request joining group due to: need to re-join with the given member-id: consumer-notification-service-group-36-e8f93fb9-ff1b-4a22-9b2e-d6a826791d8f
2026-05-18 20:25:28 [org.springframework.kafka.KafkaListenerEndpointContainer#10-2-C-1] INFO  o.a.k.c.c.i.ConsumerCoordinator - [Consumer clientId=consumer-notification-service-group-36, groupId=notification-service-group] Request joining group due to: rebalance failed due to 'The group member needs to have a valid member id before actually entering a consumer group.' (MemberIdRequiredException)
2026-05-18 20:25:28 [org.springframework.kafka.KafkaListenerEndpointContainer#10-2-C-1] INFO  o.a.k.c.c.i.ConsumerCoordinator - [Consumer clientId=consumer-notification-service-group-36, groupId=notification-service-group] (Re-)joining group
2026-05-18 20:25:28 [main] INFO  c.c.n.NotificationServiceApplication - Started NotificationServiceApplication in 8.873 seconds (process running for 9.495)
2026-05-18 20:25:31 [org.springframework.kafka.KafkaListenerEndpointContainer#5-0-C-1] INFO  o.a.k.c.c.i.ConsumerCoordinator - [Consumer clientId=consumer-notification-service-group-notify-approved-22, groupId=notification-service-group-notify-approved] Successfully joined group with generation Generation{generationId=26, memberId='consumer-notification-service-group-notify-approved-22-9dad7f64-8518-44bd-8a39-6c4097c39534', protocol='range'}
2026-05-18 20:25:31 [org.springframework.kafka.KafkaListenerEndpointContainer#5-2-C-1] INFO  o.a.k.c.c.i.ConsumerCoordinator - [Consumer clientId=consumer-notification-service-group-notify-approved-24, groupId=notification-service-group-notify-approved] Successfully joined group with generation Generation{generationId=26, memberId='consumer-notification-service-group-notify-approved-24-d991e83b-ed6f-4ff3-9b3a-36f8e80048ed', protocol='range'}
2026-05-18 20:25:31 [org.springframework.kafka.KafkaListenerEndpointContainer#5-1-C-1] INFO  o.a.k.c.c.i.ConsumerCoordinator - [Consumer clientId=consumer-notification-service-group-notify-approved-23, groupId=notification-service-group-notify-approved] Successfully joined group with generation Generation{generationId=26, memberId='consumer-notification-service-group-notify-approved-23-07c55a0e-dc08-4db0-9a91-c35164a5b522', protocol='range'}
2026-05-18 20:25:31 [org.springframework.kafka.KafkaListenerEndpointContainer#9-0-C-1] INFO  o.a.k.c.c.i.ConsumerCoordinator - [Consumer clientId=consumer-notification-service-group-10, groupId=notification-service-group] Successfully joined group with generation Generation{generationId=26, memberId='consumer-notification-service-group-10-b8795e0c-acb6-4cc2-967f-d75f47e9d2de', protocol='range'}
2026-05-18 20:25:31 [org.springframework.kafka.KafkaListenerEndpointContainer#10-2-C-1] INFO  o.a.k.c.c.i.ConsumerCoordinator - [Consumer clientId=consumer-notification-service-group-36, groupId=notification-service-group] Successfully joined group with generation Generation{generationId=26, memberId='consumer-notification-service-group-36-e8f93fb9-ff1b-4a22-9b2e-d6a826791d8f', protocol='range'}
2026-05-18 20:25:31 [org.springframework.kafka.KafkaListenerEndpointContainer#1-1-C-1] INFO  o.a.k.c.c.i.ConsumerCoordinator - [Consumer clientId=consumer-notification-service-group-32, groupId=notification-service-group] Successfully joined group with generation Generation{generationId=26, memberId='consumer-notification-service-group-32-45f70ccf-c47a-4c3d-94d5-375522552745', protocol='range'}
2026-05-18 20:25:31 [org.springframework.kafka.KafkaListenerEndpointContainer#11-2-C-1] INFO  o.a.k.c.c.i.ConsumerCoordinator - [Consumer clientId=consumer-notification-service-group-27, groupId=notification-service-group] Successfully joined group with generation Generation{generationId=26, memberId='consumer-notification-service-group-27-fc27cf76-3351-4937-ac37-7534bf233dbc', protocol='range'}
2026-05-18 20:25:31 [org.springframework.kafka.KafkaListenerEndpointContainer#7-2-C-1] INFO  o.a.k.c.c.i.ConsumerCoordinator - [Consumer clientId=consumer-notification-service-group-6, groupId=notification-service-group] Successfully joined group with generation Generation{generationId=26, memberId='consumer-notification-service-group-6-b844a579-1ad5-4479-9818-a8fafa595b22', protocol='range'}
2026-05-18 20:25:31 [org.springframework.kafka.KafkaListenerEndpointContainer#4-1-C-1] INFO  o.a.k.c.c.i.ConsumerCoordinator - [Consumer clientId=consumer-notification-service-group-20, groupId=notification-service-group] Successfully joined group with generation Generation{generationId=26, memberId='consumer-notification-service-group-20-1ada3baa-4763-45a2-afaa-11235a2b638a', protocol='range'}
2026-05-18 20:25:31 [org.springframework.kafka.KafkaListenerEndpointContainer#8-1-C-1] INFO  o.a.k.c.c.i.ConsumerCoordinator - [Consumer clientId=consumer-notification-service-group-8, groupId=notification-service-group] Successfully joined group with generation Generation{generationId=26, memberId='consumer-notification-service-group-8-4f46ef43-394f-4add-81d6-0aa8dcce1e67', protocol='range'}
2026-05-18 20:25:31 [org.springframework.kafka.KafkaListenerEndpointContainer#2-1-C-1] INFO  o.a.k.c.c.i.ConsumerCoordinator - [Consumer clientId=consumer-notification-service-group-14, groupId=notification-service-group] Successfully joined group with generation Generation{generationId=26, memberId='consumer-notification-service-group-14-0b4605cb-2117-45bf-97bb-f42e0b169ae5', protocol='range'}
2026-05-18 20:25:31 [org.springframework.kafka.KafkaListenerEndpointContainer#0-0-C-1] INFO  o.a.k.c.c.i.ConsumerCoordinator - [Consumer clientId=consumer-notification-service-group-28, groupId=notification-service-group] Successfully joined group with generation Generation{generationId=26, memberId='consumer-notification-service-group-28-91bd6959-a6b4-44d8-b706-52296dcd3f4c', protocol='range'}
2026-05-18 20:25:31 [org.springframework.kafka.KafkaListenerEndpointContainer#10-1-C-1] INFO  o.a.k.c.c.i.ConsumerCoordinator - [Consumer clientId=consumer-notification-service-group-35, groupId=notification-service-group] Successfully joined group with generation Generation{generationId=26, memberId='consumer-notification-service-group-35-e81a9a40-517c-4dd7-bfb5-62525e05db24', protocol='range'}
2026-05-18 20:25:31 [org.springframework.kafka.KafkaListenerEndpointContainer#0-2-C-1] INFO  o.a.k.c.c.i.ConsumerCoordinator - [Consumer clientId=consumer-notification-service-group-30, groupId=notification-service-group] Successfully joined group with generation Generation{generationId=26, memberId='consumer-notification-service-group-30-f5548f1e-0e40-466d-94f8-1a8447d77d35', protocol='range'}
2026-05-18 20:25:31 [org.springframework.kafka.KafkaListenerEndpointContainer#4-2-C-1] INFO  o.a.k.c.c.i.ConsumerCoordinator - [Consumer clientId=consumer-notification-service-group-21, groupId=notification-service-group] Successfully joined group with generation Generation{generationId=26, memberId='consumer-notification-service-group-21-badba8a4-bce6-491b-af19-36f50e18ca8e', protocol='range'}
2026-05-18 20:25:31 [org.springframework.kafka.KafkaListenerEndpointContainer#1-0-C-1] INFO  o.a.k.c.c.i.ConsumerCoordinator - [Consumer clientId=consumer-notification-service-group-31, groupId=notification-service-group] Successfully joined group with generation Generation{generationId=26, memberId='consumer-notification-service-group-31-fe97baf9-c917-4c08-bbfe-33b43a9d45f5', protocol='range'}
2026-05-18 20:25:31 [org.springframework.kafka.KafkaListenerEndpointContainer#7-1-C-1] INFO  o.a.k.c.c.i.ConsumerCoordinator - [Consumer clientId=consumer-notification-service-group-5, groupId=notification-service-group] Successfully joined group with generation Generation{generationId=26, memberId='consumer-notification-service-group-5-f451b758-efa7-4ac1-b296-a6c2a84ad857', protocol='range'}
2026-05-18 20:25:31 [org.springframework.kafka.KafkaListenerEndpointContainer#3-2-C-1] INFO  o.a.k.c.c.i.ConsumerCoordinator - [Consumer clientId=consumer-notification-service-group-18, groupId=notification-service-group] Successfully joined group with generation Generation{generationId=26, memberId='consumer-notification-service-group-18-86276cfe-295e-4242-9e70-36811163f585', protocol='range'}
2026-05-18 20:25:31 [org.springframework.kafka.KafkaListenerEndpointContainer#6-0-C-1] INFO  o.a.k.c.c.i.ConsumerCoordinator - [Consumer clientId=consumer-notification-service-group-1, groupId=notification-service-group] Successfully joined group with generation Generation{generationId=26, memberId='consumer-notification-service-group-1-ec621b24-6c80-4e08-ae71-c7031c0ef207', protocol='range'}
2026-05-18 20:25:31 [org.springframework.kafka.KafkaListenerEndpointContainer#8-2-C-1] INFO  o.a.k.c.c.i.ConsumerCoordinator - [Consumer clientId=consumer-notification-service-group-9, groupId=notification-service-group] Successfully joined group with generation Generation{generationId=26, memberId='consumer-notification-service-group-9-df44b84d-1c13-4b35-97c5-0969bae10545', protocol='range'}
2026-05-18 20:25:31 [org.springframework.kafka.KafkaListenerEndpointContainer#2-0-C-1] INFO  o.a.k.c.c.i.ConsumerCoordinator - [Consumer clientId=consumer-notification-service-group-13, groupId=notification-service-group] Successfully joined group with generation Generation{generationId=26, memberId='consumer-notification-service-group-13-76d279ca-6d0d-4106-a145-cf13914605c3', protocol='range'}
2026-05-18 20:25:31 [org.springframework.kafka.KafkaListenerEndpointContainer#10-0-C-1] INFO  o.a.k.c.c.i.ConsumerCoordinator - [Consumer clientId=consumer-notification-service-group-34, groupId=notification-service-group] Successfully joined group with generation Generation{generationId=26, memberId='consumer-notification-service-group-34-d1e0fd44-bbeb-44e1-adcd-0a52a5464a5b', protocol='range'}
2026-05-18 20:25:31 [org.springframework.kafka.KafkaListenerEndpointContainer#3-0-C-1] INFO  o.a.k.c.c.i.ConsumerCoordinator - [Consumer clientId=consumer-notification-service-group-16, groupId=notification-service-group] Successfully joined group with generation Generation{generationId=26, memberId='consumer-notification-service-group-16-31dc758e-57d4-49fc-acba-8d164003fd35', protocol='range'}
2026-05-18 20:25:31 [org.springframework.kafka.KafkaListenerEndpointContainer#3-1-C-1] INFO  o.a.k.c.c.i.ConsumerCoordinator - [Consumer clientId=consumer-notification-service-group-17, groupId=notification-service-group] Successfully joined group with generation Generation{generationId=26, memberId='consumer-notification-service-group-17-c4bd180c-81c5-426d-9076-37c56c6e485e', protocol='range'}
2026-05-18 20:25:31 [org.springframework.kafka.KafkaListenerEndpointContainer#4-0-C-1] INFO  o.a.k.c.c.i.ConsumerCoordinator - [Consumer clientId=consumer-notification-service-group-19, groupId=notification-service-group] Successfully joined group with generation Generation{generationId=26, memberId='consumer-notification-service-group-19-00daf4fd-58fa-427d-8f07-c5a78a5884c0', protocol='range'}
2026-05-18 20:25:31 [org.springframework.kafka.KafkaListenerEndpointContainer#6-2-C-1] INFO  o.a.k.c.c.i.ConsumerCoordinator - [Consumer clientId=consumer-notification-service-group-3, groupId=notification-service-group] Successfully joined group with generation Generation{generationId=26, memberId='consumer-notification-service-group-3-4bef6894-7caa-46c6-9c70-3d903aab463e', protocol='range'}
2026-05-18 20:25:31 [org.springframework.kafka.KafkaListenerEndpointContainer#11-1-C-1] INFO  o.a.k.c.c.i.ConsumerCoordinator - [Consumer clientId=consumer-notification-service-group-26, groupId=notification-service-group] Successfully joined group with generation Generation{generationId=26, memberId='consumer-notification-service-group-26-be0cdd84-20c2-4669-a9c8-e8477aef8967', protocol='range'}
2026-05-18 20:25:31 [org.springframework.kafka.KafkaListenerEndpointContainer#7-0-C-1] INFO  o.a.k.c.c.i.ConsumerCoordinator - [Consumer clientId=consumer-notification-service-group-4, groupId=notification-service-group] Successfully joined group with generation Generation{generationId=26, memberId='consumer-notification-service-group-4-27bb6faf-b2cf-40d4-ab70-36a1c83d4f74', protocol='range'}
2026-05-18 20:25:31 [org.springframework.kafka.KafkaListenerEndpointContainer#8-0-C-1] INFO  o.a.k.c.c.i.ConsumerCoordinator - [Consumer clientId=consumer-notification-service-group-7, groupId=notification-service-group] Successfully joined group with generation Generation{generationId=26, memberId='consumer-notification-service-group-7-98cf967b-5df8-469d-8a00-0ef8b78d6cc8', protocol='range'}
2026-05-18 20:25:31 [org.springframework.kafka.KafkaListenerEndpointContainer#9-1-C-1] INFO  o.a.k.c.c.i.ConsumerCoordinator - [Consumer clientId=consumer-notification-service-group-11, groupId=notification-service-group] Successfully joined group with generation Generation{generationId=26, memberId='consumer-notification-service-group-11-0ba2bcb7-b7f0-4cd8-a7bc-a02a609a7b9b', protocol='range'}
2026-05-18 20:25:31 [org.springframework.kafka.KafkaListenerEndpointContainer#1-2-C-1] INFO  o.a.k.c.c.i.ConsumerCoordinator - [Consumer clientId=consumer-notification-service-group-33, groupId=notification-service-group] Successfully joined group with generation Generation{generationId=26, memberId='consumer-notification-service-group-33-b37a8b0a-72a5-4a82-ad16-7760f29d0f6d', protocol='range'}
2026-05-18 20:25:31 [org.springframework.kafka.KafkaListenerEndpointContainer#9-2-C-1] INFO  o.a.k.c.c.i.ConsumerCoordinator - [Consumer clientId=consumer-notification-service-group-12, groupId=notification-service-group] Successfully joined group with generation Generation{generationId=26, memberId='consumer-notification-service-group-12-8a55f7aa-e9b3-4267-8bdb-dcab320114fd', protocol='range'}
2026-05-18 20:25:31 [org.springframework.kafka.KafkaListenerEndpointContainer#11-0-C-1] INFO  o.a.k.c.c.i.ConsumerCoordinator - [Consumer clientId=consumer-notification-service-group-25, groupId=notification-service-group] Successfully joined group with generation Generation{generationId=26, memberId='consumer-notification-service-group-25-bf5be529-22f2-4fb2-aff8-a99d6a4f6e33', protocol='range'}
2026-05-18 20:25:31 [org.springframework.kafka.KafkaListenerEndpointContainer#0-1-C-1] INFO  o.a.k.c.c.i.ConsumerCoordinator - [Consumer clientId=consumer-notification-service-group-29, groupId=notification-service-group] Successfully joined group with generation Generation{generationId=26, memberId='consumer-notification-service-group-29-204089e4-e442-43b8-bc67-7bbed9efe2f3', protocol='range'}
2026-05-18 20:25:31 [org.springframework.kafka.KafkaListenerEndpointContainer#2-2-C-1] INFO  o.a.k.c.c.i.ConsumerCoordinator - [Consumer clientId=consumer-notification-service-group-15, groupId=notification-service-group] Successfully joined group with generation Generation{generationId=26, memberId='consumer-notification-service-group-15-64111cff-4032-4bb9-8a0e-4ece2588bcc1', protocol='range'}
2026-05-18 20:25:31 [org.springframework.kafka.KafkaListenerEndpointContainer#6-1-C-1] INFO  o.a.k.c.c.i.ConsumerCoordinator - [Consumer clientId=consumer-notification-service-group-2, groupId=notification-service-group] Successfully joined group with generation Generation{generationId=26, memberId='consumer-notification-service-group-2-7e2e4f26-8282-4715-b64e-1b3a2530367a', protocol='range'}
2026-05-18 20:25:31 [org.springframework.kafka.KafkaListenerEndpointContainer#5-0-C-1] INFO  o.a.k.c.c.i.ConsumerCoordinator - [Consumer clientId=consumer-notification-service-group-notify-approved-22, groupId=notification-service-group-notify-approved] Finished assignment for group at generation 26: {consumer-notification-service-group-notify-approved-22-9dad7f64-8518-44bd-8a39-6c4097c39534=Assignment(partitions=[solution.approved-0]), consumer-notification-service-group-notify-approved-23-07c55a0e-dc08-4db0-9a91-c35164a5b522=Assignment(partitions=[solution.approved-1]), consumer-notification-service-group-notify-approved-24-d991e83b-ed6f-4ff3-9b3a-36f8e80048ed=Assignment(partitions=[solution.approved-2])}
2026-05-18 20:25:31 [org.springframework.kafka.KafkaListenerEndpointContainer#6-0-C-1] INFO  o.a.k.c.c.i.ConsumerCoordinator - [Consumer clientId=consumer-notification-service-group-1, groupId=notification-service-group] Finished assignment for group at generation 26: {consumer-notification-service-group-32-45f70ccf-c47a-4c3d-94d5-375522552745=Assignment(partitions=[]), consumer-notification-service-group-36-e8f93fb9-ff1b-4a22-9b2e-d6a826791d8f=Assignment(partitions=[reward.points.added-2]), consumer-notification-service-group-27-fc27cf76-3351-4937-ac37-7534bf233dbc=Assignment(partitions=[leaderboard.updated-2]), consumer-notification-service-group-4-27bb6faf-b2cf-40d4-ab70-36a1c83d4f74=Assignment(partitions=[solution.submitted-0]), consumer-notification-service-group-10-b8795e0c-acb6-4cc2-967f-d75f47e9d2de=Assignment(partitions=[knowledge.created-0]), consumer-notification-service-group-20-1ada3baa-4763-45a2-afaa-11235a2b638a=Assignment(partitions=[reward.badge.awarded-1]), consumer-notification-service-group-12-8a55f7aa-e9b3-4267-8bdb-dcab320114fd=Assignment(partitions=[]), consumer-notification-service-group-7-98cf967b-5df8-469d-8a00-0ef8b78d6cc8=Assignment(partitions=[ticket.created.legacy-0]), consumer-notification-service-group-11-0ba2bcb7-b7f0-4cd8-a7bc-a02a609a7b9b=Assignment(partitions=[]), consumer-notification-service-group-33-b37a8b0a-72a5-4a82-ad16-7760f29d0f6d=Assignment(partitions=[]), consumer-notification-service-group-16-31dc758e-57d4-49fc-acba-8d164003fd35=Assignment(partitions=[ticket.resolved-0]), consumer-notification-service-group-6-b844a579-1ad5-4479-9818-a8fafa595b22=Assignment(partitions=[]), consumer-notification-service-group-14-0b4605cb-2117-45bf-97bb-f42e0b169ae5=Assignment(partitions=[]), consumer-notification-service-group-8-4f46ef43-394f-4add-81d6-0aa8dcce1e67=Assignment(partitions=[]), consumer-notification-service-group-28-91bd6959-a6b4-44d8-b706-52296dcd3f4c=Assignment(partitions=[ticket.created-0]), consumer-notification-service-group-35-e81a9a40-517c-4dd7-bfb5-62525e05db24=Assignment(partitions=[reward.points.added-1]), consumer-notification-service-group-25-bf5be529-22f2-4fb2-aff8-a99d6a4f6e33=Assignment(partitions=[leaderboard.updated-0]), consumer-notification-service-group-30-f5548f1e-0e40-466d-94f8-1a8447d77d35=Assignment(partitions=[]), consumer-notification-service-group-21-badba8a4-bce6-491b-af19-36f50e18ca8e=Assignment(partitions=[reward.badge.awarded-2]), consumer-notification-service-group-31-fe97baf9-c917-4c08-bbfe-33b43a9d45f5=Assignment(partitions=[reward.added-0]), consumer-notification-service-group-18-86276cfe-295e-4242-9e70-36811163f585=Assignment(partitions=[]), consumer-notification-service-group-5-f451b758-efa7-4ac1-b296-a6c2a84ad857=Assignment(partitions=[]), consumer-notification-service-group-1-ec621b24-6c80-4e08-ae71-c7031c0ef207=Assignment(partitions=[solution.rejected-0]), consumer-notification-service-group-9-df44b84d-1c13-4b35-97c5-0969bae10545=Assignment(partitions=[]), consumer-notification-service-group-13-76d279ca-6d0d-4106-a145-cf13914605c3=Assignment(partitions=[ticket.assigned-0]), consumer-notification-service-group-34-d1e0fd44-bbeb-44e1-adcd-0a52a5464a5b=Assignment(partitions=[reward.points.added-0]), consumer-notification-service-group-17-c4bd180c-81c5-426d-9076-37c56c6e485e=Assignment(partitions=[]), consumer-notification-service-group-19-00daf4fd-58fa-427d-8f07-c5a78a5884c0=Assignment(partitions=[reward.badge.awarded-0]), consumer-notification-service-group-2-7e2e4f26-8282-4715-b64e-1b3a2530367a=Assignment(partitions=[solution.rejected-1]), consumer-notification-service-group-3-4bef6894-7caa-46c6-9c70-3d903aab463e=Assignment(partitions=[solution.rejected-2]), consumer-notification-service-group-26-be0cdd84-20c2-4669-a9c8-e8477aef8967=Assignment(partitions=[leaderboard.updated-1]), consumer-notification-service-group-29-204089e4-e442-43b8-bc67-7bbed9efe2f3=Assignment(partitions=[]), consumer-notification-service-group-15-64111cff-4032-4bb9-8a0e-4ece2588bcc1=Assignment(partitions=[])}
2026-05-18 20:25:31 [org.springframework.kafka.KafkaListenerEndpointContainer#5-0-C-1] INFO  o.a.k.c.c.i.ConsumerCoordinator - [Consumer clientId=consumer-notification-service-group-notify-approved-22, groupId=notification-service-group-notify-approved] Successfully synced group in generation Generation{generationId=26, memberId='consumer-notification-service-group-notify-approved-22-9dad7f64-8518-44bd-8a39-6c4097c39534', protocol='range'}
2026-05-18 20:25:31 [org.springframework.kafka.KafkaListenerEndpointContainer#5-0-C-1] INFO  o.a.k.c.c.i.ConsumerCoordinator - [Consumer clientId=consumer-notification-service-group-notify-approved-22, groupId=notification-service-group-notify-approved] Notifying assignor about the new Assignment(partitions=[solution.approved-0])
2026-05-18 20:25:31 [org.springframework.kafka.KafkaListenerEndpointContainer#5-1-C-1] INFO  o.a.k.c.c.i.ConsumerCoordinator - [Consumer clientId=consumer-notification-service-group-notify-approved-23, groupId=notification-service-group-notify-approved] Successfully synced group in generation Generation{generationId=26, memberId='consumer-notification-service-group-notify-approved-23-07c55a0e-dc08-4db0-9a91-c35164a5b522', protocol='range'}
2026-05-18 20:25:31 [org.springframework.kafka.KafkaListenerEndpointContainer#5-1-C-1] INFO  o.a.k.c.c.i.ConsumerCoordinator - [Consumer clientId=consumer-notification-service-group-notify-approved-23, groupId=notification-service-group-notify-approved] Notifying assignor about the new Assignment(partitions=[solution.approved-1])
2026-05-18 20:25:31 [org.springframework.kafka.KafkaListenerEndpointContainer#0-0-C-1] INFO  o.a.k.c.c.i.ConsumerCoordinator - [Consumer clientId=consumer-notification-service-group-28, groupId=notification-service-group] Successfully synced group in generation Generation{generationId=26, memberId='consumer-notification-service-group-28-91bd6959-a6b4-44d8-b706-52296dcd3f4c', protocol='range'}
2026-05-18 20:25:31 [org.springframework.kafka.KafkaListenerEndpointContainer#2-1-C-1] INFO  o.a.k.c.c.i.ConsumerCoordinator - [Consumer clientId=consumer-notification-service-group-14, groupId=notification-service-group] Successfully synced group in generation Generation{generationId=26, memberId='consumer-notification-service-group-14-0b4605cb-2117-45bf-97bb-f42e0b169ae5', protocol='range'}
2026-05-18 20:25:31 [org.springframework.kafka.KafkaListenerEndpointContainer#2-1-C-1] INFO  o.a.k.c.c.i.ConsumerCoordinator - [Consumer clientId=consumer-notification-service-group-14, groupId=notification-service-group] Notifying assignor about the new Assignment(partitions=[])
2026-05-18 20:25:31 [org.springframework.kafka.KafkaListenerEndpointContainer#0-0-C-1] INFO  o.a.k.c.c.i.ConsumerCoordinator - [Consumer clientId=consumer-notification-service-group-28, groupId=notification-service-group] Notifying assignor about the new Assignment(partitions=[ticket.created-0])
2026-05-18 20:25:31 [org.springframework.kafka.KafkaListenerEndpointContainer#10-1-C-1] INFO  o.a.k.c.c.i.ConsumerCoordinator - [Consumer clientId=consumer-notification-service-group-35, groupId=notification-service-group] Successfully synced group in generation Generation{generationId=26, memberId='consumer-notification-service-group-35-e81a9a40-517c-4dd7-bfb5-62525e05db24', protocol='range'}
2026-05-18 20:25:31 [org.springframework.kafka.KafkaListenerEndpointContainer#2-1-C-1] INFO  o.a.k.c.c.i.ConsumerCoordinator - [Consumer clientId=consumer-notification-service-group-14, groupId=notification-service-group] Adding newly assigned partitions: 
2026-05-18 20:25:31 [org.springframework.kafka.KafkaListenerEndpointContainer#10-1-C-1] INFO  o.a.k.c.c.i.ConsumerCoordinator - [Consumer clientId=consumer-notification-service-group-35, groupId=notification-service-group] Notifying assignor about the new Assignment(partitions=[reward.points.added-1])
2026-05-18 20:25:31 [org.springframework.kafka.KafkaListenerEndpointContainer#6-1-C-1] INFO  o.a.k.c.c.i.ConsumerCoordinator - [Consumer clientId=consumer-notification-service-group-2, groupId=notification-service-group] Successfully synced group in generation Generation{generationId=26, memberId='consumer-notification-service-group-2-7e2e4f26-8282-4715-b64e-1b3a2530367a', protocol='range'}
2026-05-18 20:25:31 [org.springframework.kafka.KafkaListenerEndpointContainer#8-1-C-1] INFO  o.a.k.c.c.i.ConsumerCoordinator - [Consumer clientId=consumer-notification-service-group-8, groupId=notification-service-group] Successfully synced group in generation Generation{generationId=26, memberId='consumer-notification-service-group-8-4f46ef43-394f-4add-81d6-0aa8dcce1e67', protocol='range'}
2026-05-18 20:25:31 [org.springframework.kafka.KafkaListenerEndpointContainer#6-1-C-1] INFO  o.a.k.c.c.i.ConsumerCoordinator - [Consumer clientId=consumer-notification-service-group-2, groupId=notification-service-group] Notifying assignor about the new Assignment(partitions=[solution.rejected-1])
2026-05-18 20:25:31 [org.springframework.kafka.KafkaListenerEndpointContainer#8-1-C-1] INFO  o.a.k.c.c.i.ConsumerCoordinator - [Consumer clientId=consumer-notification-service-group-8, groupId=notification-service-group] Notifying assignor about the new Assignment(partitions=[])
2026-05-18 20:25:31 [org.springframework.kafka.KafkaListenerEndpointContainer#0-2-C-1] INFO  o.a.k.c.c.i.ConsumerCoordinator - [Consumer clientId=consumer-notification-service-group-30, groupId=notification-service-group] Successfully synced group in generation Generation{generationId=26, memberId='consumer-notification-service-group-30-f5548f1e-0e40-466d-94f8-1a8447d77d35', protocol='range'}
2026-05-18 20:25:31 [org.springframework.kafka.KafkaListenerEndpointContainer#1-1-C-1] INFO  o.a.k.c.c.i.ConsumerCoordinator - [Consumer clientId=consumer-notification-service-group-32, groupId=notification-service-group] Successfully synced group in generation Generation{generationId=26, memberId='consumer-notification-service-group-32-45f70ccf-c47a-4c3d-94d5-375522552745', protocol='range'}
2026-05-18 20:25:31 [org.springframework.kafka.KafkaListenerEndpointContainer#11-2-C-1] INFO  o.a.k.c.c.i.ConsumerCoordinator - [Consumer clientId=consumer-notification-service-group-27, groupId=notification-service-group] Successfully synced group in generation Generation{generationId=26, memberId='consumer-notification-service-group-27-fc27cf76-3351-4937-ac37-7534bf233dbc', protocol='range'}
2026-05-18 20:25:31 [org.springframework.kafka.KafkaListenerEndpointContainer#7-0-C-1] INFO  o.a.k.c.c.i.ConsumerCoordinator - [Consumer clientId=consumer-notification-service-group-4, groupId=notification-service-group] Successfully synced group in generation Generation{generationId=26, memberId='consumer-notification-service-group-4-27bb6faf-b2cf-40d4-ab70-36a1c83d4f74', protocol='range'}
2026-05-18 20:25:31 [org.springframework.kafka.KafkaListenerEndpointContainer#9-1-C-1] INFO  o.a.k.c.c.i.ConsumerCoordinator - [Consumer clientId=consumer-notification-service-group-11, groupId=notification-service-group] Successfully synced group in generation Generation{generationId=26, memberId='consumer-notification-service-group-11-0ba2bcb7-b7f0-4cd8-a7bc-a02a609a7b9b', protocol='range'}
2026-05-18 20:25:31 [org.springframework.kafka.KafkaListenerEndpointContainer#4-1-C-1] INFO  o.a.k.c.c.i.ConsumerCoordinator - [Consumer clientId=consumer-notification-service-group-20, groupId=notification-service-group] Successfully synced group in generation Generation{generationId=26, memberId='consumer-notification-service-group-20-1ada3baa-4763-45a2-afaa-11235a2b638a', protocol='range'}
2026-05-18 20:25:31 [org.springframework.kafka.KafkaListenerEndpointContainer#1-1-C-1] INFO  o.a.k.c.c.i.ConsumerCoordinator - [Consumer clientId=consumer-notification-service-group-32, groupId=notification-service-group] Notifying assignor about the new Assignment(partitions=[])
2026-05-18 20:25:31 [org.springframework.kafka.KafkaListenerEndpointContainer#9-2-C-1] INFO  o.a.k.c.c.i.ConsumerCoordinator - [Consumer clientId=consumer-notification-service-group-12, groupId=notification-service-group] Successfully synced group in generation Generation{generationId=26, memberId='consumer-notification-service-group-12-8a55f7aa-e9b3-4267-8bdb-dcab320114fd', protocol='range'}
2026-05-18 20:25:31 [org.springframework.kafka.KafkaListenerEndpointContainer#8-0-C-1] INFO  o.a.k.c.c.i.ConsumerCoordinator - [Consumer clientId=consumer-notification-service-group-7, groupId=notification-service-group] Successfully synced group in generation Generation{generationId=26, memberId='consumer-notification-service-group-7-98cf967b-5df8-469d-8a00-0ef8b78d6cc8', protocol='range'}
2026-05-18 20:25:31 [org.springframework.kafka.KafkaListenerEndpointContainer#9-1-C-1] INFO  o.a.k.c.c.i.ConsumerCoordinator - [Consumer clientId=consumer-notification-service-group-11, groupId=notification-service-group] Notifying assignor about the new Assignment(partitions=[])
2026-05-18 20:25:31 [org.springframework.kafka.KafkaListenerEndpointContainer#9-2-C-1] INFO  o.a.k.c.c.i.ConsumerCoordinator - [Consumer clientId=consumer-notification-service-group-12, groupId=notification-service-group] Notifying assignor about the new Assignment(partitions=[])
2026-05-18 20:25:31 [org.springframework.kafka.KafkaListenerEndpointContainer#9-1-C-1] INFO  o.a.k.c.c.i.ConsumerCoordinator - [Consumer clientId=consumer-notification-service-group-11, groupId=notification-service-group] Adding newly assigned partitions: 
2026-05-18 20:25:31 [org.springframework.kafka.KafkaListenerEndpointContainer#8-0-C-1] INFO  o.a.k.c.c.i.ConsumerCoordinator - [Consumer clientId=consumer-notification-service-group-7, groupId=notification-service-group] Notifying assignor about the new Assignment(partitions=[ticket.created.legacy-0])
2026-05-18 20:25:31 [org.springframework.kafka.KafkaListenerEndpointContainer#3-2-C-1] INFO  o.a.k.c.c.i.ConsumerCoordinator - [Consumer clientId=consumer-notification-service-group-18, groupId=notification-service-group] Successfully synced group in generation Generation{generationId=26, memberId='consumer-notification-service-group-18-86276cfe-295e-4242-9e70-36811163f585', protocol='range'}
2026-05-18 20:25:31 [org.springframework.kafka.KafkaListenerEndpointContainer#10-0-C-1] INFO  o.a.k.c.c.i.ConsumerCoordinator - [Consumer clientId=consumer-notification-service-group-34, groupId=notification-service-group] Successfully synced group in generation Generation{generationId=26, memberId='consumer-notification-service-group-34-d1e0fd44-bbeb-44e1-adcd-0a52a5464a5b', protocol='range'}
2026-05-18 20:25:31 [org.springframework.kafka.KafkaListenerEndpointContainer#4-0-C-1] INFO  o.a.k.c.c.i.ConsumerCoordinator - [Consumer clientId=consumer-notification-service-group-19, groupId=notification-service-group] Successfully synced group in generation Generation{generationId=26, memberId='consumer-notification-service-group-19-00daf4fd-58fa-427d-8f07-c5a78a5884c0', protocol='range'}
2026-05-18 20:25:31 [org.springframework.kafka.KafkaListenerEndpointContainer#3-1-C-1] INFO  o.a.k.c.c.i.ConsumerCoordinator - [Consumer clientId=consumer-notification-service-group-17, groupId=notification-service-group] Successfully synced group in generation Generation{generationId=26, memberId='consumer-notification-service-group-17-c4bd180c-81c5-426d-9076-37c56c6e485e', protocol='range'}
2026-05-18 20:25:31 [org.springframework.kafka.KafkaListenerEndpointContainer#3-2-C-1] INFO  o.a.k.c.c.i.ConsumerCoordinator - [Consumer clientId=consumer-notification-service-group-18, groupId=notification-service-group] Notifying assignor about the new Assignment(partitions=[])
2026-05-18 20:25:31 [org.springframework.kafka.KafkaListenerEndpointContainer#10-0-C-1] INFO  o.a.k.c.c.i.ConsumerCoordinator - [Consumer clientId=consumer-notification-service-group-34, groupId=notification-service-group] Notifying assignor about the new Assignment(partitions=[reward.points.added-0])
2026-05-18 20:25:31 [org.springframework.kafka.KafkaListenerEndpointContainer#3-2-C-1] INFO  o.a.k.c.c.i.ConsumerCoordinator - [Consumer clientId=consumer-notification-service-group-18, groupId=notification-service-group] Adding newly assigned partitions: 
2026-05-18 20:25:31 [org.springframework.kafka.KafkaListenerEndpointContainer#4-0-C-1] INFO  o.a.k.c.c.i.ConsumerCoordinator - [Consumer clientId=consumer-notification-service-group-19, groupId=notification-service-group] Notifying assignor about the new Assignment(partitions=[reward.badge.awarded-0])
2026-05-18 20:25:31 [org.springframework.kafka.KafkaListenerEndpointContainer#3-1-C-1] INFO  o.a.k.c.c.i.ConsumerCoordinator - [Consumer clientId=consumer-notification-service-group-17, groupId=notification-service-group] Notifying assignor about the new Assignment(partitions=[])
2026-05-18 20:25:31 [org.springframework.kafka.KafkaListenerEndpointContainer#2-2-C-1] INFO  o.a.k.c.c.i.ConsumerCoordinator - [Consumer clientId=consumer-notification-service-group-15, groupId=notification-service-group] Successfully synced group in generation Generation{generationId=26, memberId='consumer-notification-service-group-15-64111cff-4032-4bb9-8a0e-4ece2588bcc1', protocol='range'}
2026-05-18 20:25:31 [org.springframework.kafka.KafkaListenerEndpointContainer#11-1-C-1] INFO  o.a.k.c.c.i.ConsumerCoordinator - [Consumer clientId=consumer-notification-service-group-26, groupId=notification-service-group] Successfully synced group in generation Generation{generationId=26, memberId='consumer-notification-service-group-26-be0cdd84-20c2-4669-a9c8-e8477aef8967', protocol='range'}
2026-05-18 20:25:31 [org.springframework.kafka.KafkaListenerEndpointContainer#3-1-C-1] INFO  o.a.k.c.c.i.ConsumerCoordinator - [Consumer clientId=consumer-notification-service-group-17, groupId=notification-service-group] Adding newly assigned partitions: 
2026-05-18 20:25:31 [org.springframework.kafka.KafkaListenerEndpointContainer#2-2-C-1] INFO  o.a.k.c.c.i.ConsumerCoordinator - [Consumer clientId=consumer-notification-service-group-15, groupId=notification-service-group] Notifying assignor about the new Assignment(partitions=[])
2026-05-18 20:25:31 [org.springframework.kafka.KafkaListenerEndpointContainer#2-2-C-1] INFO  o.a.k.c.c.i.ConsumerCoordinator - [Consumer clientId=consumer-notification-service-group-15, groupId=notification-service-group] Adding newly assigned partitions: 
2026-05-18 20:25:31 [org.springframework.kafka.KafkaListenerEndpointContainer#6-0-C-1] INFO  o.a.k.c.c.i.ConsumerCoordinator - [Consumer clientId=consumer-notification-service-group-1, groupId=notification-service-group] Successfully synced group in generation Generation{generationId=26, memberId='consumer-notification-service-group-1-ec621b24-6c80-4e08-ae71-c7031c0ef207', protocol='range'}
2026-05-18 20:25:31 [org.springframework.kafka.KafkaListenerEndpointContainer#10-1-C-1] INFO  o.a.k.c.c.i.ConsumerCoordinator - [Consumer clientId=consumer-notification-service-group-35, groupId=notification-service-group] Adding newly assigned partitions: reward.points.added-1
2026-05-18 20:25:31 [org.springframework.kafka.KafkaListenerEndpointContainer#8-1-C-1] INFO  o.a.k.c.c.i.ConsumerCoordinator - [Consumer clientId=consumer-notification-service-group-8, groupId=notification-service-group] Adding newly assigned partitions: 
2026-05-18 20:25:31 [org.springframework.kafka.KafkaListenerEndpointContainer#10-0-C-1] INFO  o.a.k.c.c.i.ConsumerCoordinator - [Consumer clientId=consumer-notification-service-group-34, groupId=notification-service-group] Adding newly assigned partitions: reward.points.added-0
2026-05-18 20:25:31 [org.springframework.kafka.KafkaListenerEndpointContainer#5-1-C-1] INFO  o.a.k.c.c.i.ConsumerCoordinator - [Consumer clientId=consumer-notification-service-group-notify-approved-23, groupId=notification-service-group-notify-approved] Adding newly assigned partitions: solution.approved-1
2026-05-18 20:25:31 [org.springframework.kafka.KafkaListenerEndpointContainer#0-0-C-1] INFO  o.a.k.c.c.i.ConsumerCoordinator - [Consumer clientId=consumer-notification-service-group-28, groupId=notification-service-group] Adding newly assigned partitions: ticket.created-0
2026-05-18 20:25:31 [org.springframework.kafka.KafkaListenerEndpointContainer#0-2-C-1] INFO  o.a.k.c.c.i.ConsumerCoordinator - [Consumer clientId=consumer-notification-service-group-30, groupId=notification-service-group] Notifying assignor about the new Assignment(partitions=[])
2026-05-18 20:25:31 [org.springframework.kafka.KafkaListenerEndpointContainer#0-2-C-1] INFO  o.a.k.c.c.i.ConsumerCoordinator - [Consumer clientId=consumer-notification-service-group-30, groupId=notification-service-group] Adding newly assigned partitions: 
2026-05-18 20:25:31 [org.springframework.kafka.KafkaListenerEndpointContainer#6-0-C-1] INFO  o.a.k.c.c.i.ConsumerCoordinator - [Consumer clientId=consumer-notification-service-group-1, groupId=notification-service-group] Notifying assignor about the new Assignment(partitions=[solution.rejected-0])
2026-05-18 20:25:31 [org.springframework.kafka.KafkaListenerEndpointContainer#8-1-C-1] INFO  o.s.k.l.KafkaMessageListenerContainer - notification-service-group: partitions assigned: []
2026-05-18 20:25:31 [org.springframework.kafka.KafkaListenerEndpointContainer#2-1-C-1] INFO  o.s.k.l.KafkaMessageListenerContainer - notification-service-group: partitions assigned: []
2026-05-18 20:25:31 [org.springframework.kafka.KafkaListenerEndpointContainer#5-0-C-1] INFO  o.a.k.c.c.i.ConsumerCoordinator - [Consumer clientId=consumer-notification-service-group-notify-approved-22, groupId=notification-service-group-notify-approved] Adding newly assigned partitions: solution.approved-0
2026-05-18 20:25:31 [org.springframework.kafka.KafkaListenerEndpointContainer#5-2-C-1] INFO  o.a.k.c.c.i.ConsumerCoordinator - [Consumer clientId=consumer-notification-service-group-notify-approved-24, groupId=notification-service-group-notify-approved] Successfully synced group in generation Generation{generationId=26, memberId='consumer-notification-service-group-notify-approved-24-d991e83b-ed6f-4ff3-9b3a-36f8e80048ed', protocol='range'}
2026-05-18 20:25:31 [org.springframework.kafka.KafkaListenerEndpointContainer#6-1-C-1] INFO  o.a.k.c.c.i.ConsumerCoordinator - [Consumer clientId=consumer-notification-service-group-2, groupId=notification-service-group] Adding newly assigned partitions: solution.rejected-1
2026-05-18 20:25:31 [org.springframework.kafka.KafkaListenerEndpointContainer#3-1-C-1] INFO  o.s.k.l.KafkaMessageListenerContainer - notification-service-group: partitions assigned: []
2026-05-18 20:25:31 [org.springframework.kafka.KafkaListenerEndpointContainer#5-2-C-1] INFO  o.a.k.c.c.i.ConsumerCoordinator - [Consumer clientId=consumer-notification-service-group-notify-approved-24, groupId=notification-service-group-notify-approved] Notifying assignor about the new Assignment(partitions=[solution.approved-2])
2026-05-18 20:25:31 [org.springframework.kafka.KafkaListenerEndpointContainer#5-2-C-1] INFO  o.a.k.c.c.i.ConsumerCoordinator - [Consumer clientId=consumer-notification-service-group-notify-approved-24, groupId=notification-service-group-notify-approved] Adding newly assigned partitions: solution.approved-2
2026-05-18 20:25:31 [org.springframework.kafka.KafkaListenerEndpointContainer#10-2-C-1] INFO  o.a.k.c.c.i.ConsumerCoordinator - [Consumer clientId=consumer-notification-service-group-36, groupId=notification-service-group] Successfully synced group in generation Generation{generationId=26, memberId='consumer-notification-service-group-36-e8f93fb9-ff1b-4a22-9b2e-d6a826791d8f', protocol='range'}
2026-05-18 20:25:31 [org.springframework.kafka.KafkaListenerEndpointContainer#1-2-C-1] INFO  o.a.k.c.c.i.ConsumerCoordinator - [Consumer clientId=consumer-notification-service-group-33, groupId=notification-service-group] Successfully synced group in generation Generation{generationId=26, memberId='consumer-notification-service-group-33-b37a8b0a-72a5-4a82-ad16-7760f29d0f6d', protocol='range'}
2026-05-18 20:25:31 [org.springframework.kafka.KafkaListenerEndpointContainer#9-0-C-1] INFO  o.a.k.c.c.i.ConsumerCoordinator - [Consumer clientId=consumer-notification-service-group-10, groupId=notification-service-group] Successfully synced group in generation Generation{generationId=26, memberId='consumer-notification-service-group-10-b8795e0c-acb6-4cc2-967f-d75f47e9d2de', protocol='range'}
2026-05-18 20:25:31 [org.springframework.kafka.KafkaListenerEndpointContainer#3-0-C-1] INFO  o.a.k.c.c.i.ConsumerCoordinator - [Consumer clientId=consumer-notification-service-group-16, groupId=notification-service-group] Successfully synced group in generation Generation{generationId=26, memberId='consumer-notification-service-group-16-31dc758e-57d4-49fc-acba-8d164003fd35', protocol='range'}
2026-05-18 20:25:31 [org.springframework.kafka.KafkaListenerEndpointContainer#11-2-C-1] INFO  o.a.k.c.c.i.ConsumerCoordinator - [Consumer clientId=consumer-notification-service-group-27, groupId=notification-service-group] Notifying assignor about the new Assignment(partitions=[leaderboard.updated-2])
2026-05-18 20:25:31 [org.springframework.kafka.KafkaListenerEndpointContainer#1-1-C-1] INFO  o.a.k.c.c.i.ConsumerCoordinator - [Consumer clientId=consumer-notification-service-group-32, groupId=notification-service-group] Adding newly assigned partitions: 
2026-05-18 20:25:31 [org.springframework.kafka.KafkaListenerEndpointContainer#7-0-C-1] INFO  o.a.k.c.c.i.ConsumerCoordinator - [Consumer clientId=consumer-notification-service-group-4, groupId=notification-service-group] Notifying assignor about the new Assignment(partitions=[solution.submitted-0])
2026-05-18 20:25:31 [org.springframework.kafka.KafkaListenerEndpointContainer#9-0-C-1] INFO  o.a.k.c.c.i.ConsumerCoordinator - [Consumer clientId=consumer-notification-service-group-10, groupId=notification-service-group] Notifying assignor about the new Assignment(partitions=[knowledge.created-0])
2026-05-18 20:25:31 [org.springframework.kafka.KafkaListenerEndpointContainer#11-2-C-1] INFO  o.a.k.c.c.i.ConsumerCoordinator - [Consumer clientId=consumer-notification-service-group-27, groupId=notification-service-group] Adding newly assigned partitions: leaderboard.updated-2
2026-05-18 20:25:31 [org.springframework.kafka.KafkaListenerEndpointContainer#4-1-C-1] INFO  o.a.k.c.c.i.ConsumerCoordinator - [Consumer clientId=consumer-notification-service-group-20, groupId=notification-service-group] Notifying assignor about the new Assignment(partitions=[reward.badge.awarded-1])
2026-05-18 20:25:31 [org.springframework.kafka.KafkaListenerEndpointContainer#1-1-C-1] INFO  o.s.k.l.KafkaMessageListenerContainer - notification-service-group: partitions assigned: []
2026-05-18 20:25:31 [org.springframework.kafka.KafkaListenerEndpointContainer#7-2-C-1] INFO  o.a.k.c.c.i.ConsumerCoordinator - [Consumer clientId=consumer-notification-service-group-6, groupId=notification-service-group] Successfully synced group in generation Generation{generationId=26, memberId='consumer-notification-service-group-6-b844a579-1ad5-4479-9818-a8fafa595b22', protocol='range'}
2026-05-18 20:25:31 [org.springframework.kafka.KafkaListenerEndpointContainer#11-0-C-1] INFO  o.a.k.c.c.i.ConsumerCoordinator - [Consumer clientId=consumer-notification-service-group-25, groupId=notification-service-group] Successfully synced group in generation Generation{generationId=26, memberId='consumer-notification-service-group-25-bf5be529-22f2-4fb2-aff8-a99d6a4f6e33', protocol='range'}
2026-05-18 20:25:31 [org.springframework.kafka.KafkaListenerEndpointContainer#4-2-C-1] INFO  o.a.k.c.c.i.ConsumerCoordinator - [Consumer clientId=consumer-notification-service-group-21, groupId=notification-service-group] Successfully synced group in generation Generation{generationId=26, memberId='consumer-notification-service-group-21-badba8a4-bce6-491b-af19-36f50e18ca8e', protocol='range'}
2026-05-18 20:25:31 [org.springframework.kafka.KafkaListenerEndpointContainer#7-2-C-1] INFO  o.a.k.c.c.i.ConsumerCoordinator - [Consumer clientId=consumer-notification-service-group-6, groupId=notification-service-group] Notifying assignor about the new Assignment(partitions=[])
2026-05-18 20:25:31 [org.springframework.kafka.KafkaListenerEndpointContainer#1-0-C-1] INFO  o.a.k.c.c.i.ConsumerCoordinator - [Consumer clientId=consumer-notification-service-group-31, groupId=notification-service-group] Successfully synced group in generation Generation{generationId=26, memberId='consumer-notification-service-group-31-fe97baf9-c917-4c08-bbfe-33b43a9d45f5', protocol='range'}
2026-05-18 20:25:31 [org.springframework.kafka.KafkaListenerEndpointContainer#7-2-C-1] INFO  o.a.k.c.c.i.ConsumerCoordinator - [Consumer clientId=consumer-notification-service-group-6, groupId=notification-service-group] Adding newly assigned partitions: 
2026-05-18 20:25:31 [org.springframework.kafka.KafkaListenerEndpointContainer#7-1-C-1] INFO  o.a.k.c.c.i.ConsumerCoordinator - [Consumer clientId=consumer-notification-service-group-5, groupId=notification-service-group] Successfully synced group in generation Generation{generationId=26, memberId='consumer-notification-service-group-5-f451b758-efa7-4ac1-b296-a6c2a84ad857', protocol='range'}
2026-05-18 20:25:31 [org.springframework.kafka.KafkaListenerEndpointContainer#9-2-C-1] INFO  o.a.k.c.c.i.ConsumerCoordinator - [Consumer clientId=consumer-notification-service-group-12, groupId=notification-service-group] Adding newly assigned partitions: 
2026-05-18 20:25:31 [org.springframework.kafka.KafkaListenerEndpointContainer#7-2-C-1] INFO  o.s.k.l.KafkaMessageListenerContainer - notification-service-group: partitions assigned: []
2026-05-18 20:25:31 [org.springframework.kafka.KafkaListenerEndpointContainer#1-0-C-1] INFO  o.a.k.c.c.i.ConsumerCoordinator - [Consumer clientId=consumer-notification-service-group-31, groupId=notification-service-group] Notifying assignor about the new Assignment(partitions=[reward.added-0])
2026-05-18 20:25:31 [org.springframework.kafka.KafkaListenerEndpointContainer#7-1-C-1] INFO  o.a.k.c.c.i.ConsumerCoordinator - [Consumer clientId=consumer-notification-service-group-5, groupId=notification-service-group] Notifying assignor about the new Assignment(partitions=[])
2026-05-18 20:25:31 [org.springframework.kafka.KafkaListenerEndpointContainer#1-0-C-1] INFO  o.a.k.c.c.i.ConsumerCoordinator - [Consumer clientId=consumer-notification-service-group-31, groupId=notification-service-group] Adding newly assigned partitions: reward.added-0
2026-05-18 20:25:31 [org.springframework.kafka.KafkaListenerEndpointContainer#7-1-C-1] INFO  o.a.k.c.c.i.ConsumerCoordinator - [Consumer clientId=consumer-notification-service-group-5, groupId=notification-service-group] Adding newly assigned partitions: 
2026-05-18 20:25:31 [org.springframework.kafka.KafkaListenerEndpointContainer#7-1-C-1] INFO  o.s.k.l.KafkaMessageListenerContainer - notification-service-group: partitions assigned: []
2026-05-18 20:25:31 [org.springframework.kafka.KafkaListenerEndpointContainer#8-2-C-1] INFO  o.a.k.c.c.i.ConsumerCoordinator - [Consumer clientId=consumer-notification-service-group-9, groupId=notification-service-group] Successfully synced group in generation Generation{generationId=26, memberId='consumer-notification-service-group-9-df44b84d-1c13-4b35-97c5-0969bae10545', protocol='range'}
2026-05-18 20:25:31 [org.springframework.kafka.KafkaListenerEndpointContainer#2-0-C-1] INFO  o.a.k.c.c.i.ConsumerCoordinator - [Consumer clientId=consumer-notification-service-group-13, groupId=notification-service-group] Successfully synced group in generation Generation{generationId=26, memberId='consumer-notification-service-group-13-76d279ca-6d0d-4106-a145-cf13914605c3', protocol='range'}
2026-05-18 20:25:31 [org.springframework.kafka.KafkaListenerEndpointContainer#8-2-C-1] INFO  o.a.k.c.c.i.ConsumerCoordinator - [Consumer clientId=consumer-notification-service-group-9, groupId=notification-service-group] Notifying assignor about the new Assignment(partitions=[])
2026-05-18 20:25:31 [org.springframework.kafka.KafkaListenerEndpointContainer#0-1-C-1] INFO  o.a.k.c.c.i.ConsumerCoordinator - [Consumer clientId=consumer-notification-service-group-29, groupId=notification-service-group] Successfully synced group in generation Generation{generationId=26, memberId='consumer-notification-service-group-29-204089e4-e442-43b8-bc67-7bbed9efe2f3', protocol='range'}
2026-05-18 20:25:31 [org.springframework.kafka.KafkaListenerEndpointContainer#0-1-C-1] INFO  o.a.k.c.c.i.ConsumerCoordinator - [Consumer clientId=consumer-notification-service-group-29, groupId=notification-service-group] Notifying assignor about the new Assignment(partitions=[])
2026-05-18 20:25:31 [org.springframework.kafka.KafkaListenerEndpointContainer#0-1-C-1] INFO  o.a.k.c.c.i.ConsumerCoordinator - [Consumer clientId=consumer-notification-service-group-29, groupId=notification-service-group] Adding newly assigned partitions: 
2026-05-18 20:25:31 [org.springframework.kafka.KafkaListenerEndpointContainer#6-2-C-1] INFO  o.a.k.c.c.i.ConsumerCoordinator - [Consumer clientId=consumer-notification-service-group-3, groupId=notification-service-group] Successfully synced group in generation Generation{generationId=26, memberId='consumer-notification-service-group-3-4bef6894-7caa-46c6-9c70-3d903aab463e', protocol='range'}
2026-05-18 20:25:31 [org.springframework.kafka.KafkaListenerEndpointContainer#6-2-C-1] INFO  o.a.k.c.c.i.ConsumerCoordinator - [Consumer clientId=consumer-notification-service-group-3, groupId=notification-service-group] Notifying assignor about the new Assignment(partitions=[solution.rejected-2])
2026-05-18 20:25:31 [org.springframework.kafka.KafkaListenerEndpointContainer#6-2-C-1] INFO  o.a.k.c.c.i.ConsumerCoordinator - [Consumer clientId=consumer-notification-service-group-3, groupId=notification-service-group] Adding newly assigned partitions: solution.rejected-2
2026-05-18 20:25:31 [org.springframework.kafka.KafkaListenerEndpointContainer#11-1-C-1] INFO  o.a.k.c.c.i.ConsumerCoordinator - [Consumer clientId=consumer-notification-service-group-26, groupId=notification-service-group] Notifying assignor about the new Assignment(partitions=[leaderboard.updated-1])
2026-05-18 20:25:31 [org.springframework.kafka.KafkaListenerEndpointContainer#11-1-C-1] INFO  o.a.k.c.c.i.ConsumerCoordinator - [Consumer clientId=consumer-notification-service-group-26, groupId=notification-service-group] Adding newly assigned partitions: leaderboard.updated-1
2026-05-18 20:25:31 [org.springframework.kafka.KafkaListenerEndpointContainer#8-0-C-1] INFO  o.a.k.c.c.i.ConsumerCoordinator - [Consumer clientId=consumer-notification-service-group-7, groupId=notification-service-group] Adding newly assigned partitions: ticket.created.legacy-0
2026-05-18 20:25:31 [org.springframework.kafka.KafkaListenerEndpointContainer#4-0-C-1] INFO  o.a.k.c.c.i.ConsumerCoordinator - [Consumer clientId=consumer-notification-service-group-19, groupId=notification-service-group] Adding newly assigned partitions: reward.badge.awarded-0
2026-05-18 20:25:31 [org.springframework.kafka.KafkaListenerEndpointContainer#0-2-C-1] INFO  o.s.k.l.KafkaMessageListenerContainer - notification-service-group: partitions assigned: []
2026-05-18 20:25:31 [org.springframework.kafka.KafkaListenerEndpointContainer#3-2-C-1] INFO  o.s.k.l.KafkaMessageListenerContainer - notification-service-group: partitions assigned: []
2026-05-18 20:25:31 [org.springframework.kafka.KafkaListenerEndpointContainer#2-2-C-1] INFO  o.s.k.l.KafkaMessageListenerContainer - notification-service-group: partitions assigned: []
2026-05-18 20:25:31 [org.springframework.kafka.KafkaListenerEndpointContainer#6-0-C-1] INFO  o.a.k.c.c.i.ConsumerCoordinator - [Consumer clientId=consumer-notification-service-group-1, groupId=notification-service-group] Adding newly assigned partitions: solution.rejected-0
2026-05-18 20:25:31 [org.springframework.kafka.KafkaListenerEndpointContainer#9-1-C-1] INFO  o.s.k.l.KafkaMessageListenerContainer - notification-service-group: partitions assigned: []
2026-05-18 20:25:31 [org.springframework.kafka.KafkaListenerEndpointContainer#10-2-C-1] INFO  o.a.k.c.c.i.ConsumerCoordinator - [Consumer clientId=consumer-notification-service-group-36, groupId=notification-service-group] Notifying assignor about the new Assignment(partitions=[reward.points.added-2])
2026-05-18 20:25:31 [org.springframework.kafka.KafkaListenerEndpointContainer#1-2-C-1] INFO  o.a.k.c.c.i.ConsumerCoordinator - [Consumer clientId=consumer-notification-service-group-33, groupId=notification-service-group] Notifying assignor about the new Assignment(partitions=[])
2026-05-18 20:25:31 [org.springframework.kafka.KafkaListenerEndpointContainer#3-0-C-1] INFO  o.a.k.c.c.i.ConsumerCoordinator - [Consumer clientId=consumer-notification-service-group-16, groupId=notification-service-group] Notifying assignor about the new Assignment(partitions=[ticket.resolved-0])
2026-05-18 20:25:31 [org.springframework.kafka.KafkaListenerEndpointContainer#7-0-C-1] INFO  o.a.k.c.c.i.ConsumerCoordinator - [Consumer clientId=consumer-notification-service-group-4, groupId=notification-service-group] Adding newly assigned partitions: solution.submitted-0
2026-05-18 20:25:31 [org.springframework.kafka.KafkaListenerEndpointContainer#1-2-C-1] INFO  o.a.k.c.c.i.ConsumerCoordinator - [Consumer clientId=consumer-notification-service-group-33, groupId=notification-service-group] Adding newly assigned partitions: 
2026-05-18 20:25:31 [org.springframework.kafka.KafkaListenerEndpointContainer#4-1-C-1] INFO  o.a.k.c.c.i.ConsumerCoordinator - [Consumer clientId=consumer-notification-service-group-20, groupId=notification-service-group] Adding newly assigned partitions: reward.badge.awarded-1
2026-05-18 20:25:31 [org.springframework.kafka.KafkaListenerEndpointContainer#11-0-C-1] INFO  o.a.k.c.c.i.ConsumerCoordinator - [Consumer clientId=consumer-notification-service-group-25, groupId=notification-service-group] Notifying assignor about the new Assignment(partitions=[leaderboard.updated-0])
2026-05-18 20:25:31 [org.springframework.kafka.KafkaListenerEndpointContainer#4-2-C-1] INFO  o.a.k.c.c.i.ConsumerCoordinator - [Consumer clientId=consumer-notification-service-group-21, groupId=notification-service-group] Notifying assignor about the new Assignment(partitions=[reward.badge.awarded-2])
2026-05-18 20:25:31 [org.springframework.kafka.KafkaListenerEndpointContainer#1-2-C-1] INFO  o.s.k.l.KafkaMessageListenerContainer - notification-service-group: partitions assigned: []
2026-05-18 20:25:31 [org.springframework.kafka.KafkaListenerEndpointContainer#11-0-C-1] INFO  o.a.k.c.c.i.ConsumerCoordinator - [Consumer clientId=consumer-notification-service-group-25, groupId=notification-service-group] Adding newly assigned partitions: leaderboard.updated-0
2026-05-18 20:25:31 [org.springframework.kafka.KafkaListenerEndpointContainer#9-2-C-1] INFO  o.s.k.l.KafkaMessageListenerContainer - notification-service-group: partitions assigned: []
2026-05-18 20:25:31 [org.springframework.kafka.KafkaListenerEndpointContainer#8-2-C-1] INFO  o.a.k.c.c.i.ConsumerCoordinator - [Consumer clientId=consumer-notification-service-group-9, groupId=notification-service-group] Adding newly assigned partitions: 
2026-05-18 20:25:31 [org.springframework.kafka.KafkaListenerEndpointContainer#9-0-C-1] INFO  o.a.k.c.c.i.ConsumerCoordinator - [Consumer clientId=consumer-notification-service-group-10, groupId=notification-service-group] Adding newly assigned partitions: knowledge.created-0
2026-05-18 20:25:31 [org.springframework.kafka.KafkaListenerEndpointContainer#2-0-C-1] INFO  o.a.k.c.c.i.ConsumerCoordinator - [Consumer clientId=consumer-notification-service-group-13, groupId=notification-service-group] Notifying assignor about the new Assignment(partitions=[ticket.assigned-0])
2026-05-18 20:25:31 [org.springframework.kafka.KafkaListenerEndpointContainer#0-1-C-1] INFO  o.s.k.l.KafkaMessageListenerContainer - notification-service-group: partitions assigned: []
2026-05-18 20:25:31 [org.springframework.kafka.KafkaListenerEndpointContainer#10-2-C-1] INFO  o.a.k.c.c.i.ConsumerCoordinator - [Consumer clientId=consumer-notification-service-group-36, groupId=notification-service-group] Adding newly assigned partitions: reward.points.added-2
2026-05-18 20:25:31 [org.springframework.kafka.KafkaListenerEndpointContainer#3-0-C-1] INFO  o.a.k.c.c.i.ConsumerCoordinator - [Consumer clientId=consumer-notification-service-group-16, groupId=notification-service-group] Adding newly assigned partitions: ticket.resolved-0
2026-05-18 20:25:31 [org.springframework.kafka.KafkaListenerEndpointContainer#4-2-C-1] INFO  o.a.k.c.c.i.ConsumerCoordinator - [Consumer clientId=consumer-notification-service-group-21, groupId=notification-service-group] Adding newly assigned partitions: reward.badge.awarded-2
2026-05-18 20:25:31 [org.springframework.kafka.KafkaListenerEndpointContainer#8-2-C-1] INFO  o.s.k.l.KafkaMessageListenerContainer - notification-service-group: partitions assigned: []
2026-05-18 20:25:31 [org.springframework.kafka.KafkaListenerEndpointContainer#2-0-C-1] INFO  o.a.k.c.c.i.ConsumerCoordinator - [Consumer clientId=consumer-notification-service-group-13, groupId=notification-service-group] Adding newly assigned partitions: ticket.assigned-0
2026-05-18 20:25:31 [org.springframework.kafka.KafkaListenerEndpointContainer#1-0-C-1] INFO  o.a.k.c.c.i.ConsumerCoordinator - [Consumer clientId=consumer-notification-service-group-31, groupId=notification-service-group] Found no committed offset for partition reward.added-0
2026-05-18 20:25:31 [org.springframework.kafka.KafkaListenerEndpointContainer#11-2-C-1] INFO  o.a.k.c.c.i.ConsumerCoordinator - [Consumer clientId=consumer-notification-service-group-27, groupId=notification-service-group] Found no committed offset for partition leaderboard.updated-2
2026-05-18 20:25:31 [org.springframework.kafka.KafkaListenerEndpointContainer#6-0-C-1] INFO  o.a.k.c.c.i.ConsumerCoordinator - [Consumer clientId=consumer-notification-service-group-1, groupId=notification-service-group] Found no committed offset for partition solution.rejected-0
2026-05-18 20:25:31 [org.springframework.kafka.KafkaListenerEndpointContainer#3-0-C-1] INFO  o.a.k.c.c.i.ConsumerCoordinator - [Consumer clientId=consumer-notification-service-group-16, groupId=notification-service-group] Found no committed offset for partition ticket.resolved-0
2026-05-18 20:25:31 [org.springframework.kafka.KafkaListenerEndpointContainer#4-1-C-1] INFO  o.a.k.c.c.i.ConsumerCoordinator - [Consumer clientId=consumer-notification-service-group-20, groupId=notification-service-group] Setting offset for partition reward.badge.awarded-1 to the committed offset FetchPosition{offset=9, offsetEpoch=Optional.empty, currentLeader=LeaderAndEpoch{leader=Optional[localhost:9092 (id: 1 rack: null)], epoch=0}}
2026-05-18 20:25:31 [org.springframework.kafka.KafkaListenerEndpointContainer#10-1-C-1] INFO  o.a.k.c.c.i.ConsumerCoordinator - [Consumer clientId=consumer-notification-service-group-35, groupId=notification-service-group] Setting offset for partition reward.points.added-1 to the committed offset FetchPosition{offset=34, offsetEpoch=Optional.empty, currentLeader=LeaderAndEpoch{leader=Optional[localhost:9092 (id: 1 rack: null)], epoch=0}}
2026-05-18 20:25:31 [org.springframework.kafka.KafkaListenerEndpointContainer#7-0-C-1] INFO  o.a.k.c.c.i.ConsumerCoordinator - [Consumer clientId=consumer-notification-service-group-4, groupId=notification-service-group] Setting offset for partition solution.submitted-0 to the committed offset FetchPosition{offset=164, offsetEpoch=Optional.empty, currentLeader=LeaderAndEpoch{leader=Optional[localhost:9092 (id: 1 rack: null)], epoch=0}}
2026-05-18 20:25:31 [org.springframework.kafka.KafkaListenerEndpointContainer#11-1-C-1] INFO  o.a.k.c.c.i.ConsumerCoordinator - [Consumer clientId=consumer-notification-service-group-26, groupId=notification-service-group] Setting offset for partition leaderboard.updated-1 to the committed offset FetchPosition{offset=1, offsetEpoch=Optional.empty, currentLeader=LeaderAndEpoch{leader=Optional[localhost:9092 (id: 1 rack: null)], epoch=0}}
2026-05-18 20:25:31 [org.springframework.kafka.KafkaListenerEndpointContainer#10-1-C-1] INFO  o.s.k.l.KafkaMessageListenerContainer - notification-service-group: partitions assigned: [reward.points.added-1]
2026-05-18 20:25:31 [org.springframework.kafka.KafkaListenerEndpointContainer#5-2-C-1] INFO  o.a.k.c.c.i.ConsumerCoordinator - [Consumer clientId=consumer-notification-service-group-notify-approved-24, groupId=notification-service-group-notify-approved] Setting offset for partition solution.approved-2 to the committed offset FetchPosition{offset=45, offsetEpoch=Optional.empty, currentLeader=LeaderAndEpoch{leader=Optional[localhost:9092 (id: 1 rack: null)], epoch=0}}
2026-05-18 20:25:31 [org.springframework.kafka.KafkaListenerEndpointContainer#11-1-C-1] INFO  o.s.k.l.KafkaMessageListenerContainer - notification-service-group: partitions assigned: [leaderboard.updated-1]
2026-05-18 20:25:31 [org.springframework.kafka.KafkaListenerEndpointContainer#6-2-C-1] INFO  o.a.k.c.c.i.ConsumerCoordinator - [Consumer clientId=consumer-notification-service-group-3, groupId=notification-service-group] Setting offset for partition solution.rejected-2 to the committed offset FetchPosition{offset=5, offsetEpoch=Optional.empty, currentLeader=LeaderAndEpoch{leader=Optional[localhost:9092 (id: 1 rack: null)], epoch=0}}
2026-05-18 20:25:31 [org.springframework.kafka.KafkaListenerEndpointContainer#5-2-C-1] INFO  o.s.k.l.KafkaMessageListenerContainer - notification-service-group-notify-approved: partitions assigned: [solution.approved-2]
2026-05-18 20:25:31 [org.springframework.kafka.KafkaListenerEndpointContainer#5-1-C-1] INFO  o.a.k.c.c.i.ConsumerCoordinator - [Consumer clientId=consumer-notification-service-group-notify-approved-23, groupId=notification-service-group-notify-approved] Setting offset for partition solution.approved-1 to the committed offset FetchPosition{offset=75, offsetEpoch=Optional.empty, currentLeader=LeaderAndEpoch{leader=Optional[localhost:9092 (id: 1 rack: null)], epoch=0}}
2026-05-18 20:25:31 [org.springframework.kafka.KafkaListenerEndpointContainer#4-2-C-1] INFO  o.a.k.c.c.i.ConsumerCoordinator - [Consumer clientId=consumer-notification-service-group-21, groupId=notification-service-group] Setting offset for partition reward.badge.awarded-2 to the committed offset FetchPosition{offset=10, offsetEpoch=Optional.empty, currentLeader=LeaderAndEpoch{leader=Optional[localhost:9092 (id: 1 rack: null)], epoch=0}}
2026-05-18 20:25:31 [org.springframework.kafka.KafkaListenerEndpointContainer#4-0-C-1] INFO  o.a.k.c.c.i.ConsumerCoordinator - [Consumer clientId=consumer-notification-service-group-19, groupId=notification-service-group] Setting offset for partition reward.badge.awarded-0 to the committed offset FetchPosition{offset=9, offsetEpoch=Optional.empty, currentLeader=LeaderAndEpoch{leader=Optional[localhost:9092 (id: 1 rack: null)], epoch=0}}
2026-05-18 20:25:31 [org.springframework.kafka.KafkaListenerEndpointContainer#4-2-C-1] INFO  o.s.k.l.KafkaMessageListenerContainer - notification-service-group: partitions assigned: [reward.badge.awarded-2]
2026-05-18 20:25:31 [org.springframework.kafka.KafkaListenerEndpointContainer#4-0-C-1] INFO  o.s.k.l.KafkaMessageListenerContainer - notification-service-group: partitions assigned: [reward.badge.awarded-0]
2026-05-18 20:25:31 [org.springframework.kafka.KafkaListenerEndpointContainer#4-1-C-1] INFO  o.s.k.l.KafkaMessageListenerContainer - notification-service-group: partitions assigned: [reward.badge.awarded-1]
2026-05-18 20:25:31 [org.springframework.kafka.KafkaListenerEndpointContainer#9-0-C-1] INFO  o.a.k.c.c.i.ConsumerCoordinator - [Consumer clientId=consumer-notification-service-group-10, groupId=notification-service-group] Setting offset for partition knowledge.created-0 to the committed offset FetchPosition{offset=19, offsetEpoch=Optional.empty, currentLeader=LeaderAndEpoch{leader=Optional[localhost:9092 (id: 1 rack: null)], epoch=0}}
2026-05-18 20:25:31 [org.springframework.kafka.KafkaListenerEndpointContainer#8-0-C-1] INFO  o.a.k.c.c.i.ConsumerCoordinator - [Consumer clientId=consumer-notification-service-group-7, groupId=notification-service-group] Found no committed offset for partition ticket.created.legacy-0
2026-05-18 20:25:31 [org.springframework.kafka.KafkaListenerEndpointContainer#9-0-C-1] INFO  o.s.k.l.KafkaMessageListenerContainer - notification-service-group: partitions assigned: [knowledge.created-0]
2026-05-18 20:25:31 [org.springframework.kafka.KafkaListenerEndpointContainer#7-0-C-1] INFO  o.s.k.l.KafkaMessageListenerContainer - notification-service-group: partitions assigned: [solution.submitted-0]
2026-05-18 20:25:31 [org.springframework.kafka.KafkaListenerEndpointContainer#6-1-C-1] INFO  o.a.k.c.c.i.ConsumerCoordinator - [Consumer clientId=consumer-notification-service-group-2, groupId=notification-service-group] Setting offset for partition solution.rejected-1 to the committed offset FetchPosition{offset=1, offsetEpoch=Optional.empty, currentLeader=LeaderAndEpoch{leader=Optional[localhost:9092 (id: 1 rack: null)], epoch=0}}
2026-05-18 20:25:31 [org.springframework.kafka.KafkaListenerEndpointContainer#6-2-C-1] INFO  o.s.k.l.KafkaMessageListenerContainer - notification-service-group: partitions assigned: [solution.rejected-2]
2026-05-18 20:25:31 [org.springframework.kafka.KafkaListenerEndpointContainer#6-1-C-1] INFO  o.s.k.l.KafkaMessageListenerContainer - notification-service-group: partitions assigned: [solution.rejected-1]
2026-05-18 20:25:31 [org.springframework.kafka.KafkaListenerEndpointContainer#5-1-C-1] INFO  o.s.k.l.KafkaMessageListenerContainer - notification-service-group-notify-approved: partitions assigned: [solution.approved-1]
2026-05-18 20:25:31 [org.springframework.kafka.KafkaListenerEndpointContainer#11-0-C-1] INFO  o.a.k.c.c.i.ConsumerCoordinator - [Consumer clientId=consumer-notification-service-group-25, groupId=notification-service-group] Setting offset for partition leaderboard.updated-0 to the committed offset FetchPosition{offset=2, offsetEpoch=Optional.empty, currentLeader=LeaderAndEpoch{leader=Optional[localhost:9092 (id: 1 rack: null)], epoch=0}}
2026-05-18 20:25:31 [org.springframework.kafka.KafkaListenerEndpointContainer#5-0-C-1] INFO  o.a.k.c.c.i.ConsumerCoordinator - [Consumer clientId=consumer-notification-service-group-notify-approved-22, groupId=notification-service-group-notify-approved] Setting offset for partition solution.approved-0 to the committed offset FetchPosition{offset=68, offsetEpoch=Optional.empty, currentLeader=LeaderAndEpoch{leader=Optional[localhost:9092 (id: 1 rack: null)], epoch=0}}
2026-05-18 20:25:31 [org.springframework.kafka.KafkaListenerEndpointContainer#0-0-C-1] INFO  o.a.k.c.c.i.ConsumerCoordinator - [Consumer clientId=consumer-notification-service-group-28, groupId=notification-service-group] Setting offset for partition ticket.created-0 to the committed offset FetchPosition{offset=167, offsetEpoch=Optional.empty, currentLeader=LeaderAndEpoch{leader=Optional[localhost:9092 (id: 1 rack: null)], epoch=0}}
2026-05-18 20:25:31 [org.springframework.kafka.KafkaListenerEndpointContainer#11-0-C-1] INFO  o.s.k.l.KafkaMessageListenerContainer - notification-service-group: partitions assigned: [leaderboard.updated-0]
2026-05-18 20:25:31 [org.springframework.kafka.KafkaListenerEndpointContainer#10-2-C-1] INFO  o.a.k.c.c.i.ConsumerCoordinator - [Consumer clientId=consumer-notification-service-group-36, groupId=notification-service-group] Setting offset for partition reward.points.added-2 to the committed offset FetchPosition{offset=47, offsetEpoch=Optional.empty, currentLeader=LeaderAndEpoch{leader=Optional[localhost:9092 (id: 1 rack: null)], epoch=0}}
2026-05-18 20:25:31 [org.springframework.kafka.KafkaListenerEndpointContainer#0-0-C-1] INFO  o.s.k.l.KafkaMessageListenerContainer - notification-service-group: partitions assigned: [ticket.created-0]
2026-05-18 20:25:31 [org.springframework.kafka.KafkaListenerEndpointContainer#10-2-C-1] INFO  o.s.k.l.KafkaMessageListenerContainer - notification-service-group: partitions assigned: [reward.points.added-2]
2026-05-18 20:25:31 [org.springframework.kafka.KafkaListenerEndpointContainer#5-0-C-1] INFO  o.s.k.l.KafkaMessageListenerContainer - notification-service-group-notify-approved: partitions assigned: [solution.approved-0]
2026-05-18 20:25:31 [org.springframework.kafka.KafkaListenerEndpointContainer#2-0-C-1] INFO  o.a.k.c.c.i.ConsumerCoordinator - [Consumer clientId=consumer-notification-service-group-13, groupId=notification-service-group] Setting offset for partition ticket.assigned-0 to the committed offset FetchPosition{offset=3, offsetEpoch=Optional.empty, currentLeader=LeaderAndEpoch{leader=Optional[localhost:9092 (id: 1 rack: null)], epoch=0}}
2026-05-18 20:25:31 [org.springframework.kafka.KafkaListenerEndpointContainer#10-0-C-1] INFO  o.a.k.c.c.i.ConsumerCoordinator - [Consumer clientId=consumer-notification-service-group-34, groupId=notification-service-group] Setting offset for partition reward.points.added-0 to the committed offset FetchPosition{offset=37, offsetEpoch=Optional.empty, currentLeader=LeaderAndEpoch{leader=Optional[localhost:9092 (id: 1 rack: null)], epoch=0}}
2026-05-18 20:25:31 [org.springframework.kafka.KafkaListenerEndpointContainer#2-0-C-1] INFO  o.s.k.l.KafkaMessageListenerContainer - notification-service-group: partitions assigned: [ticket.assigned-0]
2026-05-18 20:25:31 [org.springframework.kafka.KafkaListenerEndpointContainer#10-0-C-1] INFO  o.s.k.l.KafkaMessageListenerContainer - notification-service-group: partitions assigned: [reward.points.added-0]
2026-05-18 20:25:31 [org.springframework.kafka.KafkaListenerEndpointContainer#1-0-C-1] INFO  o.a.k.c.c.i.SubscriptionState - [Consumer clientId=consumer-notification-service-group-31, groupId=notification-service-group] Resetting offset for partition reward.added-0 to position FetchPosition{offset=0, offsetEpoch=Optional.empty, currentLeader=LeaderAndEpoch{leader=Optional[localhost:9092 (id: 1 rack: null)], epoch=0}}.
2026-05-18 20:25:31 [org.springframework.kafka.KafkaListenerEndpointContainer#1-0-C-1] INFO  o.s.k.l.KafkaMessageListenerContainer - notification-service-group: partitions assigned: [reward.added-0]
2026-05-18 20:25:31 [org.springframework.kafka.KafkaListenerEndpointContainer#11-2-C-1] INFO  o.a.k.c.c.i.SubscriptionState - [Consumer clientId=consumer-notification-service-group-27, groupId=notification-service-group] Resetting offset for partition leaderboard.updated-2 to position FetchPosition{offset=0, offsetEpoch=Optional.empty, currentLeader=LeaderAndEpoch{leader=Optional[localhost:9092 (id: 1 rack: null)], epoch=0}}.
2026-05-18 20:25:31 [org.springframework.kafka.KafkaListenerEndpointContainer#11-2-C-1] INFO  o.s.k.l.KafkaMessageListenerContainer - notification-service-group: partitions assigned: [leaderboard.updated-2]
2026-05-18 20:25:31 [org.springframework.kafka.KafkaListenerEndpointContainer#3-0-C-1] INFO  o.a.k.c.c.i.SubscriptionState - [Consumer clientId=consumer-notification-service-group-16, groupId=notification-service-group] Resetting offset for partition ticket.resolved-0 to position FetchPosition{offset=0, offsetEpoch=Optional.empty, currentLeader=LeaderAndEpoch{leader=Optional[localhost:9092 (id: 1 rack: null)], epoch=0}}.
2026-05-18 20:25:31 [org.springframework.kafka.KafkaListenerEndpointContainer#3-0-C-1] INFO  o.s.k.l.KafkaMessageListenerContainer - notification-service-group: partitions assigned: [ticket.resolved-0]
2026-05-18 20:25:31 [org.springframework.kafka.KafkaListenerEndpointContainer#6-0-C-1] INFO  o.a.k.c.c.i.SubscriptionState - [Consumer clientId=consumer-notification-service-group-1, groupId=notification-service-group] Resetting offset for partition solution.rejected-0 to position FetchPosition{offset=0, offsetEpoch=Optional.empty, currentLeader=LeaderAndEpoch{leader=Optional[localhost:9092 (id: 1 rack: null)], epoch=0}}.
2026-05-18 20:25:31 [org.springframework.kafka.KafkaListenerEndpointContainer#8-0-C-1] INFO  o.a.k.c.c.i.SubscriptionState - [Consumer clientId=consumer-notification-service-group-7, groupId=notification-service-group] Resetting offset for partition ticket.created.legacy-0 to position FetchPosition{offset=0, offsetEpoch=Optional.empty, currentLeader=LeaderAndEpoch{leader=Optional[localhost:9092 (id: 1 rack: null)], epoch=0}}.
2026-05-18 20:25:31 [org.springframework.kafka.KafkaListenerEndpointContainer#8-0-C-1] INFO  o.s.k.l.KafkaMessageListenerContainer - notification-service-group: partitions assigned: [ticket.created.legacy-0]
2026-05-18 20:25:31 [org.springframework.kafka.KafkaListenerEndpointContainer#6-0-C-1] INFO  o.s.k.l.KafkaMessageListenerContainer - notification-service-group: partitions assigned: [solution.rejected-0]
2026-05-18 20:26:27 [MessageBroker-1] INFO  o.s.w.s.c.WebSocketMessageBrokerStats - WebSocketSession[0 current WS(0)-HttpStream(0)-HttpPoll(0), 0 total, 0 closed abnormally (0 connect failure, 0 send limit, 0 transport error)], stompSubProtocol[processed CONNECT(0)-CONNECTED(0)-DISCONNECT(0)], stompBrokerRelay[null], inboundChannel[pool size = 0, active threads = 0, queued tasks = 0, completed tasks = 0], outboundChannel[pool size = 0, active threads = 0, queued tasks = 0, completed tasks = 0], sockJsScheduler[pool size = 1, active threads = 1, queued tasks = 0, completed tasks = 0]
2026-05-18 20:27:14 [http-nio-8087-exec-1] INFO  o.a.c.c.C.[Tomcat].[localhost].[/] - Initializing Spring DispatcherServlet 'dispatcherServlet'
2026-05-18 20:27:14 [http-nio-8087-exec-1] INFO  o.s.web.servlet.DispatcherServlet - Initializing Servlet 'dispatcherServlet'
2026-05-18 20:27:14 [http-nio-8087-exec-1] INFO  o.s.web.servlet.DispatcherServlet - Completed initialization in 2 ms
2026-05-18 20:27:14 [http-nio-8087-exec-1] DEBUG o.s.security.web.FilterChainProxy - Securing GET /actuator/health
2026-05-18 20:27:14 [http-nio-8087-exec-1] DEBUG o.s.s.w.a.AnonymousAuthenticationFilter - Set SecurityContextHolder to anonymous SecurityContext
2026-05-18 20:27:14 [http-nio-8087-exec-1] DEBUG o.s.security.web.FilterChainProxy - Secured GET /actuator/health
2026-05-18 20:29:20 [http-nio-8087-exec-2] DEBUG o.s.security.web.FilterChainProxy - Securing GET /actuator/health
2026-05-18 20:29:20 [http-nio-8087-exec-2] DEBUG o.s.s.w.a.AnonymousAuthenticationFilter - Set SecurityContextHolder to anonymous SecurityContext
2026-05-18 20:29:20 [http-nio-8087-exec-2] DEBUG o.s.security.web.FilterChainProxy - Secured GET /actuator/health
2026-05-18 20:29:30 [http-nio-8087-exec-4] DEBUG o.s.security.web.FilterChainProxy - Securing GET /ws/notifications/info?t=1779116370124
2026-05-18 20:29:30 [http-nio-8087-exec-4] DEBUG o.s.s.w.a.AnonymousAuthenticationFilter - Set SecurityContextHolder to anonymous SecurityContext
2026-05-18 20:29:30 [http-nio-8087-exec-4] ERROR c.c.n.i.s.JwtAuthenticationEntryPoint - Unauthorized error: Full authentication is required to access this resource
2026-05-18 20:29:33 [http-nio-8087-exec-5] DEBUG o.s.security.web.FilterChainProxy - Securing GET /ws/notifications/info?t=1779116373045
2026-05-18 20:29:33 [http-nio-8087-exec-5] DEBUG o.s.s.w.a.AnonymousAuthenticationFilter - Set SecurityContextHolder to anonymous SecurityContext
2026-05-18 20:29:33 [http-nio-8087-exec-5] ERROR c.c.n.i.s.JwtAuthenticationEntryPoint - Unauthorized error: Full authentication is required to access this resource
2026-05-18 20:29:33 [http-nio-8087-exec-6] DEBUG o.s.security.web.FilterChainProxy - Securing GET /api/notifications/users/38703d32-d07a-4b5f-ae53-41b9b352cf68/unread-count
2026-05-18 20:29:33 [http-nio-8087-exec-7] DEBUG o.s.security.web.FilterChainProxy - Securing GET /api/notifications/users/38703d32-d07a-4b5f-ae53-41b9b352cf68
2026-05-18 20:29:33 [http-nio-8087-exec-6] DEBUG c.c.n.i.s.JwtAuthenticationFilter - Set authentication for user: user1@demo.local
2026-05-18 20:29:33 [http-nio-8087-exec-7] DEBUG c.c.n.i.s.JwtAuthenticationFilter - Set authentication for user: user1@demo.local
2026-05-18 20:29:33 [http-nio-8087-exec-7] DEBUG o.s.security.web.FilterChainProxy - Secured GET /api/notifications/users/38703d32-d07a-4b5f-ae53-41b9b352cf68
2026-05-18 20:29:33 [http-nio-8087-exec-6] DEBUG o.s.security.web.FilterChainProxy - Secured GET /api/notifications/users/38703d32-d07a-4b5f-ae53-41b9b352cf68/unread-count
2026-05-18 20:29:33 [http-nio-8087-exec-6] DEBUG o.s.s.a.m.AuthorizationManagerBeforeMethodInterceptor - Authorizing method invocation ReflectiveMethodInvocation: public org.springframework.http.ResponseEntity com.cognizant.notificationservice.adapter.web.controller.NotificationController.getUnreadCount(java.util.UUID); target is of class [com.cognizant.notificationservice.adapter.web.controller.NotificationController]
2026-05-18 20:29:33 [http-nio-8087-exec-7] DEBUG o.s.s.a.m.AuthorizationManagerBeforeMethodInterceptor - Authorizing method invocation ReflectiveMethodInvocation: public org.springframework.http.ResponseEntity com.cognizant.notificationservice.adapter.web.controller.NotificationController.getUserNotifications(java.util.UUID,org.springframework.data.domain.Pageable); target is of class [com.cognizant.notificationservice.adapter.web.controller.NotificationController]
2026-05-18 20:29:33 [http-nio-8087-exec-7] DEBUG o.s.s.a.m.AuthorizationManagerBeforeMethodInterceptor - Authorized method invocation ReflectiveMethodInvocation: public org.springframework.http.ResponseEntity com.cognizant.notificationservice.adapter.web.controller.NotificationController.getUserNotifications(java.util.UUID,org.springframework.data.domain.Pageable); target is of class [com.cognizant.notificationservice.adapter.web.controller.NotificationController]
2026-05-18 20:29:33 [http-nio-8087-exec-6] DEBUG o.s.s.a.m.AuthorizationManagerBeforeMethodInterceptor - Authorized method invocation ReflectiveMethodInvocation: public org.springframework.http.ResponseEntity com.cognizant.notificationservice.adapter.web.controller.NotificationController.getUnreadCount(java.util.UUID); target is of class [com.cognizant.notificationservice.adapter.web.controller.NotificationController]
2026-05-18 20:29:33 [http-nio-8087-exec-6] DEBUG org.hibernate.SQL - 
    select
        count(nr1_0.recipient_id) 
    from
        notification_recipients nr1_0 
    where
        nr1_0.user_id=? 
        and not(nr1_0.is_read)
2026-05-18 20:29:33 [http-nio-8087-exec-7] DEBUG org.hibernate.SQL - 
    select
        nr1_0.recipient_id,
        nr1_0.delivered_at,
        nr1_0.notification_id,
        nr1_0.is_read,
        nr1_0.read_at,
        nr1_0.user_id 
    from
        notification_recipients nr1_0 
    where
        nr1_0.user_id=? 
    order by
        nr1_0.delivered_at desc,
        nr1_0.delivered_at 
    offset
        ? rows 
    fetch
        first ? rows only
2026-05-18 20:29:33 [http-nio-8087-exec-7] DEBUG org.hibernate.SQL - 
    select
        count(nr1_0.recipient_id) 
    from
        notification_recipients nr1_0 
    where
        nr1_0.user_id=?
2026-05-18 20:29:33 [http-nio-8087-exec-7] DEBUG org.hibernate.SQL - 
    select
        n1_0.notification_id,
        n1_0.created_at,
        n1_0.message,
        n1_0.reference_id,
        n1_0.reference_type,
        n1_0.status,
        n1_0.title,
        n1_0.type 
    from
        notifications n1_0 
    where
        n1_0.notification_id=?
2026-05-18 20:29:33 [http-nio-8087-exec-7] DEBUG org.hibernate.SQL - 
    select
        n1_0.notification_id,
        n1_0.created_at,
        n1_0.message,
        n1_0.reference_id,
        n1_0.reference_type,
        n1_0.status,
        n1_0.title,
        n1_0.type 
    from
        notifications n1_0 
    where
        n1_0.notification_id=?
2026-05-18 20:29:33 [http-nio-8087-exec-7] DEBUG org.hibernate.SQL - 
    select
        n1_0.notification_id,
        n1_0.created_at,
        n1_0.message,
        n1_0.reference_id,
        n1_0.reference_type,
        n1_0.status,
        n1_0.title,
        n1_0.type 
    from
        notifications n1_0 
    where
        n1_0.notification_id=?
2026-05-18 20:29:33 [http-nio-8087-exec-7] DEBUG org.hibernate.SQL - 
    select
        n1_0.notification_id,
        n1_0.created_at,
        n1_0.message,
        n1_0.reference_id,
        n1_0.reference_type,
        n1_0.status,
        n1_0.title,
        n1_0.type 
    from
        notifications n1_0 
    where
        n1_0.notification_id=?
2026-05-18 20:29:33 [http-nio-8087-exec-7] DEBUG org.hibernate.SQL - 
    select
        n1_0.notification_id,
        n1_0.created_at,
        n1_0.message,
        n1_0.reference_id,
        n1_0.reference_type,
        n1_0.status,
        n1_0.title,
        n1_0.type 
    from
        notifications n1_0 
    where
        n1_0.notification_id=?
2026-05-18 20:29:33 [http-nio-8087-exec-7] DEBUG org.hibernate.SQL - 
    select
        n1_0.notification_id,
        n1_0.created_at,
        n1_0.message,
        n1_0.reference_id,
        n1_0.reference_type,
        n1_0.status,
        n1_0.title,
        n1_0.type 
    from
        notifications n1_0 
    where
        n1_0.notification_id=?
2026-05-18 20:29:33 [http-nio-8087-exec-7] DEBUG org.hibernate.SQL - 
    select
        n1_0.notification_id,
        n1_0.created_at,
        n1_0.message,
        n1_0.reference_id,
        n1_0.reference_type,
        n1_0.status,
        n1_0.title,
        n1_0.type 
    from
        notifications n1_0 
    where
        n1_0.notification_id=?
2026-05-18 20:29:33 [http-nio-8087-exec-7] DEBUG org.hibernate.SQL - 
    select
        n1_0.notification_id,
        n1_0.created_at,
        n1_0.message,
        n1_0.reference_id,
        n1_0.reference_type,
        n1_0.status,
        n1_0.title,
        n1_0.type 
    from
        notifications n1_0 
    where
        n1_0.notification_id=?
2026-05-18 20:29:33 [http-nio-8087-exec-7] DEBUG org.hibernate.SQL - 
    select
        n1_0.notification_id,
        n1_0.created_at,
        n1_0.message,
        n1_0.reference_id,
        n1_0.reference_type,
        n1_0.status,
        n1_0.title,
        n1_0.type 
    from
        notifications n1_0 
    where
        n1_0.notification_id=?
2026-05-18 20:29:33 [http-nio-8087-exec-7] DEBUG org.hibernate.SQL - 
    select
        n1_0.notification_id,
        n1_0.created_at,
        n1_0.message,
        n1_0.reference_id,
        n1_0.reference_type,
        n1_0.status,
        n1_0.title,
        n1_0.type 
    from
        notifications n1_0 
    where
        n1_0.notification_id=?
2026-05-18 20:29:33 [http-nio-8087-exec-7] DEBUG org.hibernate.SQL - 
    select
        n1_0.notification_id,
        n1_0.created_at,
        n1_0.message,
        n1_0.reference_id,
        n1_0.reference_type,
        n1_0.status,
        n1_0.title,
        n1_0.type 
    from
        notifications n1_0 
    where
        n1_0.notification_id=?
2026-05-18 20:29:33 [http-nio-8087-exec-7] DEBUG org.hibernate.SQL - 
    select
        n1_0.notification_id,
        n1_0.created_at,
        n1_0.message,
        n1_0.reference_id,
        n1_0.reference_type,
        n1_0.status,
        n1_0.title,
        n1_0.type 
    from
        notifications n1_0 
    where
        n1_0.notification_id=?
2026-05-18 20:29:33 [http-nio-8087-exec-7] DEBUG org.hibernate.SQL - 
    select
        n1_0.notification_id,
        n1_0.created_at,
        n1_0.message,
        n1_0.reference_id,
        n1_0.reference_type,
        n1_0.status,
        n1_0.title,
        n1_0.type 
    from
        notifications n1_0 
    where
        n1_0.notification_id=?
2026-05-18 20:29:33 [http-nio-8087-exec-7] DEBUG org.hibernate.SQL - 
    select
        n1_0.notification_id,
        n1_0.created_at,
        n1_0.message,
        n1_0.reference_id,
        n1_0.reference_type,
        n1_0.status,
        n1_0.title,
        n1_0.type 
    from
        notifications n1_0 
    where
        n1_0.notification_id=?
2026-05-18 20:29:33 [http-nio-8087-exec-7] DEBUG org.hibernate.SQL - 
    select
        n1_0.notification_id,
        n1_0.created_at,
        n1_0.message,
        n1_0.reference_id,
        n1_0.reference_type,
        n1_0.status,
        n1_0.title,
        n1_0.type 
    from
        notifications n1_0 
    where
        n1_0.notification_id=?
2026-05-18 20:29:33 [http-nio-8087-exec-7] DEBUG org.hibernate.SQL - 
    select
        n1_0.notification_id,
        n1_0.created_at,
        n1_0.message,
        n1_0.reference_id,
        n1_0.reference_type,
        n1_0.status,
        n1_0.title,
        n1_0.type 
    from
        notifications n1_0 
    where
        n1_0.notification_id=?
2026-05-18 20:29:33 [http-nio-8087-exec-7] DEBUG org.hibernate.SQL - 
    select
        n1_0.notification_id,
        n1_0.created_at,
        n1_0.message,
        n1_0.reference_id,
        n1_0.reference_type,
        n1_0.status,
        n1_0.title,
        n1_0.type 
    from
        notifications n1_0 
    where
        n1_0.notification_id=?
2026-05-18 20:29:33 [http-nio-8087-exec-7] DEBUG org.hibernate.SQL - 
    select
        n1_0.notification_id,
        n1_0.created_at,
        n1_0.message,
        n1_0.reference_id,
        n1_0.reference_type,
        n1_0.status,
        n1_0.title,
        n1_0.type 
    from
        notifications n1_0 
    where
        n1_0.notification_id=?
2026-05-18 20:29:33 [http-nio-8087-exec-7] DEBUG org.hibernate.SQL - 
    select
        n1_0.notification_id,
        n1_0.created_at,
        n1_0.message,
        n1_0.reference_id,
        n1_0.reference_type,
        n1_0.status,
        n1_0.title,
        n1_0.type 
    from
        notifications n1_0 
    where
        n1_0.notification_id=?
2026-05-18 20:29:33 [http-nio-8087-exec-7] DEBUG org.hibernate.SQL - 
    select
        n1_0.notification_id,
        n1_0.created_at,
        n1_0.message,
        n1_0.reference_id,
        n1_0.reference_type,
        n1_0.status,
        n1_0.title,
        n1_0.type 
    from
        notifications n1_0 
    where
        n1_0.notification_id=?
2026-05-18 20:29:33 [http-nio-8087-exec-8] DEBUG o.s.security.web.FilterChainProxy - Securing GET /api/notifications/users/38703d32-d07a-4b5f-ae53-41b9b352cf68
2026-05-18 20:29:33 [http-nio-8087-exec-8] DEBUG c.c.n.i.s.JwtAuthenticationFilter - Set authentication for user: user1@demo.local
2026-05-18 20:29:33 [http-nio-8087-exec-8] DEBUG o.s.security.web.FilterChainProxy - Secured GET /api/notifications/users/38703d32-d07a-4b5f-ae53-41b9b352cf68
2026-05-18 20:29:33 [http-nio-8087-exec-8] DEBUG o.s.s.a.m.AuthorizationManagerBeforeMethodInterceptor - Authorizing method invocation ReflectiveMethodInvocation: public org.springframework.http.ResponseEntity com.cognizant.notificationservice.adapter.web.controller.NotificationController.getUserNotifications(java.util.UUID,org.springframework.data.domain.Pageable); target is of class [com.cognizant.notificationservice.adapter.web.controller.NotificationController]
2026-05-18 20:29:33 [http-nio-8087-exec-8] DEBUG o.s.s.a.m.AuthorizationManagerBeforeMethodInterceptor - Authorized method invocation ReflectiveMethodInvocation: public org.springframework.http.ResponseEntity com.cognizant.notificationservice.adapter.web.controller.NotificationController.getUserNotifications(java.util.UUID,org.springframework.data.domain.Pageable); target is of class [com.cognizant.notificationservice.adapter.web.controller.NotificationController]
2026-05-18 20:29:33 [http-nio-8087-exec-8] DEBUG org.hibernate.SQL - 
    select
        nr1_0.recipient_id,
        nr1_0.delivered_at,
        nr1_0.notification_id,
        nr1_0.is_read,
        nr1_0.read_at,
        nr1_0.user_id 
    from
        notification_recipients nr1_0 
    where
        nr1_0.user_id=? 
    order by
        nr1_0.delivered_at desc,
        nr1_0.delivered_at 
    offset
        ? rows 
    fetch
        first ? rows only
2026-05-18 20:29:33 [http-nio-8087-exec-8] DEBUG org.hibernate.SQL - 
    select
        count(nr1_0.recipient_id) 
    from
        notification_recipients nr1_0 
    where
        nr1_0.user_id=?
2026-05-18 20:29:33 [http-nio-8087-exec-8] DEBUG org.hibernate.SQL - 
    select
        n1_0.notification_id,
        n1_0.created_at,
        n1_0.message,
        n1_0.reference_id,
        n1_0.reference_type,
        n1_0.status,
        n1_0.title,
        n1_0.type 
    from
        notifications n1_0 
    where
        n1_0.notification_id=?
2026-05-18 20:29:33 [http-nio-8087-exec-8] DEBUG org.hibernate.SQL - 
    select
        n1_0.notification_id,
        n1_0.created_at,
        n1_0.message,
        n1_0.reference_id,
        n1_0.reference_type,
        n1_0.status,
        n1_0.title,
        n1_0.type 
    from
        notifications n1_0 
    where
        n1_0.notification_id=?
2026-05-18 20:29:33 [http-nio-8087-exec-8] DEBUG org.hibernate.SQL - 
    select
        n1_0.notification_id,
        n1_0.created_at,
        n1_0.message,
        n1_0.reference_id,
        n1_0.reference_type,
        n1_0.status,
        n1_0.title,
        n1_0.type 
    from
        notifications n1_0 
    where
        n1_0.notification_id=?
2026-05-18 20:29:33 [http-nio-8087-exec-8] DEBUG org.hibernate.SQL - 
    select
        n1_0.notification_id,
        n1_0.created_at,
        n1_0.message,
        n1_0.reference_id,
        n1_0.reference_type,
        n1_0.status,
        n1_0.title,
        n1_0.type 
    from
        notifications n1_0 
    where
        n1_0.notification_id=?
2026-05-18 20:29:33 [http-nio-8087-exec-8] DEBUG org.hibernate.SQL - 
    select
        n1_0.notification_id,
        n1_0.created_at,
        n1_0.message,
        n1_0.reference_id,
        n1_0.reference_type,
        n1_0.status,
        n1_0.title,
        n1_0.type 
    from
        notifications n1_0 
    where
        n1_0.notification_id=?
2026-05-18 20:29:33 [http-nio-8087-exec-8] DEBUG org.hibernate.SQL - 
    select
        n1_0.notification_id,
        n1_0.created_at,
        n1_0.message,
        n1_0.reference_id,
        n1_0.reference_type,
        n1_0.status,
        n1_0.title,
        n1_0.type 
    from
        notifications n1_0 
    where
        n1_0.notification_id=?
2026-05-18 20:29:33 [http-nio-8087-exec-8] DEBUG org.hibernate.SQL - 
    select
        n1_0.notification_id,
        n1_0.created_at,
        n1_0.message,
        n1_0.reference_id,
        n1_0.reference_type,
        n1_0.status,
        n1_0.title,
        n1_0.type 
    from
        notifications n1_0 
    where
        n1_0.notification_id=?
2026-05-18 20:29:33 [http-nio-8087-exec-8] DEBUG org.hibernate.SQL - 
    select
        n1_0.notification_id,
        n1_0.created_at,
        n1_0.message,
        n1_0.reference_id,
        n1_0.reference_type,
        n1_0.status,
        n1_0.title,
        n1_0.type 
    from
        notifications n1_0 
    where
        n1_0.notification_id=?
2026-05-18 20:29:33 [http-nio-8087-exec-8] DEBUG org.hibernate.SQL - 
    select
        n1_0.notification_id,
        n1_0.created_at,
        n1_0.message,
        n1_0.reference_id,
        n1_0.reference_type,
        n1_0.status,
        n1_0.title,
        n1_0.type 
    from
        notifications n1_0 
    where
        n1_0.notification_id=?
2026-05-18 20:29:33 [http-nio-8087-exec-8] DEBUG org.hibernate.SQL - 
    select
        n1_0.notification_id,
        n1_0.created_at,
        n1_0.message,
        n1_0.reference_id,
        n1_0.reference_type,
        n1_0.status,
        n1_0.title,
        n1_0.type 
    from
        notifications n1_0 
    where
        n1_0.notification_id=?
2026-05-18 20:29:33 [http-nio-8087-exec-8] DEBUG org.hibernate.SQL - 
    select
        n1_0.notification_id,
        n1_0.created_at,
        n1_0.message,
        n1_0.reference_id,
        n1_0.reference_type,
        n1_0.status,
        n1_0.title,
        n1_0.type 
    from
        notifications n1_0 
    where
        n1_0.notification_id=?
2026-05-18 20:29:33 [http-nio-8087-exec-8] DEBUG org.hibernate.SQL - 
    select
        n1_0.notification_id,
        n1_0.created_at,
        n1_0.message,
        n1_0.reference_id,
        n1_0.reference_type,
        n1_0.status,
        n1_0.title,
        n1_0.type 
    from
        notifications n1_0 
    where
        n1_0.notification_id=?
2026-05-18 20:29:33 [http-nio-8087-exec-8] DEBUG org.hibernate.SQL - 
    select
        n1_0.notification_id,
        n1_0.created_at,
        n1_0.message,
        n1_0.reference_id,
        n1_0.reference_type,
        n1_0.status,
        n1_0.title,
        n1_0.type 
    from
        notifications n1_0 
    where
        n1_0.notification_id=?
2026-05-18 20:29:33 [http-nio-8087-exec-8] DEBUG org.hibernate.SQL - 
    select
        n1_0.notification_id,
        n1_0.created_at,
        n1_0.message,
        n1_0.reference_id,
        n1_0.reference_type,
        n1_0.status,
        n1_0.title,
        n1_0.type 
    from
        notifications n1_0 
    where
        n1_0.notification_id=?
2026-05-18 20:29:33 [http-nio-8087-exec-8] DEBUG org.hibernate.SQL - 
    select
        n1_0.notification_id,
        n1_0.created_at,
        n1_0.message,
        n1_0.reference_id,
        n1_0.reference_type,
        n1_0.status,
        n1_0.title,
        n1_0.type 
    from
        notifications n1_0 
    where
        n1_0.notification_id=?
2026-05-18 20:29:33 [http-nio-8087-exec-8] DEBUG org.hibernate.SQL - 
    select
        n1_0.notification_id,
        n1_0.created_at,
        n1_0.message,
        n1_0.reference_id,
        n1_0.reference_type,
        n1_0.status,
        n1_0.title,
        n1_0.type 
    from
        notifications n1_0 
    where
        n1_0.notification_id=?
2026-05-18 20:29:33 [http-nio-8087-exec-8] DEBUG org.hibernate.SQL - 
    select
        n1_0.notification_id,
        n1_0.created_at,
        n1_0.message,
        n1_0.reference_id,
        n1_0.reference_type,
        n1_0.status,
        n1_0.title,
        n1_0.type 
    from
        notifications n1_0 
    where
        n1_0.notification_id=?
2026-05-18 20:29:33 [http-nio-8087-exec-8] DEBUG org.hibernate.SQL - 
    select
        n1_0.notification_id,
        n1_0.created_at,
        n1_0.message,
        n1_0.reference_id,
        n1_0.reference_type,
        n1_0.status,
        n1_0.title,
        n1_0.type 
    from
        notifications n1_0 
    where
        n1_0.notification_id=?
2026-05-18 20:29:33 [http-nio-8087-exec-8] DEBUG org.hibernate.SQL - 
    select
        n1_0.notification_id,
        n1_0.created_at,
        n1_0.message,
        n1_0.reference_id,
        n1_0.reference_type,
        n1_0.status,
        n1_0.title,
        n1_0.type 
    from
        notifications n1_0 
    where
        n1_0.notification_id=?
2026-05-18 20:29:33 [http-nio-8087-exec-8] DEBUG org.hibernate.SQL - 
    select
        n1_0.notification_id,
        n1_0.created_at,
        n1_0.message,
        n1_0.reference_id,
        n1_0.reference_type,
        n1_0.status,
        n1_0.title,
        n1_0.type 
    from
        notifications n1_0 
    where
        n1_0.notification_id=?
2026-05-18 20:29:33 [http-nio-8087-exec-9] DEBUG o.s.security.web.FilterChainProxy - Securing GET /api/notifications/users/38703d32-d07a-4b5f-ae53-41b9b352cf68
2026-05-18 20:29:33 [http-nio-8087-exec-9] DEBUG c.c.n.i.s.JwtAuthenticationFilter - Set authentication for user: user1@demo.local
2026-05-18 20:29:33 [http-nio-8087-exec-9] DEBUG o.s.security.web.FilterChainProxy - Secured GET /api/notifications/users/38703d32-d07a-4b5f-ae53-41b9b352cf68
2026-05-18 20:29:33 [http-nio-8087-exec-9] DEBUG o.s.s.a.m.AuthorizationManagerBeforeMethodInterceptor - Authorizing method invocation ReflectiveMethodInvocation: public org.springframework.http.ResponseEntity com.cognizant.notificationservice.adapter.web.controller.NotificationController.getUserNotifications(java.util.UUID,org.springframework.data.domain.Pageable); target is of class [com.cognizant.notificationservice.adapter.web.controller.NotificationController]
2026-05-18 20:29:33 [http-nio-8087-exec-9] DEBUG o.s.s.a.m.AuthorizationManagerBeforeMethodInterceptor - Authorized method invocation ReflectiveMethodInvocation: public org.springframework.http.ResponseEntity com.cognizant.notificationservice.adapter.web.controller.NotificationController.getUserNotifications(java.util.UUID,org.springframework.data.domain.Pageable); target is of class [com.cognizant.notificationservice.adapter.web.controller.NotificationController]
2026-05-18 20:29:33 [http-nio-8087-exec-9] DEBUG org.hibernate.SQL - 
    select
        nr1_0.recipient_id,
        nr1_0.delivered_at,
        nr1_0.notification_id,
        nr1_0.is_read,
        nr1_0.read_at,
        nr1_0.user_id 
    from
        notification_recipients nr1_0 
    where
        nr1_0.user_id=? 
    order by
        nr1_0.delivered_at desc,
        nr1_0.delivered_at 
    offset
        ? rows 
    fetch
        first ? rows only
2026-05-18 20:29:33 [http-nio-8087-exec-9] DEBUG org.hibernate.SQL - 
    select
        count(nr1_0.recipient_id) 
    from
        notification_recipients nr1_0 
    where
        nr1_0.user_id=?
2026-05-18 20:29:33 [http-nio-8087-exec-9] DEBUG org.hibernate.SQL - 
    select
        n1_0.notification_id,
        n1_0.created_at,
        n1_0.message,
        n1_0.reference_id,
        n1_0.reference_type,
        n1_0.status,
        n1_0.title,
        n1_0.type 
    from
        notifications n1_0 
    where
        n1_0.notification_id=?
2026-05-18 20:29:33 [http-nio-8087-exec-9] DEBUG org.hibernate.SQL - 
    select
        n1_0.notification_id,
        n1_0.created_at,
        n1_0.message,
        n1_0.reference_id,
        n1_0.reference_type,
        n1_0.status,
        n1_0.title,
        n1_0.type 
    from
        notifications n1_0 
    where
        n1_0.notification_id=?
2026-05-18 20:29:33 [http-nio-8087-exec-9] DEBUG org.hibernate.SQL - 
    select
        n1_0.notification_id,
        n1_0.created_at,
        n1_0.message,
        n1_0.reference_id,
        n1_0.reference_type,
        n1_0.status,
        n1_0.title,
        n1_0.type 
    from
        notifications n1_0 
    where
        n1_0.notification_id=?
2026-05-18 20:29:33 [http-nio-8087-exec-9] DEBUG org.hibernate.SQL - 
    select
        n1_0.notification_id,
        n1_0.created_at,
        n1_0.message,
        n1_0.reference_id,
        n1_0.reference_type,
        n1_0.status,
        n1_0.title,
        n1_0.type 
    from
        notifications n1_0 
    where
        n1_0.notification_id=?
2026-05-18 20:29:33 [http-nio-8087-exec-9] DEBUG org.hibernate.SQL - 
    select
        n1_0.notification_id,
        n1_0.created_at,
        n1_0.message,
        n1_0.reference_id,
        n1_0.reference_type,
        n1_0.status,
        n1_0.title,
        n1_0.type 
    from
        notifications n1_0 
    where
        n1_0.notification_id=?
2026-05-18 20:29:33 [http-nio-8087-exec-9] DEBUG org.hibernate.SQL - 
    select
        n1_0.notification_id,
        n1_0.created_at,
        n1_0.message,
        n1_0.reference_id,
        n1_0.reference_type,
        n1_0.status,
        n1_0.title,
        n1_0.type 
    from
        notifications n1_0 
    where
        n1_0.notification_id=?
2026-05-18 20:29:33 [http-nio-8087-exec-9] DEBUG org.hibernate.SQL - 
    select
        n1_0.notification_id,
        n1_0.created_at,
        n1_0.message,
        n1_0.reference_id,
        n1_0.reference_type,
        n1_0.status,
        n1_0.title,
        n1_0.type 
    from
        notifications n1_0 
    where
        n1_0.notification_id=?
2026-05-18 20:29:33 [http-nio-8087-exec-9] DEBUG org.hibernate.SQL - 
    select
        n1_0.notification_id,
        n1_0.created_at,
        n1_0.message,
        n1_0.reference_id,
        n1_0.reference_type,
        n1_0.status,
        n1_0.title,
        n1_0.type 
    from
        notifications n1_0 
    where
        n1_0.notification_id=?
2026-05-18 20:29:33 [http-nio-8087-exec-9] DEBUG org.hibernate.SQL - 
    select
        n1_0.notification_id,
        n1_0.created_at,
        n1_0.message,
        n1_0.reference_id,
        n1_0.reference_type,
        n1_0.status,
        n1_0.title,
        n1_0.type 
    from
        notifications n1_0 
    where
        n1_0.notification_id=?
2026-05-18 20:29:33 [http-nio-8087-exec-9] DEBUG org.hibernate.SQL - 
    select
        n1_0.notification_id,
        n1_0.created_at,
        n1_0.message,
        n1_0.reference_id,
        n1_0.reference_type,
        n1_0.status,
        n1_0.title,
        n1_0.type 
    from
        notifications n1_0 
    where
        n1_0.notification_id=?
2026-05-18 20:29:33 [http-nio-8087-exec-9] DEBUG org.hibernate.SQL - 
    select
        n1_0.notification_id,
        n1_0.created_at,
        n1_0.message,
        n1_0.reference_id,
        n1_0.reference_type,
        n1_0.status,
        n1_0.title,
        n1_0.type 
    from
        notifications n1_0 
    where
        n1_0.notification_id=?
2026-05-18 20:29:33 [http-nio-8087-exec-9] DEBUG org.hibernate.SQL - 
    select
        n1_0.notification_id,
        n1_0.created_at,
        n1_0.message,
        n1_0.reference_id,
        n1_0.reference_type,
        n1_0.status,
        n1_0.title,
        n1_0.type 
    from
        notifications n1_0 
    where
        n1_0.notification_id=?
2026-05-18 20:29:33 [http-nio-8087-exec-9] DEBUG org.hibernate.SQL - 
    select
        n1_0.notification_id,
        n1_0.created_at,
        n1_0.message,
        n1_0.reference_id,
        n1_0.reference_type,
        n1_0.status,
        n1_0.title,
        n1_0.type 
    from
        notifications n1_0 
    where
        n1_0.notification_id=?
2026-05-18 20:29:33 [http-nio-8087-exec-9] DEBUG org.hibernate.SQL - 
    select
        n1_0.notification_id,
        n1_0.created_at,
        n1_0.message,
        n1_0.reference_id,
        n1_0.reference_type,
        n1_0.status,
        n1_0.title,
        n1_0.type 
    from
        notifications n1_0 
    where
        n1_0.notification_id=?
2026-05-18 20:29:33 [http-nio-8087-exec-9] DEBUG org.hibernate.SQL - 
    select
        n1_0.notification_id,
        n1_0.created_at,
        n1_0.message,
        n1_0.reference_id,
        n1_0.reference_type,
        n1_0.status,
        n1_0.title,
        n1_0.type 
    from
        notifications n1_0 
    where
        n1_0.notification_id=?
2026-05-18 20:29:33 [http-nio-8087-exec-9] DEBUG org.hibernate.SQL - 
    select
        n1_0.notification_id,
        n1_0.created_at,
        n1_0.message,
        n1_0.reference_id,
        n1_0.reference_type,
        n1_0.status,
        n1_0.title,
        n1_0.type 
    from
        notifications n1_0 
    where
        n1_0.notification_id=?
2026-05-18 20:29:33 [http-nio-8087-exec-9] DEBUG org.hibernate.SQL - 
    select
        n1_0.notification_id,
        n1_0.created_at,
        n1_0.message,
        n1_0.reference_id,
        n1_0.reference_type,
        n1_0.status,
        n1_0.title,
        n1_0.type 
    from
        notifications n1_0 
    where
        n1_0.notification_id=?
2026-05-18 20:29:33 [http-nio-8087-exec-9] DEBUG org.hibernate.SQL - 
    select
        n1_0.notification_id,
        n1_0.created_at,
        n1_0.message,
        n1_0.reference_id,
        n1_0.reference_type,
        n1_0.status,
        n1_0.title,
        n1_0.type 
    from
        notifications n1_0 
    where
        n1_0.notification_id=?
2026-05-18 20:29:33 [http-nio-8087-exec-9] DEBUG org.hibernate.SQL - 
    select
        n1_0.notification_id,
        n1_0.created_at,
        n1_0.message,
        n1_0.reference_id,
        n1_0.reference_type,
        n1_0.status,
        n1_0.title,
        n1_0.type 
    from
        notifications n1_0 
    where
        n1_0.notification_id=?
2026-05-18 20:29:33 [http-nio-8087-exec-9] DEBUG org.hibernate.SQL - 
    select
        n1_0.notification_id,
        n1_0.created_at,
        n1_0.message,
        n1_0.reference_id,
        n1_0.reference_type,
        n1_0.status,
        n1_0.title,
        n1_0.type 
    from
        notifications n1_0 
    where
        n1_0.notification_id=?
2026-05-18 20:29:38 [http-nio-8087-exec-10] DEBUG o.s.security.web.FilterChainProxy - Securing GET /ws/notifications/info?t=1779116378052
2026-05-18 20:29:38 [http-nio-8087-exec-10] DEBUG o.s.s.w.a.AnonymousAuthenticationFilter - Set SecurityContextHolder to anonymous SecurityContext
2026-05-18 20:29:38 [http-nio-8087-exec-10] ERROR c.c.n.i.s.JwtAuthenticationEntryPoint - Unauthorized error: Full authentication is required to access this resource
2026-05-18 20:33:35 [http-nio-8087-exec-4] DEBUG o.s.security.web.FilterChainProxy - Securing GET /ws/notifications/info?t=1779116615717
2026-05-18 20:33:35 [http-nio-8087-exec-4] DEBUG o.s.s.w.a.AnonymousAuthenticationFilter - Set SecurityContextHolder to anonymous SecurityContext
2026-05-18 20:33:35 [http-nio-8087-exec-4] ERROR c.c.n.i.s.JwtAuthenticationEntryPoint - Unauthorized error: Full authentication is required to access this resource
2026-05-18 20:33:35 [http-nio-8087-exec-5] DEBUG o.s.security.web.FilterChainProxy - Securing GET /api/notifications/users/38703d32-d07a-4b5f-ae53-41b9b352cf68/unread-count
2026-05-18 20:33:35 [http-nio-8087-exec-6] DEBUG o.s.security.web.FilterChainProxy - Securing GET /api/notifications/users/38703d32-d07a-4b5f-ae53-41b9b352cf68
2026-05-18 20:33:35 [http-nio-8087-exec-6] DEBUG c.c.n.i.s.JwtAuthenticationFilter - Set authentication for user: user1@demo.local
2026-05-18 20:33:35 [http-nio-8087-exec-5] DEBUG c.c.n.i.s.JwtAuthenticationFilter - Set authentication for user: user1@demo.local
2026-05-18 20:33:35 [http-nio-8087-exec-6] DEBUG o.s.security.web.FilterChainProxy - Secured GET /api/notifications/users/38703d32-d07a-4b5f-ae53-41b9b352cf68
2026-05-18 20:33:35 [http-nio-8087-exec-5] DEBUG o.s.security.web.FilterChainProxy - Secured GET /api/notifications/users/38703d32-d07a-4b5f-ae53-41b9b352cf68/unread-count
2026-05-18 20:33:35 [http-nio-8087-exec-5] DEBUG o.s.s.a.m.AuthorizationManagerBeforeMethodInterceptor - Authorizing method invocation ReflectiveMethodInvocation: public org.springframework.http.ResponseEntity com.cognizant.notificationservice.adapter.web.controller.NotificationController.getUnreadCount(java.util.UUID); target is of class [com.cognizant.notificationservice.adapter.web.controller.NotificationController]
2026-05-18 20:33:35 [http-nio-8087-exec-5] DEBUG o.s.s.a.m.AuthorizationManagerBeforeMethodInterceptor - Authorized method invocation ReflectiveMethodInvocation: public org.springframework.http.ResponseEntity com.cognizant.notificationservice.adapter.web.controller.NotificationController.getUnreadCount(java.util.UUID); target is of class [com.cognizant.notificationservice.adapter.web.controller.NotificationController]
2026-05-18 20:33:35 [http-nio-8087-exec-6] DEBUG o.s.s.a.m.AuthorizationManagerBeforeMethodInterceptor - Authorizing method invocation ReflectiveMethodInvocation: public org.springframework.http.ResponseEntity com.cognizant.notificationservice.adapter.web.controller.NotificationController.getUserNotifications(java.util.UUID,org.springframework.data.domain.Pageable); target is of class [com.cognizant.notificationservice.adapter.web.controller.NotificationController]
2026-05-18 20:33:35 [http-nio-8087-exec-6] DEBUG o.s.s.a.m.AuthorizationManagerBeforeMethodInterceptor - Authorized method invocation ReflectiveMethodInvocation: public org.springframework.http.ResponseEntity com.cognizant.notificationservice.adapter.web.controller.NotificationController.getUserNotifications(java.util.UUID,org.springframework.data.domain.Pageable); target is of class [com.cognizant.notificationservice.adapter.web.controller.NotificationController]
2026-05-18 20:33:35 [http-nio-8087-exec-5] DEBUG org.hibernate.SQL - 
    select
        count(nr1_0.recipient_id) 
    from
        notification_recipients nr1_0 
    where
        nr1_0.user_id=? 
        and not(nr1_0.is_read)
2026-05-18 20:33:35 [http-nio-8087-exec-6] DEBUG org.hibernate.SQL - 
    select
        nr1_0.recipient_id,
        nr1_0.delivered_at,
        nr1_0.notification_id,
        nr1_0.is_read,
        nr1_0.read_at,
        nr1_0.user_id 
    from
        notification_recipients nr1_0 
    where
        nr1_0.user_id=? 
    order by
        nr1_0.delivered_at desc,
        nr1_0.delivered_at 
    offset
        ? rows 
    fetch
        first ? rows only
2026-05-18 20:33:35 [http-nio-8087-exec-6] DEBUG org.hibernate.SQL - 
    select
        count(nr1_0.recipient_id) 
    from
        notification_recipients nr1_0 
    where
        nr1_0.user_id=?
2026-05-18 20:33:35 [http-nio-8087-exec-6] DEBUG org.hibernate.SQL - 
    select
        n1_0.notification_id,
        n1_0.created_at,
        n1_0.message,
        n1_0.reference_id,
        n1_0.reference_type,
        n1_0.status,
        n1_0.title,
        n1_0.type 
    from
        notifications n1_0 
    where
        n1_0.notification_id=?
2026-05-18 20:33:35 [http-nio-8087-exec-6] DEBUG org.hibernate.SQL - 
    select
        n1_0.notification_id,
        n1_0.created_at,
        n1_0.message,
        n1_0.reference_id,
        n1_0.reference_type,
        n1_0.status,
        n1_0.title,
        n1_0.type 
    from
        notifications n1_0 
    where
        n1_0.notification_id=?
2026-05-18 20:33:35 [http-nio-8087-exec-6] DEBUG org.hibernate.SQL - 
    select
        n1_0.notification_id,
        n1_0.created_at,
        n1_0.message,
        n1_0.reference_id,
        n1_0.reference_type,
        n1_0.status,
        n1_0.title,
        n1_0.type 
    from
        notifications n1_0 
    where
        n1_0.notification_id=?
2026-05-18 20:33:35 [http-nio-8087-exec-6] DEBUG org.hibernate.SQL - 
    select
        n1_0.notification_id,
        n1_0.created_at,
        n1_0.message,
        n1_0.reference_id,
        n1_0.reference_type,
        n1_0.status,
        n1_0.title,
        n1_0.type 
    from
        notifications n1_0 
    where
        n1_0.notification_id=?
2026-05-18 20:33:35 [http-nio-8087-exec-6] DEBUG org.hibernate.SQL - 
    select
        n1_0.notification_id,
        n1_0.created_at,
        n1_0.message,
        n1_0.reference_id,
        n1_0.reference_type,
        n1_0.status,
        n1_0.title,
        n1_0.type 
    from
        notifications n1_0 
    where
        n1_0.notification_id=?
2026-05-18 20:33:35 [http-nio-8087-exec-6] DEBUG org.hibernate.SQL - 
    select
        n1_0.notification_id,
        n1_0.created_at,
        n1_0.message,
        n1_0.reference_id,
        n1_0.reference_type,
        n1_0.status,
        n1_0.title,
        n1_0.type 
    from
        notifications n1_0 
    where
        n1_0.notification_id=?
2026-05-18 20:33:35 [http-nio-8087-exec-6] DEBUG org.hibernate.SQL - 
    select
        n1_0.notification_id,
        n1_0.created_at,
        n1_0.message,
        n1_0.reference_id,
        n1_0.reference_type,
        n1_0.status,
        n1_0.title,
        n1_0.type 
    from
        notifications n1_0 
    where
        n1_0.notification_id=?
2026-05-18 20:33:35 [http-nio-8087-exec-6] DEBUG org.hibernate.SQL - 
    select
        n1_0.notification_id,
        n1_0.created_at,
        n1_0.message,
        n1_0.reference_id,
        n1_0.reference_type,
        n1_0.status,
        n1_0.title,
        n1_0.type 
    from
        notifications n1_0 
    where
        n1_0.notification_id=?
2026-05-18 20:33:35 [http-nio-8087-exec-6] DEBUG org.hibernate.SQL - 
    select
        n1_0.notification_id,
        n1_0.created_at,
        n1_0.message,
        n1_0.reference_id,
        n1_0.reference_type,
        n1_0.status,
        n1_0.title,
        n1_0.type 
    from
        notifications n1_0 
    where
        n1_0.notification_id=?
2026-05-18 20:33:35 [http-nio-8087-exec-6] DEBUG org.hibernate.SQL - 
    select
        n1_0.notification_id,
        n1_0.created_at,
        n1_0.message,
        n1_0.reference_id,
        n1_0.reference_type,
        n1_0.status,
        n1_0.title,
        n1_0.type 
    from
        notifications n1_0 
    where
        n1_0.notification_id=?
2026-05-18 20:33:35 [http-nio-8087-exec-6] DEBUG org.hibernate.SQL - 
    select
        n1_0.notification_id,
        n1_0.created_at,
        n1_0.message,
        n1_0.reference_id,
        n1_0.reference_type,
        n1_0.status,
        n1_0.title,
        n1_0.type 
    from
        notifications n1_0 
    where
        n1_0.notification_id=?
2026-05-18 20:33:35 [http-nio-8087-exec-6] DEBUG org.hibernate.SQL - 
    select
        n1_0.notification_id,
        n1_0.created_at,
        n1_0.message,
        n1_0.reference_id,
        n1_0.reference_type,
        n1_0.status,
        n1_0.title,
        n1_0.type 
    from
        notifications n1_0 
    where
        n1_0.notification_id=?
2026-05-18 20:33:35 [http-nio-8087-exec-6] DEBUG org.hibernate.SQL - 
    select
        n1_0.notification_id,
        n1_0.created_at,
        n1_0.message,
        n1_0.reference_id,
        n1_0.reference_type,
        n1_0.status,
        n1_0.title,
        n1_0.type 
    from
        notifications n1_0 
    where
        n1_0.notification_id=?
2026-05-18 20:33:35 [http-nio-8087-exec-6] DEBUG org.hibernate.SQL - 
    select
        n1_0.notification_id,
        n1_0.created_at,
        n1_0.message,
        n1_0.reference_id,
        n1_0.reference_type,
        n1_0.status,
        n1_0.title,
        n1_0.type 
    from
        notifications n1_0 
    where
        n1_0.notification_id=?
2026-05-18 20:33:35 [http-nio-8087-exec-6] DEBUG org.hibernate.SQL - 
    select
        n1_0.notification_id,
        n1_0.created_at,
        n1_0.message,
        n1_0.reference_id,
        n1_0.reference_type,
        n1_0.status,
        n1_0.title,
        n1_0.type 
    from
        notifications n1_0 
    where
        n1_0.notification_id=?
2026-05-18 20:33:35 [http-nio-8087-exec-6] DEBUG org.hibernate.SQL - 
    select
        n1_0.notification_id,
        n1_0.created_at,
        n1_0.message,
        n1_0.reference_id,
        n1_0.reference_type,
        n1_0.status,
        n1_0.title,
        n1_0.type 
    from
        notifications n1_0 
    where
        n1_0.notification_id=?
2026-05-18 20:33:35 [http-nio-8087-exec-6] DEBUG org.hibernate.SQL - 
    select
        n1_0.notification_id,
        n1_0.created_at,
        n1_0.message,
        n1_0.reference_id,
        n1_0.reference_type,
        n1_0.status,
        n1_0.title,
        n1_0.type 
    from
        notifications n1_0 
    where
        n1_0.notification_id=?
2026-05-18 20:33:35 [http-nio-8087-exec-6] DEBUG org.hibernate.SQL - 
    select
        n1_0.notification_id,
        n1_0.created_at,
        n1_0.message,
        n1_0.reference_id,
        n1_0.reference_type,
        n1_0.status,
        n1_0.title,
        n1_0.type 
    from
        notifications n1_0 
    where
        n1_0.notification_id=?
2026-05-18 20:33:35 [http-nio-8087-exec-6] DEBUG org.hibernate.SQL - 
    select
        n1_0.notification_id,
        n1_0.created_at,
        n1_0.message,
        n1_0.reference_id,
        n1_0.reference_type,
        n1_0.status,
        n1_0.title,
        n1_0.type 
    from
        notifications n1_0 
    where
        n1_0.notification_id=?
2026-05-18 20:33:35 [http-nio-8087-exec-6] DEBUG org.hibernate.SQL - 
    select
        n1_0.notification_id,
        n1_0.created_at,
        n1_0.message,
        n1_0.reference_id,
        n1_0.reference_type,
        n1_0.status,
        n1_0.title,
        n1_0.type 
    from
        notifications n1_0 
    where
        n1_0.notification_id=?
2026-05-18 20:33:35 [http-nio-8087-exec-7] DEBUG o.s.security.web.FilterChainProxy - Securing GET /api/notifications/users/38703d32-d07a-4b5f-ae53-41b9b352cf68
2026-05-18 20:33:35 [http-nio-8087-exec-7] DEBUG c.c.n.i.s.JwtAuthenticationFilter - Set authentication for user: user1@demo.local
2026-05-18 20:33:35 [http-nio-8087-exec-7] DEBUG o.s.security.web.FilterChainProxy - Secured GET /api/notifications/users/38703d32-d07a-4b5f-ae53-41b9b352cf68
2026-05-18 20:33:35 [http-nio-8087-exec-7] DEBUG o.s.s.a.m.AuthorizationManagerBeforeMethodInterceptor - Authorizing method invocation ReflectiveMethodInvocation: public org.springframework.http.ResponseEntity com.cognizant.notificationservice.adapter.web.controller.NotificationController.getUserNotifications(java.util.UUID,org.springframework.data.domain.Pageable); target is of class [com.cognizant.notificationservice.adapter.web.controller.NotificationController]
2026-05-18 20:33:35 [http-nio-8087-exec-7] DEBUG o.s.s.a.m.AuthorizationManagerBeforeMethodInterceptor - Authorized method invocation ReflectiveMethodInvocation: public org.springframework.http.ResponseEntity com.cognizant.notificationservice.adapter.web.controller.NotificationController.getUserNotifications(java.util.UUID,org.springframework.data.domain.Pageable); target is of class [com.cognizant.notificationservice.adapter.web.controller.NotificationController]
2026-05-18 20:33:35 [http-nio-8087-exec-7] DEBUG org.hibernate.SQL - 
    select
        nr1_0.recipient_id,
        nr1_0.delivered_at,
        nr1_0.notification_id,
        nr1_0.is_read,
        nr1_0.read_at,
        nr1_0.user_id 
    from
        notification_recipients nr1_0 
    where
        nr1_0.user_id=? 
    order by
        nr1_0.delivered_at desc,
        nr1_0.delivered_at 
    offset
        ? rows 
    fetch
        first ? rows only
2026-05-18 20:33:35 [http-nio-8087-exec-7] DEBUG org.hibernate.SQL - 
    select
        count(nr1_0.recipient_id) 
    from
        notification_recipients nr1_0 
    where
        nr1_0.user_id=?
2026-05-18 20:33:35 [http-nio-8087-exec-7] DEBUG org.hibernate.SQL - 
    select
        n1_0.notification_id,
        n1_0.created_at,
        n1_0.message,
        n1_0.reference_id,
        n1_0.reference_type,
        n1_0.status,
        n1_0.title,
        n1_0.type 
    from
        notifications n1_0 
    where
        n1_0.notification_id=?
2026-05-18 20:33:35 [http-nio-8087-exec-7] DEBUG org.hibernate.SQL - 
    select
        n1_0.notification_id,
        n1_0.created_at,
        n1_0.message,
        n1_0.reference_id,
        n1_0.reference_type,
        n1_0.status,
        n1_0.title,
        n1_0.type 
    from
        notifications n1_0 
    where
        n1_0.notification_id=?
2026-05-18 20:33:35 [http-nio-8087-exec-7] DEBUG org.hibernate.SQL - 
    select
        n1_0.notification_id,
        n1_0.created_at,
        n1_0.message,
        n1_0.reference_id,
        n1_0.reference_type,
        n1_0.status,
        n1_0.title,
        n1_0.type 
    from
        notifications n1_0 
    where
        n1_0.notification_id=?
2026-05-18 20:33:35 [http-nio-8087-exec-7] DEBUG org.hibernate.SQL - 
    select
        n1_0.notification_id,
        n1_0.created_at,
        n1_0.message,
        n1_0.reference_id,
        n1_0.reference_type,
        n1_0.status,
        n1_0.title,
        n1_0.type 
    from
        notifications n1_0 
    where
        n1_0.notification_id=?
2026-05-18 20:33:35 [http-nio-8087-exec-7] DEBUG org.hibernate.SQL - 
    select
        n1_0.notification_id,
        n1_0.created_at,
        n1_0.message,
        n1_0.reference_id,
        n1_0.reference_type,
        n1_0.status,
        n1_0.title,
        n1_0.type 
    from
        notifications n1_0 
    where
        n1_0.notification_id=?
2026-05-18 20:33:35 [http-nio-8087-exec-7] DEBUG org.hibernate.SQL - 
    select
        n1_0.notification_id,
        n1_0.created_at,
        n1_0.message,
        n1_0.reference_id,
        n1_0.reference_type,
        n1_0.status,
        n1_0.title,
        n1_0.type 
    from
        notifications n1_0 
    where
        n1_0.notification_id=?
2026-05-18 20:33:35 [http-nio-8087-exec-7] DEBUG org.hibernate.SQL - 
    select
        n1_0.notification_id,
        n1_0.created_at,
        n1_0.message,
        n1_0.reference_id,
        n1_0.reference_type,
        n1_0.status,
        n1_0.title,
        n1_0.type 
    from
        notifications n1_0 
    where
        n1_0.notification_id=?
2026-05-18 20:33:35 [http-nio-8087-exec-7] DEBUG org.hibernate.SQL - 
    select
        n1_0.notification_id,
        n1_0.created_at,
        n1_0.message,
        n1_0.reference_id,
        n1_0.reference_type,
        n1_0.status,
        n1_0.title,
        n1_0.type 
    from
        notifications n1_0 
    where
        n1_0.notification_id=?
2026-05-18 20:33:35 [http-nio-8087-exec-7] DEBUG org.hibernate.SQL - 
    select
        n1_0.notification_id,
        n1_0.created_at,
        n1_0.message,
        n1_0.reference_id,
        n1_0.reference_type,
        n1_0.status,
        n1_0.title,
        n1_0.type 
    from
        notifications n1_0 
    where
        n1_0.notification_id=?
2026-05-18 20:33:35 [http-nio-8087-exec-7] DEBUG org.hibernate.SQL - 
    select
        n1_0.notification_id,
        n1_0.created_at,
        n1_0.message,
        n1_0.reference_id,
        n1_0.reference_type,
        n1_0.status,
        n1_0.title,
        n1_0.type 
    from
        notifications n1_0 
    where
        n1_0.notification_id=?
2026-05-18 20:33:35 [http-nio-8087-exec-7] DEBUG org.hibernate.SQL - 
    select
        n1_0.notification_id,
        n1_0.created_at,
        n1_0.message,
        n1_0.reference_id,
        n1_0.reference_type,
        n1_0.status,
        n1_0.title,
        n1_0.type 
    from
        notifications n1_0 
    where
        n1_0.notification_id=?
2026-05-18 20:33:35 [http-nio-8087-exec-7] DEBUG org.hibernate.SQL - 
    select
        n1_0.notification_id,
        n1_0.created_at,
        n1_0.message,
        n1_0.reference_id,
        n1_0.reference_type,
        n1_0.status,
        n1_0.title,
        n1_0.type 
    from
        notifications n1_0 
    where
        n1_0.notification_id=?
2026-05-18 20:33:35 [http-nio-8087-exec-7] DEBUG org.hibernate.SQL - 
    select
        n1_0.notification_id,
        n1_0.created_at,
        n1_0.message,
        n1_0.reference_id,
        n1_0.reference_type,
        n1_0.status,
        n1_0.title,
        n1_0.type 
    from
        notifications n1_0 
    where
        n1_0.notification_id=?
2026-05-18 20:33:35 [http-nio-8087-exec-7] DEBUG org.hibernate.SQL - 
    select
        n1_0.notification_id,
        n1_0.created_at,
        n1_0.message,
        n1_0.reference_id,
        n1_0.reference_type,
        n1_0.status,
        n1_0.title,
        n1_0.type 
    from
        notifications n1_0 
    where
        n1_0.notification_id=?
2026-05-18 20:33:35 [http-nio-8087-exec-7] DEBUG org.hibernate.SQL - 
    select
        n1_0.notification_id,
        n1_0.created_at,
        n1_0.message,
        n1_0.reference_id,
        n1_0.reference_type,
        n1_0.status,
        n1_0.title,
        n1_0.type 
    from
        notifications n1_0 
    where
        n1_0.notification_id=?
2026-05-18 20:33:35 [http-nio-8087-exec-7] DEBUG org.hibernate.SQL - 
    select
        n1_0.notification_id,
        n1_0.created_at,
        n1_0.message,
        n1_0.reference_id,
        n1_0.reference_type,
        n1_0.status,
        n1_0.title,
        n1_0.type 
    from
        notifications n1_0 
    where
        n1_0.notification_id=?
2026-05-18 20:33:35 [http-nio-8087-exec-7] DEBUG org.hibernate.SQL - 
    select
        n1_0.notification_id,
        n1_0.created_at,
        n1_0.message,
        n1_0.reference_id,
        n1_0.reference_type,
        n1_0.status,
        n1_0.title,
        n1_0.type 
    from
        notifications n1_0 
    where
        n1_0.notification_id=?
2026-05-18 20:33:35 [http-nio-8087-exec-7] DEBUG org.hibernate.SQL - 
    select
        n1_0.notification_id,
        n1_0.created_at,
        n1_0.message,
        n1_0.reference_id,
        n1_0.reference_type,
        n1_0.status,
        n1_0.title,
        n1_0.type 
    from
        notifications n1_0 
    where
        n1_0.notification_id=?
2026-05-18 20:33:35 [http-nio-8087-exec-7] DEBUG org.hibernate.SQL - 
    select
        n1_0.notification_id,
        n1_0.created_at,
        n1_0.message,
        n1_0.reference_id,
        n1_0.reference_type,
        n1_0.status,
        n1_0.title,
        n1_0.type 
    from
        notifications n1_0 
    where
        n1_0.notification_id=?
2026-05-18 20:33:35 [http-nio-8087-exec-7] DEBUG org.hibernate.SQL - 
    select
        n1_0.notification_id,
        n1_0.created_at,
        n1_0.message,
        n1_0.reference_id,
        n1_0.reference_type,
        n1_0.status,
        n1_0.title,
        n1_0.type 
    from
        notifications n1_0 
    where
        n1_0.notification_id=?
2026-05-18 20:33:35 [http-nio-8087-exec-8] DEBUG o.s.security.web.FilterChainProxy - Securing GET /api/notifications/users/38703d32-d07a-4b5f-ae53-41b9b352cf68
2026-05-18 20:33:35 [http-nio-8087-exec-8] DEBUG c.c.n.i.s.JwtAuthenticationFilter - Set authentication for user: user1@demo.local
2026-05-18 20:33:35 [http-nio-8087-exec-8] DEBUG o.s.security.web.FilterChainProxy - Secured GET /api/notifications/users/38703d32-d07a-4b5f-ae53-41b9b352cf68
2026-05-18 20:33:35 [http-nio-8087-exec-8] DEBUG o.s.s.a.m.AuthorizationManagerBeforeMethodInterceptor - Authorizing method invocation ReflectiveMethodInvocation: public org.springframework.http.ResponseEntity com.cognizant.notificationservice.adapter.web.controller.NotificationController.getUserNotifications(java.util.UUID,org.springframework.data.domain.Pageable); target is of class [com.cognizant.notificationservice.adapter.web.controller.NotificationController]
2026-05-18 20:33:35 [http-nio-8087-exec-8] DEBUG o.s.s.a.m.AuthorizationManagerBeforeMethodInterceptor - Authorized method invocation ReflectiveMethodInvocation: public org.springframework.http.ResponseEntity com.cognizant.notificationservice.adapter.web.controller.NotificationController.getUserNotifications(java.util.UUID,org.springframework.data.domain.Pageable); target is of class [com.cognizant.notificationservice.adapter.web.controller.NotificationController]
2026-05-18 20:33:35 [http-nio-8087-exec-8] DEBUG org.hibernate.SQL - 
    select
        nr1_0.recipient_id,
        nr1_0.delivered_at,
        nr1_0.notification_id,
        nr1_0.is_read,
        nr1_0.read_at,
        nr1_0.user_id 
    from
        notification_recipients nr1_0 
    where
        nr1_0.user_id=? 
    order by
        nr1_0.delivered_at desc,
        nr1_0.delivered_at 
    offset
        ? rows 
    fetch
        first ? rows only
2026-05-18 20:33:35 [http-nio-8087-exec-8] DEBUG org.hibernate.SQL - 
    select
        count(nr1_0.recipient_id) 
    from
        notification_recipients nr1_0 
    where
        nr1_0.user_id=?
2026-05-18 20:33:35 [http-nio-8087-exec-8] DEBUG org.hibernate.SQL - 
    select
        n1_0.notification_id,
        n1_0.created_at,
        n1_0.message,
        n1_0.reference_id,
        n1_0.reference_type,
        n1_0.status,
        n1_0.title,
        n1_0.type 
    from
        notifications n1_0 
    where
        n1_0.notification_id=?
2026-05-18 20:33:35 [http-nio-8087-exec-8] DEBUG org.hibernate.SQL - 
    select
        n1_0.notification_id,
        n1_0.created_at,
        n1_0.message,
        n1_0.reference_id,
        n1_0.reference_type,
        n1_0.status,
        n1_0.title,
        n1_0.type 
    from
        notifications n1_0 
    where
        n1_0.notification_id=?
2026-05-18 20:33:35 [http-nio-8087-exec-8] DEBUG org.hibernate.SQL - 
    select
        n1_0.notification_id,
        n1_0.created_at,
        n1_0.message,
        n1_0.reference_id,
        n1_0.reference_type,
        n1_0.status,
        n1_0.title,
        n1_0.type 
    from
        notifications n1_0 
    where
        n1_0.notification_id=?
2026-05-18 20:33:35 [http-nio-8087-exec-8] DEBUG org.hibernate.SQL - 
    select
        n1_0.notification_id,
        n1_0.created_at,
        n1_0.message,
        n1_0.reference_id,
        n1_0.reference_type,
        n1_0.status,
        n1_0.title,
        n1_0.type 
    from
        notifications n1_0 
    where
        n1_0.notification_id=?
2026-05-18 20:33:35 [http-nio-8087-exec-8] DEBUG org.hibernate.SQL - 
    select
        n1_0.notification_id,
        n1_0.created_at,
        n1_0.message,
        n1_0.reference_id,
        n1_0.reference_type,
        n1_0.status,
        n1_0.title,
        n1_0.type 
    from
        notifications n1_0 
    where
        n1_0.notification_id=?
2026-05-18 20:33:35 [http-nio-8087-exec-8] DEBUG org.hibernate.SQL - 
    select
        n1_0.notification_id,
        n1_0.created_at,
        n1_0.message,
        n1_0.reference_id,
        n1_0.reference_type,
        n1_0.status,
        n1_0.title,
        n1_0.type 
    from
        notifications n1_0 
    where
        n1_0.notification_id=?
2026-05-18 20:33:35 [http-nio-8087-exec-8] DEBUG org.hibernate.SQL - 
    select
        n1_0.notification_id,
        n1_0.created_at,
        n1_0.message,
        n1_0.reference_id,
        n1_0.reference_type,
        n1_0.status,
        n1_0.title,
        n1_0.type 
    from
        notifications n1_0 
    where
        n1_0.notification_id=?
2026-05-18 20:33:35 [http-nio-8087-exec-8] DEBUG org.hibernate.SQL - 
    select
        n1_0.notification_id,
        n1_0.created_at,
        n1_0.message,
        n1_0.reference_id,
        n1_0.reference_type,
        n1_0.status,
        n1_0.title,
        n1_0.type 
    from
        notifications n1_0 
    where
        n1_0.notification_id=?
2026-05-18 20:33:35 [http-nio-8087-exec-8] DEBUG org.hibernate.SQL - 
    select
        n1_0.notification_id,
        n1_0.created_at,
        n1_0.message,
        n1_0.reference_id,
        n1_0.reference_type,
        n1_0.status,
        n1_0.title,
        n1_0.type 
    from
        notifications n1_0 
    where
        n1_0.notification_id=?
2026-05-18 20:33:35 [http-nio-8087-exec-8] DEBUG org.hibernate.SQL - 
    select
        n1_0.notification_id,
        n1_0.created_at,
        n1_0.message,
        n1_0.reference_id,
        n1_0.reference_type,
        n1_0.status,
        n1_0.title,
        n1_0.type 
    from
        notifications n1_0 
    where
        n1_0.notification_id=?
2026-05-18 20:33:35 [http-nio-8087-exec-8] DEBUG org.hibernate.SQL - 
    select
        n1_0.notification_id,
        n1_0.created_at,
        n1_0.message,
        n1_0.reference_id,
        n1_0.reference_type,
        n1_0.status,
        n1_0.title,
        n1_0.type 
    from
        notifications n1_0 
    where
        n1_0.notification_id=?
2026-05-18 20:33:35 [http-nio-8087-exec-8] DEBUG org.hibernate.SQL - 
    select
        n1_0.notification_id,
        n1_0.created_at,
        n1_0.message,
        n1_0.reference_id,
        n1_0.reference_type,
        n1_0.status,
        n1_0.title,
        n1_0.type 
    from
        notifications n1_0 
    where
        n1_0.notification_id=?
2026-05-18 20:33:35 [http-nio-8087-exec-8] DEBUG org.hibernate.SQL - 
    select
        n1_0.notification_id,
        n1_0.created_at,
        n1_0.message,
        n1_0.reference_id,
        n1_0.reference_type,
        n1_0.status,
        n1_0.title,
        n1_0.type 
    from
        notifications n1_0 
    where
        n1_0.notification_id=?
2026-05-18 20:33:35 [http-nio-8087-exec-8] DEBUG org.hibernate.SQL - 
    select
        n1_0.notification_id,
        n1_0.created_at,
        n1_0.message,
        n1_0.reference_id,
        n1_0.reference_type,
        n1_0.status,
        n1_0.title,
        n1_0.type 
    from
        notifications n1_0 
    where
        n1_0.notification_id=?
2026-05-18 20:33:35 [http-nio-8087-exec-8] DEBUG org.hibernate.SQL - 
    select
        n1_0.notification_id,
        n1_0.created_at,
        n1_0.message,
        n1_0.reference_id,
        n1_0.reference_type,
        n1_0.status,
        n1_0.title,
        n1_0.type 
    from
        notifications n1_0 
    where
        n1_0.notification_id=?
2026-05-18 20:33:35 [http-nio-8087-exec-8] DEBUG org.hibernate.SQL - 
    select
        n1_0.notification_id,
        n1_0.created_at,
        n1_0.message,
        n1_0.reference_id,
        n1_0.reference_type,
        n1_0.status,
        n1_0.title,
        n1_0.type 
    from
        notifications n1_0 
    where
        n1_0.notification_id=?
2026-05-18 20:33:35 [http-nio-8087-exec-8] DEBUG org.hibernate.SQL - 
    select
        n1_0.notification_id,
        n1_0.created_at,
        n1_0.message,
        n1_0.reference_id,
        n1_0.reference_type,
        n1_0.status,
        n1_0.title,
        n1_0.type 
    from
        notifications n1_0 
    where
        n1_0.notification_id=?
2026-05-18 20:33:35 [http-nio-8087-exec-8] DEBUG org.hibernate.SQL - 
    select
        n1_0.notification_id,
        n1_0.created_at,
        n1_0.message,
        n1_0.reference_id,
        n1_0.reference_type,
        n1_0.status,
        n1_0.title,
        n1_0.type 
    from
        notifications n1_0 
    where
        n1_0.notification_id=?
2026-05-18 20:33:35 [http-nio-8087-exec-8] DEBUG org.hibernate.SQL - 
    select
        n1_0.notification_id,
        n1_0.created_at,
        n1_0.message,
        n1_0.reference_id,
        n1_0.reference_type,
        n1_0.status,
        n1_0.title,
        n1_0.type 
    from
        notifications n1_0 
    where
        n1_0.notification_id=?
2026-05-18 20:33:35 [http-nio-8087-exec-8] DEBUG org.hibernate.SQL - 
    select
        n1_0.notification_id,
        n1_0.created_at,
        n1_0.message,
        n1_0.reference_id,
        n1_0.reference_type,
        n1_0.status,
        n1_0.title,
        n1_0.type 
    from
        notifications n1_0 
    where
        n1_0.notification_id=?
2026-05-18 20:33:40 [http-nio-8087-exec-9] DEBUG o.s.security.web.FilterChainProxy - Securing GET /ws/notifications/info?t=1779116620742
2026-05-18 20:33:40 [http-nio-8087-exec-9] DEBUG o.s.s.w.a.AnonymousAuthenticationFilter - Set SecurityContextHolder to anonymous SecurityContext
2026-05-18 20:33:40 [http-nio-8087-exec-9] ERROR c.c.n.i.s.JwtAuthenticationEntryPoint - Unauthorized error: Full authentication is required to access this resource
2026-05-18 20:33:45 [http-nio-8087-exec-10] DEBUG o.s.security.web.FilterChainProxy - Securing GET /ws/notifications/info?t=1779116625754
2026-05-18 20:33:45 [http-nio-8087-exec-10] DEBUG o.s.s.w.a.AnonymousAuthenticationFilter - Set SecurityContextHolder to anonymous SecurityContext
2026-05-18 20:33:45 [http-nio-8087-exec-10] ERROR c.c.n.i.s.JwtAuthenticationEntryPoint - Unauthorized error: Full authentication is required to access this resource
2026-05-18 20:33:50 [http-nio-8087-exec-2] DEBUG o.s.security.web.FilterChainProxy - Securing GET /ws/notifications/info?t=1779116630766
2026-05-18 20:33:50 [http-nio-8087-exec-2] DEBUG o.s.s.w.a.AnonymousAuthenticationFilter - Set SecurityContextHolder to anonymous SecurityContext
2026-05-18 20:33:50 [http-nio-8087-exec-2] ERROR c.c.n.i.s.JwtAuthenticationEntryPoint - Unauthorized error: Full authentication is required to access this resource
2026-05-18 20:33:55 [http-nio-8087-exec-1] DEBUG o.s.security.web.FilterChainProxy - Securing GET /ws/notifications/info?t=1779116635773
2026-05-18 20:33:55 [http-nio-8087-exec-1] DEBUG o.s.s.w.a.AnonymousAuthenticationFilter - Set SecurityContextHolder to anonymous SecurityContext
2026-05-18 20:33:55 [http-nio-8087-exec-1] ERROR c.c.n.i.s.JwtAuthenticationEntryPoint - Unauthorized error: Full authentication is required to access this resource
2026-05-18 20:34:00 [http-nio-8087-exec-3] DEBUG o.s.security.web.FilterChainProxy - Securing GET /ws/notifications/info?t=1779116640785
2026-05-18 20:34:00 [http-nio-8087-exec-3] DEBUG o.s.s.w.a.AnonymousAuthenticationFilter - Set SecurityContextHolder to anonymous SecurityContext
2026-05-18 20:34:00 [http-nio-8087-exec-3] ERROR c.c.n.i.s.JwtAuthenticationEntryPoint - Unauthorized error: Full authentication is required to access this resource
2026-05-18 20:34:05 [http-nio-8087-exec-4] DEBUG o.s.security.web.FilterChainProxy - Securing GET /ws/notifications/info?t=1779116645791
2026-05-18 20:34:05 [http-nio-8087-exec-4] DEBUG o.s.s.w.a.AnonymousAuthenticationFilter - Set SecurityContextHolder to anonymous SecurityContext
2026-05-18 20:34:05 [http-nio-8087-exec-4] ERROR c.c.n.i.s.JwtAuthenticationEntryPoint - Unauthorized error: Full authentication is required to access this resource
2026-05-18 20:34:10 [http-nio-8087-exec-5] DEBUG o.s.security.web.FilterChainProxy - Securing GET /ws/notifications/info?t=1779116650804
2026-05-18 20:34:10 [http-nio-8087-exec-5] DEBUG o.s.s.w.a.AnonymousAuthenticationFilter - Set SecurityContextHolder to anonymous SecurityContext
2026-05-18 20:34:10 [http-nio-8087-exec-5] ERROR c.c.n.i.s.JwtAuthenticationEntryPoint - Unauthorized error: Full authentication is required to access this resource
2026-05-18 20:34:15 [http-nio-8087-exec-6] DEBUG o.s.security.web.FilterChainProxy - Securing GET /ws/notifications/info?t=1779116655811
2026-05-18 20:34:15 [http-nio-8087-exec-6] DEBUG o.s.s.w.a.AnonymousAuthenticationFilter - Set SecurityContextHolder to anonymous SecurityContext
2026-05-18 20:34:15 [http-nio-8087-exec-6] ERROR c.c.n.i.s.JwtAuthenticationEntryPoint - Unauthorized error: Full authentication is required to access this resource
2026-05-18 20:34:17 [http-nio-8087-exec-7] DEBUG o.s.security.web.FilterChainProxy - Securing GET /api/notifications/users/38703d32-d07a-4b5f-ae53-41b9b352cf68
2026-05-18 20:34:17 [http-nio-8087-exec-7] DEBUG c.c.n.i.s.JwtAuthenticationFilter - Set authentication for user: user1@demo.local
2026-05-18 20:34:17 [http-nio-8087-exec-7] DEBUG o.s.security.web.FilterChainProxy - Secured GET /api/notifications/users/38703d32-d07a-4b5f-ae53-41b9b352cf68
2026-05-18 20:34:17 [http-nio-8087-exec-7] DEBUG o.s.s.a.m.AuthorizationManagerBeforeMethodInterceptor - Authorizing method invocation ReflectiveMethodInvocation: public org.springframework.http.ResponseEntity com.cognizant.notificationservice.adapter.web.controller.NotificationController.getUserNotifications(java.util.UUID,org.springframework.data.domain.Pageable); target is of class [com.cognizant.notificationservice.adapter.web.controller.NotificationController]
2026-05-18 20:34:17 [http-nio-8087-exec-7] DEBUG o.s.s.a.m.AuthorizationManagerBeforeMethodInterceptor - Authorized method invocation ReflectiveMethodInvocation: public org.springframework.http.ResponseEntity com.cognizant.notificationservice.adapter.web.controller.NotificationController.getUserNotifications(java.util.UUID,org.springframework.data.domain.Pageable); target is of class [com.cognizant.notificationservice.adapter.web.controller.NotificationController]
2026-05-18 20:34:18 [http-nio-8087-exec-7] DEBUG org.hibernate.SQL - 
    select
        nr1_0.recipient_id,
        nr1_0.delivered_at,
        nr1_0.notification_id,
        nr1_0.is_read,
        nr1_0.read_at,
        nr1_0.user_id 
    from
        notification_recipients nr1_0 
    where
        nr1_0.user_id=? 
    order by
        nr1_0.delivered_at desc,
        nr1_0.delivered_at 
    offset
        ? rows 
    fetch
        first ? rows only
2026-05-18 20:34:18 [http-nio-8087-exec-7] DEBUG org.hibernate.SQL - 
    select
        count(nr1_0.recipient_id) 
    from
        notification_recipients nr1_0 
    where
        nr1_0.user_id=?
2026-05-18 20:34:18 [http-nio-8087-exec-7] DEBUG org.hibernate.SQL - 
    select
        n1_0.notification_id,
        n1_0.created_at,
        n1_0.message,
        n1_0.reference_id,
        n1_0.reference_type,
        n1_0.status,
        n1_0.title,
        n1_0.type 
    from
        notifications n1_0 
    where
        n1_0.notification_id=?
2026-05-18 20:34:18 [http-nio-8087-exec-7] DEBUG org.hibernate.SQL - 
    select
        n1_0.notification_id,
        n1_0.created_at,
        n1_0.message,
        n1_0.reference_id,
        n1_0.reference_type,
        n1_0.status,
        n1_0.title,
        n1_0.type 
    from
        notifications n1_0 
    where
        n1_0.notification_id=?
2026-05-18 20:34:18 [http-nio-8087-exec-7] DEBUG org.hibernate.SQL - 
    select
        n1_0.notification_id,
        n1_0.created_at,
        n1_0.message,
        n1_0.reference_id,
        n1_0.reference_type,
        n1_0.status,
        n1_0.title,
        n1_0.type 
    from
        notifications n1_0 
    where
        n1_0.notification_id=?
2026-05-18 20:34:18 [http-nio-8087-exec-7] DEBUG org.hibernate.SQL - 
    select
        n1_0.notification_id,
        n1_0.created_at,
        n1_0.message,
        n1_0.reference_id,
        n1_0.reference_type,
        n1_0.status,
        n1_0.title,
        n1_0.type 
    from
        notifications n1_0 
    where
        n1_0.notification_id=?
2026-05-18 20:34:18 [http-nio-8087-exec-7] DEBUG org.hibernate.SQL - 
    select
        n1_0.notification_id,
        n1_0.created_at,
        n1_0.message,
        n1_0.reference_id,
        n1_0.reference_type,
        n1_0.status,
        n1_0.title,
        n1_0.type 
    from
        notifications n1_0 
    where
        n1_0.notification_id=?
2026-05-18 20:34:18 [http-nio-8087-exec-7] DEBUG org.hibernate.SQL - 
    select
        n1_0.notification_id,
        n1_0.created_at,
        n1_0.message,
        n1_0.reference_id,
        n1_0.reference_type,
        n1_0.status,
        n1_0.title,
        n1_0.type 
    from
        notifications n1_0 
    where
        n1_0.notification_id=?
2026-05-18 20:34:18 [http-nio-8087-exec-7] DEBUG org.hibernate.SQL - 
    select
        n1_0.notification_id,
        n1_0.created_at,
        n1_0.message,
        n1_0.reference_id,
        n1_0.reference_type,
        n1_0.status,
        n1_0.title,
        n1_0.type 
    from
        notifications n1_0 
    where
        n1_0.notification_id=?
2026-05-18 20:34:18 [http-nio-8087-exec-7] DEBUG org.hibernate.SQL - 
    select
        n1_0.notification_id,
        n1_0.created_at,
        n1_0.message,
        n1_0.reference_id,
        n1_0.reference_type,
        n1_0.status,
        n1_0.title,
        n1_0.type 
    from
        notifications n1_0 
    where
        n1_0.notification_id=?
2026-05-18 20:34:18 [http-nio-8087-exec-7] DEBUG org.hibernate.SQL - 
    select
        n1_0.notification_id,
        n1_0.created_at,
        n1_0.message,
        n1_0.reference_id,
        n1_0.reference_type,
        n1_0.status,
        n1_0.title,
        n1_0.type 
    from
        notifications n1_0 
    where
        n1_0.notification_id=?
2026-05-18 20:34:18 [http-nio-8087-exec-7] DEBUG org.hibernate.SQL - 
    select
        n1_0.notification_id,
        n1_0.created_at,
        n1_0.message,
        n1_0.reference_id,
        n1_0.reference_type,
        n1_0.status,
        n1_0.title,
        n1_0.type 
    from
        notifications n1_0 
    where
        n1_0.notification_id=?
2026-05-18 20:34:18 [http-nio-8087-exec-7] DEBUG org.hibernate.SQL - 
    select
        n1_0.notification_id,
        n1_0.created_at,
        n1_0.message,
        n1_0.reference_id,
        n1_0.reference_type,
        n1_0.status,
        n1_0.title,
        n1_0.type 
    from
        notifications n1_0 
    where
        n1_0.notification_id=?
2026-05-18 20:34:18 [http-nio-8087-exec-7] DEBUG org.hibernate.SQL - 
    select
        n1_0.notification_id,
        n1_0.created_at,
        n1_0.message,
        n1_0.reference_id,
        n1_0.reference_type,
        n1_0.status,
        n1_0.title,
        n1_0.type 
    from
        notifications n1_0 
    where
        n1_0.notification_id=?
2026-05-18 20:34:18 [http-nio-8087-exec-7] DEBUG org.hibernate.SQL - 
    select
        n1_0.notification_id,
        n1_0.created_at,
        n1_0.message,
        n1_0.reference_id,
        n1_0.reference_type,
        n1_0.status,
        n1_0.title,
        n1_0.type 
    from
        notifications n1_0 
    where
        n1_0.notification_id=?
2026-05-18 20:34:18 [http-nio-8087-exec-7] DEBUG org.hibernate.SQL - 
    select
        n1_0.notification_id,
        n1_0.created_at,
        n1_0.message,
        n1_0.reference_id,
        n1_0.reference_type,
        n1_0.status,
        n1_0.title,
        n1_0.type 
    from
        notifications n1_0 
    where
        n1_0.notification_id=?
2026-05-18 20:34:18 [http-nio-8087-exec-7] DEBUG org.hibernate.SQL - 
    select
        n1_0.notification_id,
        n1_0.created_at,
        n1_0.message,
        n1_0.reference_id,
        n1_0.reference_type,
        n1_0.status,
        n1_0.title,
        n1_0.type 
    from
        notifications n1_0 
    where
        n1_0.notification_id=?
2026-05-18 20:34:18 [http-nio-8087-exec-7] DEBUG org.hibernate.SQL - 
    select
        n1_0.notification_id,
        n1_0.created_at,
        n1_0.message,
        n1_0.reference_id,
        n1_0.reference_type,
        n1_0.status,
        n1_0.title,
        n1_0.type 
    from
        notifications n1_0 
    where
        n1_0.notification_id=?
2026-05-18 20:34:18 [http-nio-8087-exec-7] DEBUG org.hibernate.SQL - 
    select
        n1_0.notification_id,
        n1_0.created_at,
        n1_0.message,
        n1_0.reference_id,
        n1_0.reference_type,
        n1_0.status,
        n1_0.title,
        n1_0.type 
    from
        notifications n1_0 
    where
        n1_0.notification_id=?
2026-05-18 20:34:18 [http-nio-8087-exec-7] DEBUG org.hibernate.SQL - 
    select
        n1_0.notification_id,
        n1_0.created_at,
        n1_0.message,
        n1_0.reference_id,
        n1_0.reference_type,
        n1_0.status,
        n1_0.title,
        n1_0.type 
    from
        notifications n1_0 
    where
        n1_0.notification_id=?
2026-05-18 20:34:18 [http-nio-8087-exec-7] DEBUG org.hibernate.SQL - 
    select
        n1_0.notification_id,
        n1_0.created_at,
        n1_0.message,
        n1_0.reference_id,
        n1_0.reference_type,
        n1_0.status,
        n1_0.title,
        n1_0.type 
    from
        notifications n1_0 
    where
        n1_0.notification_id=?
2026-05-18 20:34:18 [http-nio-8087-exec-7] DEBUG org.hibernate.SQL - 
    select
        n1_0.notification_id,
        n1_0.created_at,
        n1_0.message,
        n1_0.reference_id,
        n1_0.reference_type,
        n1_0.status,
        n1_0.title,
        n1_0.type 
    from
        notifications n1_0 
    where
        n1_0.notification_id=?
2026-05-18 20:34:18 [http-nio-8087-exec-8] DEBUG o.s.security.web.FilterChainProxy - Securing GET /api/notifications/users/38703d32-d07a-4b5f-ae53-41b9b352cf68
2026-05-18 20:34:18 [http-nio-8087-exec-8] DEBUG c.c.n.i.s.JwtAuthenticationFilter - Set authentication for user: user1@demo.local
2026-05-18 20:34:18 [http-nio-8087-exec-8] DEBUG o.s.security.web.FilterChainProxy - Secured GET /api/notifications/users/38703d32-d07a-4b5f-ae53-41b9b352cf68
2026-05-18 20:34:18 [http-nio-8087-exec-8] DEBUG o.s.s.a.m.AuthorizationManagerBeforeMethodInterceptor - Authorizing method invocation ReflectiveMethodInvocation: public org.springframework.http.ResponseEntity com.cognizant.notificationservice.adapter.web.controller.NotificationController.getUserNotifications(java.util.UUID,org.springframework.data.domain.Pageable); target is of class [com.cognizant.notificationservice.adapter.web.controller.NotificationController]
2026-05-18 20:34:18 [http-nio-8087-exec-8] DEBUG o.s.s.a.m.AuthorizationManagerBeforeMethodInterceptor - Authorized method invocation ReflectiveMethodInvocation: public org.springframework.http.ResponseEntity com.cognizant.notificationservice.adapter.web.controller.NotificationController.getUserNotifications(java.util.UUID,org.springframework.data.domain.Pageable); target is of class [com.cognizant.notificationservice.adapter.web.controller.NotificationController]
2026-05-18 20:34:18 [http-nio-8087-exec-8] DEBUG org.hibernate.SQL - 
    select
        nr1_0.recipient_id,
        nr1_0.delivered_at,
        nr1_0.notification_id,
        nr1_0.is_read,
        nr1_0.read_at,
        nr1_0.user_id 
    from
        notification_recipients nr1_0 
    where
        nr1_0.user_id=? 
    order by
        nr1_0.delivered_at desc,
        nr1_0.delivered_at 
    offset
        ? rows 
    fetch
        first ? rows only
2026-05-18 20:34:18 [http-nio-8087-exec-8] DEBUG org.hibernate.SQL - 
    select
        count(nr1_0.recipient_id) 
    from
        notification_recipients nr1_0 
    where
        nr1_0.user_id=?
2026-05-18 20:34:18 [http-nio-8087-exec-8] DEBUG org.hibernate.SQL - 
    select
        n1_0.notification_id,
        n1_0.created_at,
        n1_0.message,
        n1_0.reference_id,
        n1_0.reference_type,
        n1_0.status,
        n1_0.title,
        n1_0.type 
    from
        notifications n1_0 
    where
        n1_0.notification_id=?
2026-05-18 20:34:18 [http-nio-8087-exec-8] DEBUG org.hibernate.SQL - 
    select
        n1_0.notification_id,
        n1_0.created_at,
        n1_0.message,
        n1_0.reference_id,
        n1_0.reference_type,
        n1_0.status,
        n1_0.title,
        n1_0.type 
    from
        notifications n1_0 
    where
        n1_0.notification_id=?
2026-05-18 20:34:18 [http-nio-8087-exec-8] DEBUG org.hibernate.SQL - 
    select
        n1_0.notification_id,
        n1_0.created_at,
        n1_0.message,
        n1_0.reference_id,
        n1_0.reference_type,
        n1_0.status,
        n1_0.title,
        n1_0.type 
    from
        notifications n1_0 
    where
        n1_0.notification_id=?
2026-05-18 20:34:18 [http-nio-8087-exec-8] DEBUG org.hibernate.SQL - 
    select
        n1_0.notification_id,
        n1_0.created_at,
        n1_0.message,
        n1_0.reference_id,
        n1_0.reference_type,
        n1_0.status,
        n1_0.title,
        n1_0.type 
    from
        notifications n1_0 
    where
        n1_0.notification_id=?
2026-05-18 20:34:18 [http-nio-8087-exec-8] DEBUG org.hibernate.SQL - 
    select
        n1_0.notification_id,
        n1_0.created_at,
        n1_0.message,
        n1_0.reference_id,
        n1_0.reference_type,
        n1_0.status,
        n1_0.title,
        n1_0.type 
    from
        notifications n1_0 
    where
        n1_0.notification_id=?
2026-05-18 20:34:18 [http-nio-8087-exec-8] DEBUG org.hibernate.SQL - 
    select
        n1_0.notification_id,
        n1_0.created_at,
        n1_0.message,
        n1_0.reference_id,
        n1_0.reference_type,
        n1_0.status,
        n1_0.title,
        n1_0.type 
    from
        notifications n1_0 
    where
        n1_0.notification_id=?
2026-05-18 20:34:18 [http-nio-8087-exec-8] DEBUG org.hibernate.SQL - 
    select
        n1_0.notification_id,
        n1_0.created_at,
        n1_0.message,
        n1_0.reference_id,
        n1_0.reference_type,
        n1_0.status,
        n1_0.title,
        n1_0.type 
    from
        notifications n1_0 
    where
        n1_0.notification_id=?
2026-05-18 20:34:18 [http-nio-8087-exec-8] DEBUG org.hibernate.SQL - 
    select
        n1_0.notification_id,
        n1_0.created_at,
        n1_0.message,
        n1_0.reference_id,
        n1_0.reference_type,
        n1_0.status,
        n1_0.title,
        n1_0.type 
    from
        notifications n1_0 
    where
        n1_0.notification_id=?
2026-05-18 20:34:18 [http-nio-8087-exec-8] DEBUG org.hibernate.SQL - 
    select
        n1_0.notification_id,
        n1_0.created_at,
        n1_0.message,
        n1_0.reference_id,
        n1_0.reference_type,
        n1_0.status,
        n1_0.title,
        n1_0.type 
    from
        notifications n1_0 
    where
        n1_0.notification_id=?
2026-05-18 20:34:18 [http-nio-8087-exec-8] DEBUG org.hibernate.SQL - 
    select
        n1_0.notification_id,
        n1_0.created_at,
        n1_0.message,
        n1_0.reference_id,
        n1_0.reference_type,
        n1_0.status,
        n1_0.title,
        n1_0.type 
    from
        notifications n1_0 
    where
        n1_0.notification_id=?
2026-05-18 20:34:18 [http-nio-8087-exec-8] DEBUG org.hibernate.SQL - 
    select
        n1_0.notification_id,
        n1_0.created_at,
        n1_0.message,
        n1_0.reference_id,
        n1_0.reference_type,
        n1_0.status,
        n1_0.title,
        n1_0.type 
    from
        notifications n1_0 
    where
        n1_0.notification_id=?
2026-05-18 20:34:18 [http-nio-8087-exec-8] DEBUG org.hibernate.SQL - 
    select
        n1_0.notification_id,
        n1_0.created_at,
        n1_0.message,
        n1_0.reference_id,
        n1_0.reference_type,
        n1_0.status,
        n1_0.title,
        n1_0.type 
    from
        notifications n1_0 
    where
        n1_0.notification_id=?
2026-05-18 20:34:18 [http-nio-8087-exec-8] DEBUG org.hibernate.SQL - 
    select
        n1_0.notification_id,
        n1_0.created_at,
        n1_0.message,
        n1_0.reference_id,
        n1_0.reference_type,
        n1_0.status,
        n1_0.title,
        n1_0.type 
    from
        notifications n1_0 
    where
        n1_0.notification_id=?
2026-05-18 20:34:18 [http-nio-8087-exec-8] DEBUG org.hibernate.SQL - 
    select
        n1_0.notification_id,
        n1_0.created_at,
        n1_0.message,
        n1_0.reference_id,
        n1_0.reference_type,
        n1_0.status,
        n1_0.title,
        n1_0.type 
    from
        notifications n1_0 
    where
        n1_0.notification_id=?
2026-05-18 20:34:18 [http-nio-8087-exec-8] DEBUG org.hibernate.SQL - 
    select
        n1_0.notification_id,
        n1_0.created_at,
        n1_0.message,
        n1_0.reference_id,
        n1_0.reference_type,
        n1_0.status,
        n1_0.title,
        n1_0.type 
    from
        notifications n1_0 
    where
        n1_0.notification_id=?
2026-05-18 20:34:18 [http-nio-8087-exec-8] DEBUG org.hibernate.SQL - 
    select
        n1_0.notification_id,
        n1_0.created_at,
        n1_0.message,
        n1_0.reference_id,
        n1_0.reference_type,
        n1_0.status,
        n1_0.title,
        n1_0.type 
    from
        notifications n1_0 
    where
        n1_0.notification_id=?
2026-05-18 20:34:18 [http-nio-8087-exec-8] DEBUG org.hibernate.SQL - 
    select
        n1_0.notification_id,
        n1_0.created_at,
        n1_0.message,
        n1_0.reference_id,
        n1_0.reference_type,
        n1_0.status,
        n1_0.title,
        n1_0.type 
    from
        notifications n1_0 
    where
        n1_0.notification_id=?
2026-05-18 20:34:18 [http-nio-8087-exec-8] DEBUG org.hibernate.SQL - 
    select
        n1_0.notification_id,
        n1_0.created_at,
        n1_0.message,
        n1_0.reference_id,
        n1_0.reference_type,
        n1_0.status,
        n1_0.title,
        n1_0.type 
    from
        notifications n1_0 
    where
        n1_0.notification_id=?
2026-05-18 20:34:18 [http-nio-8087-exec-8] DEBUG org.hibernate.SQL - 
    select
        n1_0.notification_id,
        n1_0.created_at,
        n1_0.message,
        n1_0.reference_id,
        n1_0.reference_type,
        n1_0.status,
        n1_0.title,
        n1_0.type 
    from
        notifications n1_0 
    where
        n1_0.notification_id=?
2026-05-18 20:34:18 [http-nio-8087-exec-8] DEBUG org.hibernate.SQL - 
    select
        n1_0.notification_id,
        n1_0.created_at,
        n1_0.message,
        n1_0.reference_id,
        n1_0.reference_type,
        n1_0.status,
        n1_0.title,
        n1_0.type 
    from
        notifications n1_0 
    where
        n1_0.notification_id=?
2026-05-18 20:34:20 [http-nio-8087-exec-9] DEBUG o.s.security.web.FilterChainProxy - Securing GET /ws/notifications/info?t=1779116660822
2026-05-18 20:34:20 [http-nio-8087-exec-9] DEBUG o.s.s.w.a.AnonymousAuthenticationFilter - Set SecurityContextHolder to anonymous SecurityContext
2026-05-18 20:34:20 [http-nio-8087-exec-9] ERROR c.c.n.i.s.JwtAuthenticationEntryPoint - Unauthorized error: Full authentication is required to access this resource
2026-05-18 20:34:25 [http-nio-8087-exec-10] DEBUG o.s.security.web.FilterChainProxy - Securing GET /ws/notifications/info?t=1779116665829
2026-05-18 20:34:25 [http-nio-8087-exec-10] DEBUG o.s.s.w.a.AnonymousAuthenticationFilter - Set SecurityContextHolder to anonymous SecurityContext
2026-05-18 20:34:25 [http-nio-8087-exec-10] ERROR c.c.n.i.s.JwtAuthenticationEntryPoint - Unauthorized error: Full authentication is required to access this resource
2026-05-18 20:34:28 [org.springframework.kafka.KafkaListenerEndpointContainer#8-2-C-1] INFO  o.apache.kafka.clients.NetworkClient - [Consumer clientId=consumer-notification-service-group-9, groupId=notification-service-group] Node -1 disconnected.
2026-05-18 20:34:28 [org.springframework.kafka.KafkaListenerEndpointContainer#11-1-C-1] INFO  o.apache.kafka.clients.NetworkClient - [Consumer clientId=consumer-notification-service-group-26, groupId=notification-service-group] Node -1 disconnected.
2026-05-18 20:34:28 [org.springframework.kafka.KafkaListenerEndpointContainer#9-1-C-1] INFO  o.apache.kafka.clients.NetworkClient - [Consumer clientId=consumer-notification-service-group-11, groupId=notification-service-group] Node -1 disconnected.
2026-05-18 20:34:28 [org.springframework.kafka.KafkaListenerEndpointContainer#9-2-C-1] INFO  o.apache.kafka.clients.NetworkClient - [Consumer clientId=consumer-notification-service-group-12, groupId=notification-service-group] Node -1 disconnected.
2026-05-18 20:34:28 [org.springframework.kafka.KafkaListenerEndpointContainer#11-2-C-1] INFO  o.apache.kafka.clients.NetworkClient - [Consumer clientId=consumer-notification-service-group-27, groupId=notification-service-group] Node -1 disconnected.
2026-05-18 20:34:28 [org.springframework.kafka.KafkaListenerEndpointContainer#0-0-C-1] INFO  o.apache.kafka.clients.NetworkClient - [Consumer clientId=consumer-notification-service-group-28, groupId=notification-service-group] Node -1 disconnected.
2026-05-18 20:34:28 [org.springframework.kafka.KafkaListenerEndpointContainer#2-1-C-1] INFO  o.apache.kafka.clients.NetworkClient - [Consumer clientId=consumer-notification-service-group-14, groupId=notification-service-group] Node -1 disconnected.
2026-05-18 20:34:28 [org.springframework.kafka.KafkaListenerEndpointContainer#0-1-C-1] INFO  o.apache.kafka.clients.NetworkClient - [Consumer clientId=consumer-notification-service-group-29, groupId=notification-service-group] Node -1 disconnected.
2026-05-18 20:34:28 [org.springframework.kafka.KafkaListenerEndpointContainer#2-2-C-1] INFO  o.apache.kafka.clients.NetworkClient - [Consumer clientId=consumer-notification-service-group-15, groupId=notification-service-group] Node -1 disconnected.
2026-05-18 20:34:28 [org.springframework.kafka.KafkaListenerEndpointContainer#3-1-C-1] INFO  o.apache.kafka.clients.NetworkClient - [Consumer clientId=consumer-notification-service-group-17, groupId=notification-service-group] Node -1 disconnected.
2026-05-18 20:34:28 [org.springframework.kafka.KafkaListenerEndpointContainer#3-2-C-1] INFO  o.apache.kafka.clients.NetworkClient - [Consumer clientId=consumer-notification-service-group-18, groupId=notification-service-group] Node -1 disconnected.
2026-05-18 20:34:28 [org.springframework.kafka.KafkaListenerEndpointContainer#0-2-C-1] INFO  o.apache.kafka.clients.NetworkClient - [Consumer clientId=consumer-notification-service-group-30, groupId=notification-service-group] Node -1 disconnected.
2026-05-18 20:34:28 [org.springframework.kafka.KafkaListenerEndpointContainer#7-1-C-1] INFO  o.apache.kafka.clients.NetworkClient - [Consumer clientId=consumer-notification-service-group-5, groupId=notification-service-group] Node -1 disconnected.
2026-05-18 20:34:28 [org.springframework.kafka.KafkaListenerEndpointContainer#7-2-C-1] INFO  o.apache.kafka.clients.NetworkClient - [Consumer clientId=consumer-notification-service-group-6, groupId=notification-service-group] Node -1 disconnected.
2026-05-18 20:34:28 [org.springframework.kafka.KafkaListenerEndpointContainer#8-1-C-1] INFO  o.apache.kafka.clients.NetworkClient - [Consumer clientId=consumer-notification-service-group-8, groupId=notification-service-group] Node -1 disconnected.
2026-05-18 20:34:28 [org.springframework.kafka.KafkaListenerEndpointContainer#1-1-C-1] INFO  o.apache.kafka.clients.NetworkClient - [Consumer clientId=consumer-notification-service-group-32, groupId=notification-service-group] Node -1 disconnected.
2026-05-18 20:34:28 [org.springframework.kafka.KafkaListenerEndpointContainer#1-2-C-1] INFO  o.apache.kafka.clients.NetworkClient - [Consumer clientId=consumer-notification-service-group-33, groupId=notification-service-group] Node -1 disconnected.
2026-05-18 20:34:28 [org.springframework.kafka.KafkaListenerEndpointContainer#1-0-C-1] INFO  o.apache.kafka.clients.NetworkClient - [Consumer clientId=consumer-notification-service-group-31, groupId=notification-service-group] Node -1 disconnected.
2026-05-18 20:34:28 [org.springframework.kafka.KafkaListenerEndpointContainer#10-0-C-1] INFO  o.apache.kafka.clients.NetworkClient - [Consumer clientId=consumer-notification-service-group-34, groupId=notification-service-group] Node -1 disconnected.
2026-05-18 20:34:28 [org.springframework.kafka.KafkaListenerEndpointContainer#6-0-C-1] INFO  o.apache.kafka.clients.NetworkClient - [Consumer clientId=consumer-notification-service-group-1, groupId=notification-service-group] Node -1 disconnected.
2026-05-18 20:34:28 [org.springframework.kafka.KafkaListenerEndpointContainer#7-0-C-1] INFO  o.apache.kafka.clients.NetworkClient - [Consumer clientId=consumer-notification-service-group-4, groupId=notification-service-group] Node -1 disconnected.
2026-05-18 20:34:28 [org.springframework.kafka.KafkaListenerEndpointContainer#11-0-C-1] INFO  o.apache.kafka.clients.NetworkClient - [Consumer clientId=consumer-notification-service-group-25, groupId=notification-service-group] Node -1 disconnected.
2026-05-18 20:34:28 [org.springframework.kafka.KafkaListenerEndpointContainer#4-0-C-1] INFO  o.apache.kafka.clients.NetworkClient - [Consumer clientId=consumer-notification-service-group-19, groupId=notification-service-group] Node -1 disconnected.
2026-05-18 20:34:28 [org.springframework.kafka.KafkaListenerEndpointContainer#5-1-C-1] INFO  o.apache.kafka.clients.NetworkClient - [Consumer clientId=consumer-notification-service-group-notify-approved-23, groupId=notification-service-group-notify-approved] Node -1 disconnected.
2026-05-18 20:34:28 [org.springframework.kafka.KafkaListenerEndpointContainer#10-1-C-1] INFO  o.apache.kafka.clients.NetworkClient - [Consumer clientId=consumer-notification-service-group-35, groupId=notification-service-group] Node -1 disconnected.
2026-05-18 20:34:28 [org.springframework.kafka.KafkaListenerEndpointContainer#4-1-C-1] INFO  o.apache.kafka.clients.NetworkClient - [Consumer clientId=consumer-notification-service-group-20, groupId=notification-service-group] Node -1 disconnected.
2026-05-18 20:34:28 [org.springframework.kafka.KafkaListenerEndpointContainer#2-0-C-1] INFO  o.apache.kafka.clients.NetworkClient - [Consumer clientId=consumer-notification-service-group-13, groupId=notification-service-group] Node -1 disconnected.
2026-05-18 20:34:28 [org.springframework.kafka.KafkaListenerEndpointContainer#6-1-C-1] INFO  o.apache.kafka.clients.NetworkClient - [Consumer clientId=consumer-notification-service-group-2, groupId=notification-service-group] Node -1 disconnected.
2026-05-18 20:34:28 [org.springframework.kafka.KafkaListenerEndpointContainer#10-2-C-1] INFO  o.apache.kafka.clients.NetworkClient - [Consumer clientId=consumer-notification-service-group-36, groupId=notification-service-group] Node -1 disconnected.
2026-05-18 20:34:28 [org.springframework.kafka.KafkaListenerEndpointContainer#5-2-C-1] INFO  o.apache.kafka.clients.NetworkClient - [Consumer clientId=consumer-notification-service-group-notify-approved-24, groupId=notification-service-group-notify-approved] Node -1 disconnected.
2026-05-18 20:34:28 [org.springframework.kafka.KafkaListenerEndpointContainer#8-0-C-1] INFO  o.apache.kafka.clients.NetworkClient - [Consumer clientId=consumer-notification-service-group-7, groupId=notification-service-group] Node -1 disconnected.
2026-05-18 20:34:28 [org.springframework.kafka.KafkaListenerEndpointContainer#4-2-C-1] INFO  o.apache.kafka.clients.NetworkClient - [Consumer clientId=consumer-notification-service-group-21, groupId=notification-service-group] Node -1 disconnected.
2026-05-18 20:34:28 [org.springframework.kafka.KafkaListenerEndpointContainer#9-0-C-1] INFO  o.apache.kafka.clients.NetworkClient - [Consumer clientId=consumer-notification-service-group-10, groupId=notification-service-group] Node -1 disconnected.
2026-05-18 20:34:28 [org.springframework.kafka.KafkaListenerEndpointContainer#5-0-C-1] INFO  o.apache.kafka.clients.NetworkClient - [Consumer clientId=consumer-notification-service-group-notify-approved-22, groupId=notification-service-group-notify-approved] Node -1 disconnected.
2026-05-18 20:34:28 [org.springframework.kafka.KafkaListenerEndpointContainer#3-0-C-1] INFO  o.apache.kafka.clients.NetworkClient - [Consumer clientId=consumer-notification-service-group-16, groupId=notification-service-group] Node -1 disconnected.
2026-05-18 20:34:28 [org.springframework.kafka.KafkaListenerEndpointContainer#6-2-C-1] INFO  o.apache.kafka.clients.NetworkClient - [Consumer clientId=consumer-notification-service-group-3, groupId=notification-service-group] Node -1 disconnected.
2026-05-18 20:34:30 [http-nio-8087-exec-2] DEBUG o.s.security.web.FilterChainProxy - Securing GET /ws/notifications/info?t=1779116670842
2026-05-18 20:34:30 [http-nio-8087-exec-2] DEBUG o.s.s.w.a.AnonymousAuthenticationFilter - Set SecurityContextHolder to anonymous SecurityContext
2026-05-18 20:34:30 [http-nio-8087-exec-2] ERROR c.c.n.i.s.JwtAuthenticationEntryPoint - Unauthorized error: Full authentication is required to access this resource
2026-05-18 20:34:35 [http-nio-8087-exec-1] DEBUG o.s.security.web.FilterChainProxy - Securing GET /ws/notifications/info?t=1779116675853
2026-05-18 20:34:35 [http-nio-8087-exec-1] DEBUG o.s.s.w.a.AnonymousAuthenticationFilter - Set SecurityContextHolder to anonymous SecurityContext
2026-05-18 20:34:35 [http-nio-8087-exec-1] ERROR c.c.n.i.s.JwtAuthenticationEntryPoint - Unauthorized error: Full authentication is required to access this resource
2026-05-18 20:34:41 [http-nio-8087-exec-3] DEBUG o.s.security.web.FilterChainProxy - Securing GET /ws/notifications/info?t=1779116681841
2026-05-18 20:34:41 [http-nio-8087-exec-3] DEBUG o.s.s.w.a.AnonymousAuthenticationFilter - Set SecurityContextHolder to anonymous SecurityContext
2026-05-18 20:34:41 [http-nio-8087-exec-3] ERROR c.c.n.i.s.JwtAuthenticationEntryPoint - Unauthorized error: Full authentication is required to access this resource
2026-05-18 20:34:47 [http-nio-8087-exec-4] DEBUG o.s.security.web.FilterChainProxy - Securing GET /ws/notifications/info?t=1779116687841
2026-05-18 20:34:47 [http-nio-8087-exec-4] DEBUG o.s.s.w.a.AnonymousAuthenticationFilter - Set SecurityContextHolder to anonymous SecurityContext
2026-05-18 20:34:47 [http-nio-8087-exec-4] ERROR c.c.n.i.s.JwtAuthenticationEntryPoint - Unauthorized error: Full authentication is required to access this resource
2026-05-18 20:34:53 [http-nio-8087-exec-5] DEBUG o.s.security.web.FilterChainProxy - Securing GET /ws/notifications/info?t=1779116693841
2026-05-18 20:34:53 [http-nio-8087-exec-5] DEBUG o.s.s.w.a.AnonymousAuthenticationFilter - Set SecurityContextHolder to anonymous SecurityContext
2026-05-18 20:34:53 [http-nio-8087-exec-5] ERROR c.c.n.i.s.JwtAuthenticationEntryPoint - Unauthorized error: Full authentication is required to access this resource
2026-05-18 20:34:59 [http-nio-8087-exec-6] DEBUG o.s.security.web.FilterChainProxy - Securing GET /ws/notifications/info?t=1779116699841
2026-05-18 20:34:59 [http-nio-8087-exec-6] DEBUG o.s.s.w.a.AnonymousAuthenticationFilter - Set SecurityContextHolder to anonymous SecurityContext
2026-05-18 20:34:59 [http-nio-8087-exec-6] ERROR c.c.n.i.s.JwtAuthenticationEntryPoint - Unauthorized error: Full authentication is required to access this resource
2026-05-18 20:35:05 [http-nio-8087-exec-7] DEBUG o.s.security.web.FilterChainProxy - Securing GET /ws/notifications/info?t=1779116705841
2026-05-18 20:35:05 [http-nio-8087-exec-7] DEBUG o.s.s.w.a.AnonymousAuthenticationFilter - Set SecurityContextHolder to anonymous SecurityContext
2026-05-18 20:35:05 [http-nio-8087-exec-7] ERROR c.c.n.i.s.JwtAuthenticationEntryPoint - Unauthorized error: Full authentication is required to access this resource
2026-05-18 20:35:11 [http-nio-8087-exec-8] DEBUG o.s.security.web.FilterChainProxy - Securing GET /ws/notifications/info?t=1779116711840
2026-05-18 20:35:11 [http-nio-8087-exec-8] DEBUG o.s.s.w.a.AnonymousAuthenticationFilter - Set SecurityContextHolder to anonymous SecurityContext
2026-05-18 20:35:11 [http-nio-8087-exec-8] ERROR c.c.n.i.s.JwtAuthenticationEntryPoint - Unauthorized error: Full authentication is required to access this resource
2026-05-18 20:35:17 [http-nio-8087-exec-9] DEBUG o.s.security.web.FilterChainProxy - Securing GET /ws/notifications/info?t=1779116717841
2026-05-18 20:35:17 [http-nio-8087-exec-9] DEBUG o.s.s.w.a.AnonymousAuthenticationFilter - Set SecurityContextHolder to anonymous SecurityContext
2026-05-18 20:35:17 [http-nio-8087-exec-9] ERROR c.c.n.i.s.JwtAuthenticationEntryPoint - Unauthorized error: Full authentication is required to access this resource
2026-05-18 20:35:23 [http-nio-8087-exec-1] DEBUG o.s.security.web.FilterChainProxy - Securing GET /ws/notifications/info?t=1779116723841
2026-05-18 20:35:23 [http-nio-8087-exec-1] DEBUG o.s.s.w.a.AnonymousAuthenticationFilter - Set SecurityContextHolder to anonymous SecurityContext
2026-05-18 20:35:23 [http-nio-8087-exec-1] ERROR c.c.n.i.s.JwtAuthenticationEntryPoint - Unauthorized error: Full authentication is required to access this resource
2026-05-18 20:35:28 [http-nio-8087-exec-3] DEBUG o.s.security.web.FilterChainProxy - Securing GET /ws/notifications/info?t=1779116728850
2026-05-18 20:35:28 [http-nio-8087-exec-3] DEBUG o.s.s.w.a.AnonymousAuthenticationFilter - Set SecurityContextHolder to anonymous SecurityContext
2026-05-18 20:35:28 [http-nio-8087-exec-3] ERROR c.c.n.i.s.JwtAuthenticationEntryPoint - Unauthorized error: Full authentication is required to access this resource
2026-05-18 20:35:33 [http-nio-8087-exec-4] DEBUG o.s.security.web.FilterChainProxy - Securing GET /ws/notifications/info?t=1779116733861
2026-05-18 20:35:33 [http-nio-8087-exec-4] DEBUG o.s.s.w.a.AnonymousAuthenticationFilter - Set SecurityContextHolder to anonymous SecurityContext
2026-05-18 20:35:33 [http-nio-8087-exec-4] ERROR c.c.n.i.s.JwtAuthenticationEntryPoint - Unauthorized error: Full authentication is required to access this resource
2026-05-18 20:35:38 [http-nio-8087-exec-5] DEBUG o.s.security.web.FilterChainProxy - Securing GET /ws/notifications/info?t=1779116738869
2026-05-18 20:35:38 [http-nio-8087-exec-5] DEBUG o.s.s.w.a.AnonymousAuthenticationFilter - Set SecurityContextHolder to anonymous SecurityContext
2026-05-18 20:35:38 [http-nio-8087-exec-5] ERROR c.c.n.i.s.JwtAuthenticationEntryPoint - Unauthorized error: Full authentication is required to access this resource
2026-05-18 20:35:43 [http-nio-8087-exec-7] DEBUG o.s.security.web.FilterChainProxy - Securing GET /ws/notifications/info?t=1779116743880
2026-05-18 20:35:43 [http-nio-8087-exec-7] DEBUG o.s.s.w.a.AnonymousAuthenticationFilter - Set SecurityContextHolder to anonymous SecurityContext
2026-05-18 20:35:43 [http-nio-8087-exec-7] ERROR c.c.n.i.s.JwtAuthenticationEntryPoint - Unauthorized error: Full authentication is required to access this resource
2026-05-18 20:35:48 [http-nio-8087-exec-8] DEBUG o.s.security.web.FilterChainProxy - Securing GET /ws/notifications/info?t=1779116748892
2026-05-18 20:35:48 [http-nio-8087-exec-8] DEBUG o.s.s.w.a.AnonymousAuthenticationFilter - Set SecurityContextHolder to anonymous SecurityContext
2026-05-18 20:35:48 [http-nio-8087-exec-8] ERROR c.c.n.i.s.JwtAuthenticationEntryPoint - Unauthorized error: Full authentication is required to access this resource
2026-05-18 20:35:53 [http-nio-8087-exec-9] DEBUG o.s.security.web.FilterChainProxy - Securing GET /ws/notifications/info?t=1779116753903
2026-05-18 20:35:53 [http-nio-8087-exec-9] DEBUG o.s.s.w.a.AnonymousAuthenticationFilter - Set SecurityContextHolder to anonymous SecurityContext
2026-05-18 20:35:53 [http-nio-8087-exec-9] ERROR c.c.n.i.s.JwtAuthenticationEntryPoint - Unauthorized error: Full authentication is required to access this resource
2026-05-18 20:35:58 [http-nio-8087-exec-2] DEBUG o.s.security.web.FilterChainProxy - Securing GET /ws/notifications/info?t=1779116758913
2026-05-18 20:35:58 [http-nio-8087-exec-2] DEBUG o.s.s.w.a.AnonymousAuthenticationFilter - Set SecurityContextHolder to anonymous SecurityContext
2026-05-18 20:35:58 [http-nio-8087-exec-2] ERROR c.c.n.i.s.JwtAuthenticationEntryPoint - Unauthorized error: Full authentication is required to access this resource
2026-05-18 20:36:03 [http-nio-8087-exec-10] DEBUG o.s.security.web.FilterChainProxy - Securing GET /ws/notifications/info?t=1779116763923
2026-05-18 20:36:03 [http-nio-8087-exec-10] DEBUG o.s.s.w.a.AnonymousAuthenticationFilter - Set SecurityContextHolder to anonymous SecurityContext
2026-05-18 20:36:03 [http-nio-8087-exec-10] ERROR c.c.n.i.s.JwtAuthenticationEntryPoint - Unauthorized error: Full authentication is required to access this resource
2026-05-18 20:36:08 [http-nio-8087-exec-1] DEBUG o.s.security.web.FilterChainProxy - Securing GET /ws/notifications/info?t=1779116768933
2026-05-18 20:36:08 [http-nio-8087-exec-1] DEBUG o.s.s.w.a.AnonymousAuthenticationFilter - Set SecurityContextHolder to anonymous SecurityContext
2026-05-18 20:36:08 [http-nio-8087-exec-1] ERROR c.c.n.i.s.JwtAuthenticationEntryPoint - Unauthorized error: Full authentication is required to access this resource
2026-05-18 20:36:13 [http-nio-8087-exec-3] DEBUG o.s.security.web.FilterChainProxy - Securing GET /ws/notifications/info?t=1779116773944
2026-05-18 20:36:13 [http-nio-8087-exec-3] DEBUG o.s.s.w.a.AnonymousAuthenticationFilter - Set SecurityContextHolder to anonymous SecurityContext
2026-05-18 20:36:13 [http-nio-8087-exec-3] ERROR c.c.n.i.s.JwtAuthenticationEntryPoint - Unauthorized error: Full authentication is required to access this resource
2026-05-18 20:36:18 [http-nio-8087-exec-4] DEBUG o.s.security.web.FilterChainProxy - Securing GET /ws/notifications/info?t=1779116778953
2026-05-18 20:36:18 [http-nio-8087-exec-4] DEBUG o.s.s.w.a.AnonymousAuthenticationFilter - Set SecurityContextHolder to anonymous SecurityContext
2026-05-18 20:36:18 [http-nio-8087-exec-4] ERROR c.c.n.i.s.JwtAuthenticationEntryPoint - Unauthorized error: Full authentication is required to access this resource
2026-05-18 20:36:23 [http-nio-8087-exec-5] DEBUG o.s.security.web.FilterChainProxy - Securing GET /ws/notifications/info?t=1779116783962
2026-05-18 20:36:23 [http-nio-8087-exec-5] DEBUG o.s.s.w.a.AnonymousAuthenticationFilter - Set SecurityContextHolder to anonymous SecurityContext
2026-05-18 20:36:23 [http-nio-8087-exec-5] ERROR c.c.n.i.s.JwtAuthenticationEntryPoint - Unauthorized error: Full authentication is required to access this resource
2026-05-18 20:36:28 [http-nio-8087-exec-6] DEBUG o.s.security.web.FilterChainProxy - Securing GET /ws/notifications/info?t=1779116788972
2026-05-18 20:36:28 [http-nio-8087-exec-6] DEBUG o.s.s.w.a.AnonymousAuthenticationFilter - Set SecurityContextHolder to anonymous SecurityContext
2026-05-18 20:36:28 [http-nio-8087-exec-6] ERROR c.c.n.i.s.JwtAuthenticationEntryPoint - Unauthorized error: Full authentication is required to access this resource
2026-05-18 20:36:33 [http-nio-8087-exec-7] DEBUG o.s.security.web.FilterChainProxy - Securing GET /ws/notifications/info?t=1779116793982
2026-05-18 20:36:33 [http-nio-8087-exec-7] DEBUG o.s.s.w.a.AnonymousAuthenticationFilter - Set SecurityContextHolder to anonymous SecurityContext
2026-05-18 20:36:33 [http-nio-8087-exec-7] ERROR c.c.n.i.s.JwtAuthenticationEntryPoint - Unauthorized error: Full authentication is required to access this resource
2026-05-18 20:36:38 [http-nio-8087-exec-8] DEBUG o.s.security.web.FilterChainProxy - Securing GET /ws/notifications/info?t=1779116798992
2026-05-18 20:36:39 [http-nio-8087-exec-8] DEBUG o.s.s.w.a.AnonymousAuthenticationFilter - Set SecurityContextHolder to anonymous SecurityContext
2026-05-18 20:36:39 [http-nio-8087-exec-8] ERROR c.c.n.i.s.JwtAuthenticationEntryPoint - Unauthorized error: Full authentication is required to access this resource
2026-05-18 20:36:44 [http-nio-8087-exec-9] DEBUG o.s.security.web.FilterChainProxy - Securing GET /ws/notifications/info?t=1779116804006
2026-05-18 20:36:44 [http-nio-8087-exec-9] DEBUG o.s.s.w.a.AnonymousAuthenticationFilter - Set SecurityContextHolder to anonymous SecurityContext
2026-05-18 20:36:44 [http-nio-8087-exec-9] ERROR c.c.n.i.s.JwtAuthenticationEntryPoint - Unauthorized error: Full authentication is required to access this resource
2026-05-18 20:36:49 [http-nio-8087-exec-2] DEBUG o.s.security.web.FilterChainProxy - Securing GET /ws/notifications/info?t=1779116809018
2026-05-18 20:36:49 [http-nio-8087-exec-2] DEBUG o.s.s.w.a.AnonymousAuthenticationFilter - Set SecurityContextHolder to anonymous SecurityContext
2026-05-18 20:36:49 [http-nio-8087-exec-2] ERROR c.c.n.i.s.JwtAuthenticationEntryPoint - Unauthorized error: Full authentication is required to access this resource
2026-05-18 20:36:54 [http-nio-8087-exec-10] DEBUG o.s.security.web.FilterChainProxy - Securing GET /ws/notifications/info?t=1779116814029
2026-05-18 20:36:54 [http-nio-8087-exec-10] DEBUG o.s.s.w.a.AnonymousAuthenticationFilter - Set SecurityContextHolder to anonymous SecurityContext
2026-05-18 20:36:54 [http-nio-8087-exec-10] ERROR c.c.n.i.s.JwtAuthenticationEntryPoint - Unauthorized error: Full authentication is required to access this resource
2026-05-18 20:36:59 [http-nio-8087-exec-1] DEBUG o.s.security.web.FilterChainProxy - Securing GET /ws/notifications/info?t=1779116819040
2026-05-18 20:36:59 [http-nio-8087-exec-1] DEBUG o.s.s.w.a.AnonymousAuthenticationFilter - Set SecurityContextHolder to anonymous SecurityContext
2026-05-18 20:36:59 [http-nio-8087-exec-1] ERROR c.c.n.i.s.JwtAuthenticationEntryPoint - Unauthorized error: Full authentication is required to access this resource
2026-05-18 20:37:04 [http-nio-8087-exec-3] DEBUG o.s.security.web.FilterChainProxy - Securing GET /ws/notifications/info?t=1779116824051
2026-05-18 20:37:04 [http-nio-8087-exec-3] DEBUG o.s.s.w.a.AnonymousAuthenticationFilter - Set SecurityContextHolder to anonymous SecurityContext
2026-05-18 20:37:04 [http-nio-8087-exec-3] ERROR c.c.n.i.s.JwtAuthenticationEntryPoint - Unauthorized error: Full authentication is required to access this resource
2026-05-18 20:37:09 [http-nio-8087-exec-4] DEBUG o.s.security.web.FilterChainProxy - Securing GET /ws/notifications/info?t=1779116829060
2026-05-18 20:37:09 [http-nio-8087-exec-4] DEBUG o.s.s.w.a.AnonymousAuthenticationFilter - Set SecurityContextHolder to anonymous SecurityContext
2026-05-18 20:37:09 [http-nio-8087-exec-4] ERROR c.c.n.i.s.JwtAuthenticationEntryPoint - Unauthorized error: Full authentication is required to access this resource
2026-05-18 20:37:14 [http-nio-8087-exec-5] DEBUG o.s.security.web.FilterChainProxy - Securing GET /ws/notifications/info?t=1779116834070
2026-05-18 20:37:14 [http-nio-8087-exec-5] DEBUG o.s.s.w.a.AnonymousAuthenticationFilter - Set SecurityContextHolder to anonymous SecurityContext
2026-05-18 20:37:14 [http-nio-8087-exec-5] ERROR c.c.n.i.s.JwtAuthenticationEntryPoint - Unauthorized error: Full authentication is required to access this resource
2026-05-18 20:37:19 [http-nio-8087-exec-6] DEBUG o.s.security.web.FilterChainProxy - Securing GET /ws/notifications/info?t=1779116839079
2026-05-18 20:37:19 [http-nio-8087-exec-6] DEBUG o.s.s.w.a.AnonymousAuthenticationFilter - Set SecurityContextHolder to anonymous SecurityContext
2026-05-18 20:37:19 [http-nio-8087-exec-6] ERROR c.c.n.i.s.JwtAuthenticationEntryPoint - Unauthorized error: Full authentication is required to access this resource
2026-05-18 20:37:24 [http-nio-8087-exec-7] DEBUG o.s.security.web.FilterChainProxy - Securing GET /ws/notifications/info?t=1779116844088
2026-05-18 20:37:24 [http-nio-8087-exec-7] DEBUG o.s.s.w.a.AnonymousAuthenticationFilter - Set SecurityContextHolder to anonymous SecurityContext
2026-05-18 20:37:24 [http-nio-8087-exec-7] ERROR c.c.n.i.s.JwtAuthenticationEntryPoint - Unauthorized error: Full authentication is required to access this resource
2026-05-18 20:37:29 [http-nio-8087-exec-8] DEBUG o.s.security.web.FilterChainProxy - Securing GET /ws/notifications/info?t=1779116849098
2026-05-18 20:37:29 [http-nio-8087-exec-8] DEBUG o.s.s.w.a.AnonymousAuthenticationFilter - Set SecurityContextHolder to anonymous SecurityContext
2026-05-18 20:37:29 [http-nio-8087-exec-8] ERROR c.c.n.i.s.JwtAuthenticationEntryPoint - Unauthorized error: Full authentication is required to access this resource
2026-05-18 20:37:34 [http-nio-8087-exec-9] DEBUG o.s.security.web.FilterChainProxy - Securing GET /ws/notifications/info?t=1779116854109
2026-05-18 20:37:34 [http-nio-8087-exec-9] DEBUG o.s.s.w.a.AnonymousAuthenticationFilter - Set SecurityContextHolder to anonymous SecurityContext
2026-05-18 20:37:34 [http-nio-8087-exec-9] ERROR c.c.n.i.s.JwtAuthenticationEntryPoint - Unauthorized error: Full authentication is required to access this resource
2026-05-18 20:37:39 [http-nio-8087-exec-2] DEBUG o.s.security.web.FilterChainProxy - Securing GET /ws/notifications/info?t=1779116859119
2026-05-18 20:37:39 [http-nio-8087-exec-2] DEBUG o.s.s.w.a.AnonymousAuthenticationFilter - Set SecurityContextHolder to anonymous SecurityContext
2026-05-18 20:37:39 [http-nio-8087-exec-2] ERROR c.c.n.i.s.JwtAuthenticationEntryPoint - Unauthorized error: Full authentication is required to access this resource
2026-05-18 20:37:44 [http-nio-8087-exec-10] DEBUG o.s.security.web.FilterChainProxy - Securing GET /ws/notifications/info?t=1779116864128
2026-05-18 20:37:44 [http-nio-8087-exec-10] DEBUG o.s.s.w.a.AnonymousAuthenticationFilter - Set SecurityContextHolder to anonymous SecurityContext
2026-05-18 20:37:44 [http-nio-8087-exec-10] ERROR c.c.n.i.s.JwtAuthenticationEntryPoint - Unauthorized error: Full authentication is required to access this resource
2026-05-18 20:37:49 [http-nio-8087-exec-1] DEBUG o.s.security.web.FilterChainProxy - Securing GET /ws/notifications/info?t=1779116869137
2026-05-18 20:37:49 [http-nio-8087-exec-1] DEBUG o.s.s.w.a.AnonymousAuthenticationFilter - Set SecurityContextHolder to anonymous SecurityContext
2026-05-18 20:37:49 [http-nio-8087-exec-1] ERROR c.c.n.i.s.JwtAuthenticationEntryPoint - Unauthorized error: Full authentication is required to access this resource
2026-05-18 20:37:54 [http-nio-8087-exec-3] DEBUG o.s.security.web.FilterChainProxy - Securing GET /ws/notifications/info?t=1779116874147
2026-05-18 20:37:54 [http-nio-8087-exec-3] DEBUG o.s.s.w.a.AnonymousAuthenticationFilter - Set SecurityContextHolder to anonymous SecurityContext
2026-05-18 20:37:54 [http-nio-8087-exec-3] ERROR c.c.n.i.s.JwtAuthenticationEntryPoint - Unauthorized error: Full authentication is required to access this resource
2026-05-18 20:39:37 [http-nio-8087-exec-5] DEBUG o.s.security.web.FilterChainProxy - Securing GET /ws/notifications/info?t=1779116977536
2026-05-18 20:39:37 [http-nio-8087-exec-5] DEBUG o.s.s.w.a.AnonymousAuthenticationFilter - Set SecurityContextHolder to anonymous SecurityContext
2026-05-18 20:39:37 [http-nio-8087-exec-5] ERROR c.c.n.i.s.JwtAuthenticationEntryPoint - Unauthorized error: Full authentication is required to access this resource
2026-05-18 20:39:37 [http-nio-8087-exec-7] DEBUG o.s.security.web.FilterChainProxy - Securing GET /api/notifications/users/30b6bdda-d44a-434c-adb8-5c8192cc5302/unread-count
2026-05-18 20:39:37 [http-nio-8087-exec-6] DEBUG o.s.security.web.FilterChainProxy - Securing GET /api/notifications/users/30b6bdda-d44a-434c-adb8-5c8192cc5302
2026-05-18 20:39:37 [http-nio-8087-exec-7] DEBUG c.c.n.i.s.JwtAuthenticationFilter - Set authentication for user: test_user1@corp.com
2026-05-18 20:39:37 [http-nio-8087-exec-6] DEBUG c.c.n.i.s.JwtAuthenticationFilter - Set authentication for user: test_user1@corp.com
2026-05-18 20:39:37 [http-nio-8087-exec-6] DEBUG o.s.security.web.FilterChainProxy - Secured GET /api/notifications/users/30b6bdda-d44a-434c-adb8-5c8192cc5302
2026-05-18 20:39:37 [http-nio-8087-exec-7] DEBUG o.s.security.web.FilterChainProxy - Secured GET /api/notifications/users/30b6bdda-d44a-434c-adb8-5c8192cc5302/unread-count
2026-05-18 20:39:37 [http-nio-8087-exec-7] DEBUG o.s.s.a.m.AuthorizationManagerBeforeMethodInterceptor - Authorizing method invocation ReflectiveMethodInvocation: public org.springframework.http.ResponseEntity com.cognizant.notificationservice.adapter.web.controller.NotificationController.getUnreadCount(java.util.UUID); target is of class [com.cognizant.notificationservice.adapter.web.controller.NotificationController]
2026-05-18 20:39:37 [http-nio-8087-exec-6] DEBUG o.s.s.a.m.AuthorizationManagerBeforeMethodInterceptor - Authorizing method invocation ReflectiveMethodInvocation: public org.springframework.http.ResponseEntity com.cognizant.notificationservice.adapter.web.controller.NotificationController.getUserNotifications(java.util.UUID,org.springframework.data.domain.Pageable); target is of class [com.cognizant.notificationservice.adapter.web.controller.NotificationController]
2026-05-18 20:39:37 [http-nio-8087-exec-6] DEBUG o.s.s.a.m.AuthorizationManagerBeforeMethodInterceptor - Failed to authorize ReflectiveMethodInvocation: public org.springframework.http.ResponseEntity com.cognizant.notificationservice.adapter.web.controller.NotificationController.getUserNotifications(java.util.UUID,org.springframework.data.domain.Pageable); target is of class [com.cognizant.notificationservice.adapter.web.controller.NotificationController] with authorization manager org.springframework.security.config.annotation.method.configuration.DeferringObservationAuthorizationManager@530eb7fa and decision ExpressionAuthorizationDecision [granted=false, expressionAttribute=hasAnyRole('USER', 'ENGINEER', 'MANAGER', 'ADMIN')]
2026-05-18 20:39:37 [http-nio-8087-exec-7] DEBUG o.s.s.a.m.AuthorizationManagerBeforeMethodInterceptor - Failed to authorize ReflectiveMethodInvocation: public org.springframework.http.ResponseEntity com.cognizant.notificationservice.adapter.web.controller.NotificationController.getUnreadCount(java.util.UUID); target is of class [com.cognizant.notificationservice.adapter.web.controller.NotificationController] with authorization manager org.springframework.security.config.annotation.method.configuration.DeferringObservationAuthorizationManager@530eb7fa and decision ExpressionAuthorizationDecision [granted=false, expressionAttribute=hasAnyRole('USER', 'ENGINEER', 'MANAGER', 'ADMIN')]
2026-05-18 20:39:37 [http-nio-8087-exec-7] ERROR c.c.n.a.w.e.GlobalExceptionHandler - Access denied: Access Denied
2026-05-18 20:39:37 [http-nio-8087-exec-6] ERROR c.c.n.a.w.e.GlobalExceptionHandler - Access denied: Access Denied
2026-05-18 20:39:37 [http-nio-8087-exec-8] DEBUG o.s.security.web.FilterChainProxy - Securing GET /api/notifications/users/30b6bdda-d44a-434c-adb8-5c8192cc5302
2026-05-18 20:39:37 [http-nio-8087-exec-8] DEBUG c.c.n.i.s.JwtAuthenticationFilter - Set authentication for user: test_user1@corp.com
2026-05-18 20:39:37 [http-nio-8087-exec-8] DEBUG o.s.security.web.FilterChainProxy - Secured GET /api/notifications/users/30b6bdda-d44a-434c-adb8-5c8192cc5302
2026-05-18 20:39:37 [http-nio-8087-exec-8] DEBUG o.s.s.a.m.AuthorizationManagerBeforeMethodInterceptor - Authorizing method invocation ReflectiveMethodInvocation: public org.springframework.http.ResponseEntity com.cognizant.notificationservice.adapter.web.controller.NotificationController.getUserNotifications(java.util.UUID,org.springframework.data.domain.Pageable); target is of class [com.cognizant.notificationservice.adapter.web.controller.NotificationController]
2026-05-18 20:39:37 [http-nio-8087-exec-8] DEBUG o.s.s.a.m.AuthorizationManagerBeforeMethodInterceptor - Failed to authorize ReflectiveMethodInvocation: public org.springframework.http.ResponseEntity com.cognizant.notificationservice.adapter.web.controller.NotificationController.getUserNotifications(java.util.UUID,org.springframework.data.domain.Pageable); target is of class [com.cognizant.notificationservice.adapter.web.controller.NotificationController] with authorization manager org.springframework.security.config.annotation.method.configuration.DeferringObservationAuthorizationManager@530eb7fa and decision ExpressionAuthorizationDecision [granted=false, expressionAttribute=hasAnyRole('USER', 'ENGINEER', 'MANAGER', 'ADMIN')]
2026-05-18 20:39:37 [http-nio-8087-exec-8] ERROR c.c.n.a.w.e.GlobalExceptionHandler - Access denied: Access Denied
2026-05-18 20:39:37 [http-nio-8087-exec-9] DEBUG o.s.security.web.FilterChainProxy - Securing GET /api/notifications/users/30b6bdda-d44a-434c-adb8-5c8192cc5302
2026-05-18 20:39:37 [http-nio-8087-exec-9] DEBUG c.c.n.i.s.JwtAuthenticationFilter - Set authentication for user: test_user1@corp.com
2026-05-18 20:39:37 [http-nio-8087-exec-9] DEBUG o.s.security.web.FilterChainProxy - Secured GET /api/notifications/users/30b6bdda-d44a-434c-adb8-5c8192cc5302
2026-05-18 20:39:37 [http-nio-8087-exec-9] DEBUG o.s.s.a.m.AuthorizationManagerBeforeMethodInterceptor - Authorizing method invocation ReflectiveMethodInvocation: public org.springframework.http.ResponseEntity com.cognizant.notificationservice.adapter.web.controller.NotificationController.getUserNotifications(java.util.UUID,org.springframework.data.domain.Pageable); target is of class [com.cognizant.notificationservice.adapter.web.controller.NotificationController]
2026-05-18 20:39:37 [http-nio-8087-exec-9] DEBUG o.s.s.a.m.AuthorizationManagerBeforeMethodInterceptor - Failed to authorize ReflectiveMethodInvocation: public org.springframework.http.ResponseEntity com.cognizant.notificationservice.adapter.web.controller.NotificationController.getUserNotifications(java.util.UUID,org.springframework.data.domain.Pageable); target is of class [com.cognizant.notificationservice.adapter.web.controller.NotificationController] with authorization manager org.springframework.security.config.annotation.method.configuration.DeferringObservationAuthorizationManager@530eb7fa and decision ExpressionAuthorizationDecision [granted=false, expressionAttribute=hasAnyRole('USER', 'ENGINEER', 'MANAGER', 'ADMIN')]
2026-05-18 20:39:37 [http-nio-8087-exec-9] ERROR c.c.n.a.w.e.GlobalExceptionHandler - Access denied: Access Denied
2026-05-18 20:39:42 [http-nio-8087-exec-2] DEBUG o.s.security.web.FilterChainProxy - Securing GET /ws/notifications/info?t=1779116982565
2026-05-18 20:39:42 [http-nio-8087-exec-2] DEBUG o.s.s.w.a.AnonymousAuthenticationFilter - Set SecurityContextHolder to anonymous SecurityContext
2026-05-18 20:39:42 [http-nio-8087-exec-2] ERROR c.c.n.i.s.JwtAuthenticationEntryPoint - Unauthorized error: Full authentication is required to access this resource
2026-05-18 20:39:47 [http-nio-8087-exec-10] DEBUG o.s.security.web.FilterChainProxy - Securing GET /ws/notifications/info?t=1779116987574
2026-05-18 20:39:47 [http-nio-8087-exec-10] DEBUG o.s.s.w.a.AnonymousAuthenticationFilter - Set SecurityContextHolder to anonymous SecurityContext
2026-05-18 20:39:47 [http-nio-8087-exec-10] ERROR c.c.n.i.s.JwtAuthenticationEntryPoint - Unauthorized error: Full authentication is required to access this resource
2026-05-18 20:39:52 [http-nio-8087-exec-1] DEBUG o.s.security.web.FilterChainProxy - Securing GET /ws/notifications/info?t=1779116992581
2026-05-18 20:39:52 [http-nio-8087-exec-1] DEBUG o.s.s.w.a.AnonymousAuthenticationFilter - Set SecurityContextHolder to anonymous SecurityContext
2026-05-18 20:39:52 [http-nio-8087-exec-1] ERROR c.c.n.i.s.JwtAuthenticationEntryPoint - Unauthorized error: Full authentication is required to access this resource
2026-05-18 20:39:57 [http-nio-8087-exec-3] DEBUG o.s.security.web.FilterChainProxy - Securing GET /ws/notifications/info?t=1779116997591
2026-05-18 20:39:57 [http-nio-8087-exec-3] DEBUG o.s.s.w.a.AnonymousAuthenticationFilter - Set SecurityContextHolder to anonymous SecurityContext
2026-05-18 20:39:57 [http-nio-8087-exec-3] ERROR c.c.n.i.s.JwtAuthenticationEntryPoint - Unauthorized error: Full authentication is required to access this resource
2026-05-18 20:40:02 [http-nio-8087-exec-4] DEBUG o.s.security.web.FilterChainProxy - Securing GET /ws/notifications/info?t=1779117002600
2026-05-18 20:40:02 [http-nio-8087-exec-4] DEBUG o.s.s.w.a.AnonymousAuthenticationFilter - Set SecurityContextHolder to anonymous SecurityContext
2026-05-18 20:40:02 [http-nio-8087-exec-4] ERROR c.c.n.i.s.JwtAuthenticationEntryPoint - Unauthorized error: Full authentication is required to access this resource
2026-05-18 20:40:07 [http-nio-8087-exec-5] DEBUG o.s.security.web.FilterChainProxy - Securing GET /ws/notifications/info?t=1779117007609
2026-05-18 20:40:07 [http-nio-8087-exec-5] DEBUG o.s.s.w.a.AnonymousAuthenticationFilter - Set SecurityContextHolder to anonymous SecurityContext
2026-05-18 20:40:07 [http-nio-8087-exec-5] ERROR c.c.n.i.s.JwtAuthenticationEntryPoint - Unauthorized error: Full authentication is required to access this resource
2026-05-18 20:40:12 [http-nio-8087-exec-7] DEBUG o.s.security.web.FilterChainProxy - Securing GET /ws/notifications/info?t=1779117012617
2026-05-18 20:40:12 [http-nio-8087-exec-7] DEBUG o.s.s.w.a.AnonymousAuthenticationFilter - Set SecurityContextHolder to anonymous SecurityContext
2026-05-18 20:40:12 [http-nio-8087-exec-7] ERROR c.c.n.i.s.JwtAuthenticationEntryPoint - Unauthorized error: Full authentication is required to access this resource
2026-05-18 20:40:17 [http-nio-8087-exec-6] DEBUG o.s.security.web.FilterChainProxy - Securing GET /ws/notifications/info?t=1779117017627
2026-05-18 20:40:17 [http-nio-8087-exec-6] DEBUG o.s.s.w.a.AnonymousAuthenticationFilter - Set SecurityContextHolder to anonymous SecurityContext
2026-05-18 20:40:17 [http-nio-8087-exec-6] ERROR c.c.n.i.s.JwtAuthenticationEntryPoint - Unauthorized error: Full authentication is required to access this resource
2026-05-18 20:40:22 [http-nio-8087-exec-8] DEBUG o.s.security.web.FilterChainProxy - Securing GET /ws/notifications/info?t=1779117022636
2026-05-18 20:40:22 [http-nio-8087-exec-8] DEBUG o.s.s.w.a.AnonymousAuthenticationFilter - Set SecurityContextHolder to anonymous SecurityContext
2026-05-18 20:40:22 [http-nio-8087-exec-8] ERROR c.c.n.i.s.JwtAuthenticationEntryPoint - Unauthorized error: Full authentication is required to access this resource
2026-05-18 20:40:27 [http-nio-8087-exec-9] DEBUG o.s.security.web.FilterChainProxy - Securing GET /ws/notifications/info?t=1779117027645
2026-05-18 20:40:27 [http-nio-8087-exec-9] DEBUG o.s.s.w.a.AnonymousAuthenticationFilter - Set SecurityContextHolder to anonymous SecurityContext
2026-05-18 20:40:27 [http-nio-8087-exec-9] ERROR c.c.n.i.s.JwtAuthenticationEntryPoint - Unauthorized error: Full authentication is required to access this resource
2026-05-18 20:40:32 [http-nio-8087-exec-2] DEBUG o.s.security.web.FilterChainProxy - Securing GET /ws/notifications/info?t=1779117032654
2026-05-18 20:40:32 [http-nio-8087-exec-2] DEBUG o.s.s.w.a.AnonymousAuthenticationFilter - Set SecurityContextHolder to anonymous SecurityContext
2026-05-18 20:40:32 [http-nio-8087-exec-2] ERROR c.c.n.i.s.JwtAuthenticationEntryPoint - Unauthorized error: Full authentication is required to access this resource
2026-05-18 20:40:37 [http-nio-8087-exec-10] DEBUG o.s.security.web.FilterChainProxy - Securing GET /ws/notifications/info?t=1779117037663
2026-05-18 20:40:37 [http-nio-8087-exec-10] DEBUG o.s.s.w.a.AnonymousAuthenticationFilter - Set SecurityContextHolder to anonymous SecurityContext
2026-05-18 20:40:37 [http-nio-8087-exec-10] ERROR c.c.n.i.s.JwtAuthenticationEntryPoint - Unauthorized error: Full authentication is required to access this resource
2026-05-18 20:40:42 [http-nio-8087-exec-4] DEBUG o.s.security.web.FilterChainProxy - Securing GET /ws/notifications/info?t=1779117042668
2026-05-18 20:40:42 [http-nio-8087-exec-4] DEBUG o.s.s.w.a.AnonymousAuthenticationFilter - Set SecurityContextHolder to anonymous SecurityContext
2026-05-18 20:40:42 [http-nio-8087-exec-4] ERROR c.c.n.i.s.JwtAuthenticationEntryPoint - Unauthorized error: Full authentication is required to access this resource
2026-05-18 20:40:47 [http-nio-8087-exec-5] DEBUG o.s.security.web.FilterChainProxy - Securing GET /ws/notifications/info?t=1779117047676
2026-05-18 20:40:47 [http-nio-8087-exec-5] DEBUG o.s.s.w.a.AnonymousAuthenticationFilter - Set SecurityContextHolder to anonymous SecurityContext
2026-05-18 20:40:47 [http-nio-8087-exec-5] ERROR c.c.n.i.s.JwtAuthenticationEntryPoint - Unauthorized error: Full authentication is required to access this resource
2026-05-18 20:40:52 [http-nio-8087-exec-7] DEBUG o.s.security.web.FilterChainProxy - Securing GET /ws/notifications/info?t=1779117052841
2026-05-18 20:40:52 [http-nio-8087-exec-7] DEBUG o.s.s.w.a.AnonymousAuthenticationFilter - Set SecurityContextHolder to anonymous SecurityContext
2026-05-18 20:40:52 [http-nio-8087-exec-7] ERROR c.c.n.i.s.JwtAuthenticationEntryPoint - Unauthorized error: Full authentication is required to access this resource
2026-05-18 20:40:58 [http-nio-8087-exec-6] DEBUG o.s.security.web.FilterChainProxy - Securing GET /ws/notifications/info?t=1779117058840
2026-05-18 20:40:58 [http-nio-8087-exec-6] DEBUG o.s.s.w.a.AnonymousAuthenticationFilter - Set SecurityContextHolder to anonymous SecurityContext
2026-05-18 20:40:58 [http-nio-8087-exec-6] ERROR c.c.n.i.s.JwtAuthenticationEntryPoint - Unauthorized error: Full authentication is required to access this resource
2026-05-18 20:41:04 [http-nio-8087-exec-8] DEBUG o.s.security.web.FilterChainProxy - Securing GET /ws/notifications/info?t=1779117064841
2026-05-18 20:41:04 [http-nio-8087-exec-8] DEBUG o.s.s.w.a.AnonymousAuthenticationFilter - Set SecurityContextHolder to anonymous SecurityContext
2026-05-18 20:41:04 [http-nio-8087-exec-8] ERROR c.c.n.i.s.JwtAuthenticationEntryPoint - Unauthorized error: Full authentication is required to access this resource
2026-05-18 20:41:10 [http-nio-8087-exec-9] DEBUG o.s.security.web.FilterChainProxy - Securing GET /ws/notifications/info?t=1779117070841
2026-05-18 20:41:10 [http-nio-8087-exec-9] DEBUG o.s.s.w.a.AnonymousAuthenticationFilter - Set SecurityContextHolder to anonymous SecurityContext
2026-05-18 20:41:10 [http-nio-8087-exec-9] ERROR c.c.n.i.s.JwtAuthenticationEntryPoint - Unauthorized error: Full authentication is required to access this resource
2026-05-18 20:41:16 [http-nio-8087-exec-2] DEBUG o.s.security.web.FilterChainProxy - Securing GET /ws/notifications/info?t=1779117076841
2026-05-18 20:41:16 [http-nio-8087-exec-2] DEBUG o.s.s.w.a.AnonymousAuthenticationFilter - Set SecurityContextHolder to anonymous SecurityContext
2026-05-18 20:41:16 [http-nio-8087-exec-2] ERROR c.c.n.i.s.JwtAuthenticationEntryPoint - Unauthorized error: Full authentication is required to access this resource
2026-05-18 20:41:22 [http-nio-8087-exec-10] DEBUG o.s.security.web.FilterChainProxy - Securing GET /ws/notifications/info?t=1779117082841
2026-05-18 20:41:22 [http-nio-8087-exec-10] DEBUG o.s.s.w.a.AnonymousAuthenticationFilter - Set SecurityContextHolder to anonymous SecurityContext
2026-05-18 20:41:22 [http-nio-8087-exec-10] ERROR c.c.n.i.s.JwtAuthenticationEntryPoint - Unauthorized error: Full authentication is required to access this resource
2026-05-18 20:41:28 [http-nio-8087-exec-3] DEBUG o.s.security.web.FilterChainProxy - Securing GET /ws/notifications/info?t=1779117088841
2026-05-18 20:41:28 [http-nio-8087-exec-3] DEBUG o.s.s.w.a.AnonymousAuthenticationFilter - Set SecurityContextHolder to anonymous SecurityContext
2026-05-18 20:41:28 [http-nio-8087-exec-3] ERROR c.c.n.i.s.JwtAuthenticationEntryPoint - Unauthorized error: Full authentication is required to access this resource
2026-05-18 20:41:34 [http-nio-8087-exec-1] DEBUG o.s.security.web.FilterChainProxy - Securing GET /ws/notifications/info?t=1779117094841
2026-05-18 20:41:34 [http-nio-8087-exec-1] DEBUG o.s.s.w.a.AnonymousAuthenticationFilter - Set SecurityContextHolder to anonymous SecurityContext
2026-05-18 20:41:34 [http-nio-8087-exec-1] ERROR c.c.n.i.s.JwtAuthenticationEntryPoint - Unauthorized error: Full authentication is required to access this resource
2026-05-18 20:41:40 [http-nio-8087-exec-4] DEBUG o.s.security.web.FilterChainProxy - Securing GET /ws/notifications/info?t=1779117100841
2026-05-18 20:41:40 [http-nio-8087-exec-4] DEBUG o.s.s.w.a.AnonymousAuthenticationFilter - Set SecurityContextHolder to anonymous SecurityContext
2026-05-18 20:41:40 [http-nio-8087-exec-4] ERROR c.c.n.i.s.JwtAuthenticationEntryPoint - Unauthorized error: Full authentication is required to access this resource
2026-05-18 20:41:46 [http-nio-8087-exec-5] DEBUG o.s.security.web.FilterChainProxy - Securing GET /ws/notifications/info?t=1779117106841
2026-05-18 20:41:46 [http-nio-8087-exec-5] DEBUG o.s.s.w.a.AnonymousAuthenticationFilter - Set SecurityContextHolder to anonymous SecurityContext
2026-05-18 20:41:46 [http-nio-8087-exec-5] ERROR c.c.n.i.s.JwtAuthenticationEntryPoint - Unauthorized error: Full authentication is required to access this resource
2026-05-18 20:41:52 [http-nio-8087-exec-7] DEBUG o.s.security.web.FilterChainProxy - Securing GET /ws/notifications/info?t=1779117112840
2026-05-18 20:41:52 [http-nio-8087-exec-7] DEBUG o.s.s.w.a.AnonymousAuthenticationFilter - Set SecurityContextHolder to anonymous SecurityContext
2026-05-18 20:41:52 [http-nio-8087-exec-7] ERROR c.c.n.i.s.JwtAuthenticationEntryPoint - Unauthorized error: Full authentication is required to access this resource
2026-05-18 20:41:58 [http-nio-8087-exec-6] DEBUG o.s.security.web.FilterChainProxy - Securing GET /ws/notifications/info?t=1779117118841
2026-05-18 20:41:58 [http-nio-8087-exec-6] DEBUG o.s.s.w.a.AnonymousAuthenticationFilter - Set SecurityContextHolder to anonymous SecurityContext
2026-05-18 20:41:58 [http-nio-8087-exec-6] ERROR c.c.n.i.s.JwtAuthenticationEntryPoint - Unauthorized error: Full authentication is required to access this resource
2026-05-18 20:42:04 [http-nio-8087-exec-8] DEBUG o.s.security.web.FilterChainProxy - Securing GET /ws/notifications/info?t=1779117124841
2026-05-18 20:42:04 [http-nio-8087-exec-8] DEBUG o.s.s.w.a.AnonymousAuthenticationFilter - Set SecurityContextHolder to anonymous SecurityContext
2026-05-18 20:42:04 [http-nio-8087-exec-8] ERROR c.c.n.i.s.JwtAuthenticationEntryPoint - Unauthorized error: Full authentication is required to access this resource
2026-05-18 20:42:10 [http-nio-8087-exec-9] DEBUG o.s.security.web.FilterChainProxy - Securing GET /ws/notifications/info?t=1779117130841
2026-05-18 20:42:10 [http-nio-8087-exec-9] DEBUG o.s.s.w.a.AnonymousAuthenticationFilter - Set SecurityContextHolder to anonymous SecurityContext
2026-05-18 20:42:10 [http-nio-8087-exec-9] ERROR c.c.n.i.s.JwtAuthenticationEntryPoint - Unauthorized error: Full authentication is required to access this resource
2026-05-18 20:42:16 [http-nio-8087-exec-2] DEBUG o.s.security.web.FilterChainProxy - Securing GET /ws/notifications/info?t=1779117136841
2026-05-18 20:42:16 [http-nio-8087-exec-2] DEBUG o.s.s.w.a.AnonymousAuthenticationFilter - Set SecurityContextHolder to anonymous SecurityContext
2026-05-18 20:42:16 [http-nio-8087-exec-2] ERROR c.c.n.i.s.JwtAuthenticationEntryPoint - Unauthorized error: Full authentication is required to access this resource
2026-05-18 20:42:22 [http-nio-8087-exec-10] DEBUG o.s.security.web.FilterChainProxy - Securing GET /ws/notifications/info?t=1779117142841
2026-05-18 20:42:22 [http-nio-8087-exec-10] DEBUG o.s.s.w.a.AnonymousAuthenticationFilter - Set SecurityContextHolder to anonymous SecurityContext
2026-05-18 20:42:22 [http-nio-8087-exec-10] ERROR c.c.n.i.s.JwtAuthenticationEntryPoint - Unauthorized error: Full authentication is required to access this resource
2026-05-18 20:42:28 [http-nio-8087-exec-3] DEBUG o.s.security.web.FilterChainProxy - Securing GET /ws/notifications/info?t=1779117148394
2026-05-18 20:42:28 [http-nio-8087-exec-3] DEBUG o.s.s.w.a.AnonymousAuthenticationFilter - Set SecurityContextHolder to anonymous SecurityContext
2026-05-18 20:42:28 [http-nio-8087-exec-3] ERROR c.c.n.i.s.JwtAuthenticationEntryPoint - Unauthorized error: Full authentication is required to access this resource
2026-05-18 20:42:33 [http-nio-8087-exec-1] DEBUG o.s.security.web.FilterChainProxy - Securing GET /ws/notifications/info?t=1779117153405
2026-05-18 20:42:33 [http-nio-8087-exec-1] DEBUG o.s.s.w.a.AnonymousAuthenticationFilter - Set SecurityContextHolder to anonymous SecurityContext
2026-05-18 20:42:33 [http-nio-8087-exec-1] ERROR c.c.n.i.s.JwtAuthenticationEntryPoint - Unauthorized error: Full authentication is required to access this resource
2026-05-18 20:42:38 [http-nio-8087-exec-4] DEBUG o.s.security.web.FilterChainProxy - Securing GET /ws/notifications/info?t=1779117158418
2026-05-18 20:42:38 [http-nio-8087-exec-4] DEBUG o.s.s.w.a.AnonymousAuthenticationFilter - Set SecurityContextHolder to anonymous SecurityContext
2026-05-18 20:42:38 [http-nio-8087-exec-4] ERROR c.c.n.i.s.JwtAuthenticationEntryPoint - Unauthorized error: Full authentication is required to access this resource
2026-05-18 20:42:43 [http-nio-8087-exec-5] DEBUG o.s.security.web.FilterChainProxy - Securing GET /ws/notifications/info?t=1779117163428
2026-05-18 20:42:43 [http-nio-8087-exec-5] DEBUG o.s.s.w.a.AnonymousAuthenticationFilter - Set SecurityContextHolder to anonymous SecurityContext
2026-05-18 20:42:43 [http-nio-8087-exec-5] ERROR c.c.n.i.s.JwtAuthenticationEntryPoint - Unauthorized error: Full authentication is required to access this resource
2026-05-18 20:43:37 [http-nio-8087-exec-7] DEBUG o.s.security.web.FilterChainProxy - Securing GET /ws/notifications/info?t=1779117216978
2026-05-18 20:43:37 [http-nio-8087-exec-7] DEBUG o.s.s.w.a.AnonymousAuthenticationFilter - Set SecurityContextHolder to anonymous SecurityContext
2026-05-18 20:43:37 [http-nio-8087-exec-7] ERROR c.c.n.i.s.JwtAuthenticationEntryPoint - Unauthorized error: Full authentication is required to access this resource
2026-05-18 20:43:37 [http-nio-8087-exec-6] DEBUG o.s.security.web.FilterChainProxy - Securing GET /api/notifications/users/1fc095fe-32f8-4869-92aa-abfbb3955693/unread-count
2026-05-18 20:43:37 [http-nio-8087-exec-8] DEBUG o.s.security.web.FilterChainProxy - Securing GET /api/notifications/users/1fc095fe-32f8-4869-92aa-abfbb3955693
2026-05-18 20:43:37 [http-nio-8087-exec-6] DEBUG c.c.n.i.s.JwtAuthenticationFilter - Set authentication for user: test_user2@corp.com
2026-05-18 20:43:37 [http-nio-8087-exec-8] DEBUG c.c.n.i.s.JwtAuthenticationFilter - Set authentication for user: test_user2@corp.com
2026-05-18 20:43:37 [http-nio-8087-exec-8] DEBUG o.s.security.web.FilterChainProxy - Secured GET /api/notifications/users/1fc095fe-32f8-4869-92aa-abfbb3955693
2026-05-18 20:43:37 [http-nio-8087-exec-6] DEBUG o.s.security.web.FilterChainProxy - Secured GET /api/notifications/users/1fc095fe-32f8-4869-92aa-abfbb3955693/unread-count
2026-05-18 20:43:37 [http-nio-8087-exec-6] DEBUG o.s.s.a.m.AuthorizationManagerBeforeMethodInterceptor - Authorizing method invocation ReflectiveMethodInvocation: public org.springframework.http.ResponseEntity com.cognizant.notificationservice.adapter.web.controller.NotificationController.getUnreadCount(java.util.UUID); target is of class [com.cognizant.notificationservice.adapter.web.controller.NotificationController]
2026-05-18 20:43:37 [http-nio-8087-exec-8] DEBUG o.s.s.a.m.AuthorizationManagerBeforeMethodInterceptor - Authorizing method invocation ReflectiveMethodInvocation: public org.springframework.http.ResponseEntity com.cognizant.notificationservice.adapter.web.controller.NotificationController.getUserNotifications(java.util.UUID,org.springframework.data.domain.Pageable); target is of class [com.cognizant.notificationservice.adapter.web.controller.NotificationController]
2026-05-18 20:43:37 [http-nio-8087-exec-8] DEBUG o.s.s.a.m.AuthorizationManagerBeforeMethodInterceptor - Failed to authorize ReflectiveMethodInvocation: public org.springframework.http.ResponseEntity com.cognizant.notificationservice.adapter.web.controller.NotificationController.getUserNotifications(java.util.UUID,org.springframework.data.domain.Pageable); target is of class [com.cognizant.notificationservice.adapter.web.controller.NotificationController] with authorization manager org.springframework.security.config.annotation.method.configuration.DeferringObservationAuthorizationManager@530eb7fa and decision ExpressionAuthorizationDecision [granted=false, expressionAttribute=hasAnyRole('USER', 'ENGINEER', 'MANAGER', 'ADMIN')]
2026-05-18 20:43:37 [http-nio-8087-exec-6] DEBUG o.s.s.a.m.AuthorizationManagerBeforeMethodInterceptor - Failed to authorize ReflectiveMethodInvocation: public org.springframework.http.ResponseEntity com.cognizant.notificationservice.adapter.web.controller.NotificationController.getUnreadCount(java.util.UUID); target is of class [com.cognizant.notificationservice.adapter.web.controller.NotificationController] with authorization manager org.springframework.security.config.annotation.method.configuration.DeferringObservationAuthorizationManager@530eb7fa and decision ExpressionAuthorizationDecision [granted=false, expressionAttribute=hasAnyRole('USER', 'ENGINEER', 'MANAGER', 'ADMIN')]
2026-05-18 20:43:37 [http-nio-8087-exec-8] ERROR c.c.n.a.w.e.GlobalExceptionHandler - Access denied: Access Denied
2026-05-18 20:43:37 [http-nio-8087-exec-6] ERROR c.c.n.a.w.e.GlobalExceptionHandler - Access denied: Access Denied
2026-05-18 20:43:37 [http-nio-8087-exec-9] DEBUG o.s.security.web.FilterChainProxy - Securing GET /api/notifications/users/1fc095fe-32f8-4869-92aa-abfbb3955693
2026-05-18 20:43:37 [http-nio-8087-exec-9] DEBUG c.c.n.i.s.JwtAuthenticationFilter - Set authentication for user: test_user2@corp.com
2026-05-18 20:43:37 [http-nio-8087-exec-9] DEBUG o.s.security.web.FilterChainProxy - Secured GET /api/notifications/users/1fc095fe-32f8-4869-92aa-abfbb3955693
2026-05-18 20:43:37 [http-nio-8087-exec-9] DEBUG o.s.s.a.m.AuthorizationManagerBeforeMethodInterceptor - Authorizing method invocation ReflectiveMethodInvocation: public org.springframework.http.ResponseEntity com.cognizant.notificationservice.adapter.web.controller.NotificationController.getUserNotifications(java.util.UUID,org.springframework.data.domain.Pageable); target is of class [com.cognizant.notificationservice.adapter.web.controller.NotificationController]
2026-05-18 20:43:37 [http-nio-8087-exec-9] DEBUG o.s.s.a.m.AuthorizationManagerBeforeMethodInterceptor - Failed to authorize ReflectiveMethodInvocation: public org.springframework.http.ResponseEntity com.cognizant.notificationservice.adapter.web.controller.NotificationController.getUserNotifications(java.util.UUID,org.springframework.data.domain.Pageable); target is of class [com.cognizant.notificationservice.adapter.web.controller.NotificationController] with authorization manager org.springframework.security.config.annotation.method.configuration.DeferringObservationAuthorizationManager@530eb7fa and decision ExpressionAuthorizationDecision [granted=false, expressionAttribute=hasAnyRole('USER', 'ENGINEER', 'MANAGER', 'ADMIN')]
2026-05-18 20:43:37 [http-nio-8087-exec-9] ERROR c.c.n.a.w.e.GlobalExceptionHandler - Access denied: Access Denied
2026-05-18 20:43:37 [http-nio-8087-exec-2] DEBUG o.s.security.web.FilterChainProxy - Securing GET /api/notifications/users/1fc095fe-32f8-4869-92aa-abfbb3955693
2026-05-18 20:43:37 [http-nio-8087-exec-2] DEBUG c.c.n.i.s.JwtAuthenticationFilter - Set authentication for user: test_user2@corp.com
2026-05-18 20:43:37 [http-nio-8087-exec-2] DEBUG o.s.security.web.FilterChainProxy - Secured GET /api/notifications/users/1fc095fe-32f8-4869-92aa-abfbb3955693
2026-05-18 20:43:37 [http-nio-8087-exec-2] DEBUG o.s.s.a.m.AuthorizationManagerBeforeMethodInterceptor - Authorizing method invocation ReflectiveMethodInvocation: public org.springframework.http.ResponseEntity com.cognizant.notificationservice.adapter.web.controller.NotificationController.getUserNotifications(java.util.UUID,org.springframework.data.domain.Pageable); target is of class [com.cognizant.notificationservice.adapter.web.controller.NotificationController]
2026-05-18 20:43:37 [http-nio-8087-exec-2] DEBUG o.s.s.a.m.AuthorizationManagerBeforeMethodInterceptor - Failed to authorize ReflectiveMethodInvocation: public org.springframework.http.ResponseEntity com.cognizant.notificationservice.adapter.web.controller.NotificationController.getUserNotifications(java.util.UUID,org.springframework.data.domain.Pageable); target is of class [com.cognizant.notificationservice.adapter.web.controller.NotificationController] with authorization manager org.springframework.security.config.annotation.method.configuration.DeferringObservationAuthorizationManager@530eb7fa and decision ExpressionAuthorizationDecision [granted=false, expressionAttribute=hasAnyRole('USER', 'ENGINEER', 'MANAGER', 'ADMIN')]
2026-05-18 20:43:37 [http-nio-8087-exec-2] ERROR c.c.n.a.w.e.GlobalExceptionHandler - Access denied: Access Denied
2026-05-18 20:43:42 [http-nio-8087-exec-10] DEBUG o.s.security.web.FilterChainProxy - Securing GET /ws/notifications/info?t=1779117222004
2026-05-18 20:43:42 [http-nio-8087-exec-10] DEBUG o.s.s.w.a.AnonymousAuthenticationFilter - Set SecurityContextHolder to anonymous SecurityContext
2026-05-18 20:43:42 [http-nio-8087-exec-10] ERROR c.c.n.i.s.JwtAuthenticationEntryPoint - Unauthorized error: Full authentication is required to access this resource
2026-05-18 20:43:47 [http-nio-8087-exec-3] DEBUG o.s.security.web.FilterChainProxy - Securing GET /ws/notifications/info?t=1779117227014
2026-05-18 20:43:47 [http-nio-8087-exec-3] DEBUG o.s.s.w.a.AnonymousAuthenticationFilter - Set SecurityContextHolder to anonymous SecurityContext
2026-05-18 20:43:47 [http-nio-8087-exec-3] ERROR c.c.n.i.s.JwtAuthenticationEntryPoint - Unauthorized error: Full authentication is required to access this resource
2026-05-18 20:43:52 [http-nio-8087-exec-1] DEBUG o.s.security.web.FilterChainProxy - Securing GET /ws/notifications/info?t=1779117232024
2026-05-18 20:43:52 [http-nio-8087-exec-1] DEBUG o.s.s.w.a.AnonymousAuthenticationFilter - Set SecurityContextHolder to anonymous SecurityContext
2026-05-18 20:43:52 [http-nio-8087-exec-1] ERROR c.c.n.i.s.JwtAuthenticationEntryPoint - Unauthorized error: Full authentication is required to access this resource
2026-05-18 20:43:54 [http-nio-8087-exec-4] DEBUG o.s.security.web.FilterChainProxy - Securing GET /api/notifications/users/1fc095fe-32f8-4869-92aa-abfbb3955693
2026-05-18 20:43:54 [http-nio-8087-exec-4] DEBUG c.c.n.i.s.JwtAuthenticationFilter - Set authentication for user: test_user2@corp.com
2026-05-18 20:43:54 [http-nio-8087-exec-4] DEBUG o.s.security.web.FilterChainProxy - Secured GET /api/notifications/users/1fc095fe-32f8-4869-92aa-abfbb3955693
2026-05-18 20:43:54 [http-nio-8087-exec-4] DEBUG o.s.s.a.m.AuthorizationManagerBeforeMethodInterceptor - Authorizing method invocation ReflectiveMethodInvocation: public org.springframework.http.ResponseEntity com.cognizant.notificationservice.adapter.web.controller.NotificationController.getUserNotifications(java.util.UUID,org.springframework.data.domain.Pageable); target is of class [com.cognizant.notificationservice.adapter.web.controller.NotificationController]
2026-05-18 20:43:54 [http-nio-8087-exec-4] DEBUG o.s.s.a.m.AuthorizationManagerBeforeMethodInterceptor - Failed to authorize ReflectiveMethodInvocation: public org.springframework.http.ResponseEntity com.cognizant.notificationservice.adapter.web.controller.NotificationController.getUserNotifications(java.util.UUID,org.springframework.data.domain.Pageable); target is of class [com.cognizant.notificationservice.adapter.web.controller.NotificationController] with authorization manager org.springframework.security.config.annotation.method.configuration.DeferringObservationAuthorizationManager@530eb7fa and decision ExpressionAuthorizationDecision [granted=false, expressionAttribute=hasAnyRole('USER', 'ENGINEER', 'MANAGER', 'ADMIN')]
2026-05-18 20:43:54 [http-nio-8087-exec-4] ERROR c.c.n.a.w.e.GlobalExceptionHandler - Access denied: Access Denied
2026-05-18 20:43:54 [http-nio-8087-exec-5] DEBUG o.s.security.web.FilterChainProxy - Securing GET /api/notifications/users/1fc095fe-32f8-4869-92aa-abfbb3955693
2026-05-18 20:43:54 [http-nio-8087-exec-5] DEBUG c.c.n.i.s.JwtAuthenticationFilter - Set authentication for user: test_user2@corp.com
2026-05-18 20:43:54 [http-nio-8087-exec-5] DEBUG o.s.security.web.FilterChainProxy - Secured GET /api/notifications/users/1fc095fe-32f8-4869-92aa-abfbb3955693
2026-05-18 20:43:54 [http-nio-8087-exec-5] DEBUG o.s.s.a.m.AuthorizationManagerBeforeMethodInterceptor - Authorizing method invocation ReflectiveMethodInvocation: public org.springframework.http.ResponseEntity com.cognizant.notificationservice.adapter.web.controller.NotificationController.getUserNotifications(java.util.UUID,org.springframework.data.domain.Pageable); target is of class [com.cognizant.notificationservice.adapter.web.controller.NotificationController]
2026-05-18 20:43:54 [http-nio-8087-exec-5] DEBUG o.s.s.a.m.AuthorizationManagerBeforeMethodInterceptor - Failed to authorize ReflectiveMethodInvocation: public org.springframework.http.ResponseEntity com.cognizant.notificationservice.adapter.web.controller.NotificationController.getUserNotifications(java.util.UUID,org.springframework.data.domain.Pageable); target is of class [com.cognizant.notificationservice.adapter.web.controller.NotificationController] with authorization manager org.springframework.security.config.annotation.method.configuration.DeferringObservationAuthorizationManager@530eb7fa and decision ExpressionAuthorizationDecision [granted=false, expressionAttribute=hasAnyRole('USER', 'ENGINEER', 'MANAGER', 'ADMIN')]
2026-05-18 20:43:54 [http-nio-8087-exec-5] ERROR c.c.n.a.w.e.GlobalExceptionHandler - Access denied: Access Denied
2026-05-18 20:43:57 [http-nio-8087-exec-7] DEBUG o.s.security.web.FilterChainProxy - Securing GET /ws/notifications/info?t=1779117237032
2026-05-18 20:43:57 [http-nio-8087-exec-7] DEBUG o.s.s.w.a.AnonymousAuthenticationFilter - Set SecurityContextHolder to anonymous SecurityContext
2026-05-18 20:43:57 [http-nio-8087-exec-7] ERROR c.c.n.i.s.JwtAuthenticationEntryPoint - Unauthorized error: Full authentication is required to access this resource
2026-05-18 20:44:02 [http-nio-8087-exec-6] DEBUG o.s.security.web.FilterChainProxy - Securing GET /ws/notifications/info?t=1779117242039
2026-05-18 20:44:02 [http-nio-8087-exec-6] DEBUG o.s.s.w.a.AnonymousAuthenticationFilter - Set SecurityContextHolder to anonymous SecurityContext
2026-05-18 20:44:02 [http-nio-8087-exec-6] ERROR c.c.n.i.s.JwtAuthenticationEntryPoint - Unauthorized error: Full authentication is required to access this resource
2026-05-18 20:44:04 [http-nio-8087-exec-8] DEBUG o.s.security.web.FilterChainProxy - Securing GET /api/notifications/users/1fc095fe-32f8-4869-92aa-abfbb3955693
2026-05-18 20:44:04 [http-nio-8087-exec-8] DEBUG c.c.n.i.s.JwtAuthenticationFilter - Set authentication for user: test_user2@corp.com
2026-05-18 20:44:04 [http-nio-8087-exec-8] DEBUG o.s.security.web.FilterChainProxy - Secured GET /api/notifications/users/1fc095fe-32f8-4869-92aa-abfbb3955693
2026-05-18 20:44:04 [http-nio-8087-exec-8] DEBUG o.s.s.a.m.AuthorizationManagerBeforeMethodInterceptor - Authorizing method invocation ReflectiveMethodInvocation: public org.springframework.http.ResponseEntity com.cognizant.notificationservice.adapter.web.controller.NotificationController.getUserNotifications(java.util.UUID,org.springframework.data.domain.Pageable); target is of class [com.cognizant.notificationservice.adapter.web.controller.NotificationController]
2026-05-18 20:44:04 [http-nio-8087-exec-8] DEBUG o.s.s.a.m.AuthorizationManagerBeforeMethodInterceptor - Failed to authorize ReflectiveMethodInvocation: public org.springframework.http.ResponseEntity com.cognizant.notificationservice.adapter.web.controller.NotificationController.getUserNotifications(java.util.UUID,org.springframework.data.domain.Pageable); target is of class [com.cognizant.notificationservice.adapter.web.controller.NotificationController] with authorization manager org.springframework.security.config.annotation.method.configuration.DeferringObservationAuthorizationManager@530eb7fa and decision ExpressionAuthorizationDecision [granted=false, expressionAttribute=hasAnyRole('USER', 'ENGINEER', 'MANAGER', 'ADMIN')]
2026-05-18 20:44:04 [http-nio-8087-exec-8] ERROR c.c.n.a.w.e.GlobalExceptionHandler - Access denied: Access Denied
2026-05-18 20:44:04 [http-nio-8087-exec-9] DEBUG o.s.security.web.FilterChainProxy - Securing GET /api/notifications/users/1fc095fe-32f8-4869-92aa-abfbb3955693
2026-05-18 20:44:04 [http-nio-8087-exec-9] DEBUG c.c.n.i.s.JwtAuthenticationFilter - Set authentication for user: test_user2@corp.com
2026-05-18 20:44:04 [http-nio-8087-exec-9] DEBUG o.s.security.web.FilterChainProxy - Secured GET /api/notifications/users/1fc095fe-32f8-4869-92aa-abfbb3955693
2026-05-18 20:44:04 [http-nio-8087-exec-9] DEBUG o.s.s.a.m.AuthorizationManagerBeforeMethodInterceptor - Authorizing method invocation ReflectiveMethodInvocation: public org.springframework.http.ResponseEntity com.cognizant.notificationservice.adapter.web.controller.NotificationController.getUserNotifications(java.util.UUID,org.springframework.data.domain.Pageable); target is of class [com.cognizant.notificationservice.adapter.web.controller.NotificationController]
2026-05-18 20:44:04 [http-nio-8087-exec-9] DEBUG o.s.s.a.m.AuthorizationManagerBeforeMethodInterceptor - Failed to authorize ReflectiveMethodInvocation: public org.springframework.http.ResponseEntity com.cognizant.notificationservice.adapter.web.controller.NotificationController.getUserNotifications(java.util.UUID,org.springframework.data.domain.Pageable); target is of class [com.cognizant.notificationservice.adapter.web.controller.NotificationController] with authorization manager org.springframework.security.config.annotation.method.configuration.DeferringObservationAuthorizationManager@530eb7fa and decision ExpressionAuthorizationDecision [granted=false, expressionAttribute=hasAnyRole('USER', 'ENGINEER', 'MANAGER', 'ADMIN')]
2026-05-18 20:44:04 [http-nio-8087-exec-9] ERROR c.c.n.a.w.e.GlobalExceptionHandler - Access denied: Access Denied
2026-05-18 20:44:07 [http-nio-8087-exec-2] DEBUG o.s.security.web.FilterChainProxy - Securing GET /ws/notifications/info?t=1779117247049
2026-05-18 20:44:07 [http-nio-8087-exec-2] DEBUG o.s.s.w.a.AnonymousAuthenticationFilter - Set SecurityContextHolder to anonymous SecurityContext
2026-05-18 20:44:07 [http-nio-8087-exec-2] ERROR c.c.n.i.s.JwtAuthenticationEntryPoint - Unauthorized error: Full authentication is required to access this resource
2026-05-18 20:44:12 [http-nio-8087-exec-10] DEBUG o.s.security.web.FilterChainProxy - Securing GET /ws/notifications/info?t=1779117252841
2026-05-18 20:44:12 [http-nio-8087-exec-10] DEBUG o.s.s.w.a.AnonymousAuthenticationFilter - Set SecurityContextHolder to anonymous SecurityContext
2026-05-18 20:44:12 [http-nio-8087-exec-10] ERROR c.c.n.i.s.JwtAuthenticationEntryPoint - Unauthorized error: Full authentication is required to access this resource
2026-05-18 20:44:18 [http-nio-8087-exec-3] DEBUG o.s.security.web.FilterChainProxy - Securing GET /ws/notifications/info?t=1779117258842
2026-05-18 20:44:18 [http-nio-8087-exec-3] DEBUG o.s.s.w.a.AnonymousAuthenticationFilter - Set SecurityContextHolder to anonymous SecurityContext
2026-05-18 20:44:18 [http-nio-8087-exec-3] ERROR c.c.n.i.s.JwtAuthenticationEntryPoint - Unauthorized error: Full authentication is required to access this resource
2026-05-18 20:44:24 [http-nio-8087-exec-1] DEBUG o.s.security.web.FilterChainProxy - Securing GET /ws/notifications/info?t=1779117264840
2026-05-18 20:44:24 [http-nio-8087-exec-1] DEBUG o.s.s.w.a.AnonymousAuthenticationFilter - Set SecurityContextHolder to anonymous SecurityContext
2026-05-18 20:44:24 [http-nio-8087-exec-1] ERROR c.c.n.i.s.JwtAuthenticationEntryPoint - Unauthorized error: Full authentication is required to access this resource
2026-05-18 20:44:30 [http-nio-8087-exec-4] DEBUG o.s.security.web.FilterChainProxy - Securing GET /ws/notifications/info?t=1779117270841
2026-05-18 20:44:30 [http-nio-8087-exec-4] DEBUG o.s.s.w.a.AnonymousAuthenticationFilter - Set SecurityContextHolder to anonymous SecurityContext
2026-05-18 20:44:30 [http-nio-8087-exec-4] ERROR c.c.n.i.s.JwtAuthenticationEntryPoint - Unauthorized error: Full authentication is required to access this resource
2026-05-18 20:44:36 [http-nio-8087-exec-5] DEBUG o.s.security.web.FilterChainProxy - Securing GET /ws/notifications/info?t=1779117276841
2026-05-18 20:44:36 [http-nio-8087-exec-5] DEBUG o.s.s.w.a.AnonymousAuthenticationFilter - Set SecurityContextHolder to anonymous SecurityContext
2026-05-18 20:44:36 [http-nio-8087-exec-5] ERROR c.c.n.i.s.JwtAuthenticationEntryPoint - Unauthorized error: Full authentication is required to access this resource
2026-05-18 20:44:42 [http-nio-8087-exec-7] DEBUG o.s.security.web.FilterChainProxy - Securing GET /ws/notifications/info?t=1779117282841
2026-05-18 20:44:42 [http-nio-8087-exec-7] DEBUG o.s.s.w.a.AnonymousAuthenticationFilter - Set SecurityContextHolder to anonymous SecurityContext
2026-05-18 20:44:42 [http-nio-8087-exec-7] ERROR c.c.n.i.s.JwtAuthenticationEntryPoint - Unauthorized error: Full authentication is required to access this resource
2026-05-18 20:44:48 [http-nio-8087-exec-6] DEBUG o.s.security.web.FilterChainProxy - Securing GET /ws/notifications/info?t=1779117288841
2026-05-18 20:44:48 [http-nio-8087-exec-6] DEBUG o.s.s.w.a.AnonymousAuthenticationFilter - Set SecurityContextHolder to anonymous SecurityContext
2026-05-18 20:44:48 [http-nio-8087-exec-6] ERROR c.c.n.i.s.JwtAuthenticationEntryPoint - Unauthorized error: Full authentication is required to access this resource
2026-05-18 20:44:54 [http-nio-8087-exec-8] DEBUG o.s.security.web.FilterChainProxy - Securing GET /ws/notifications/info?t=1779117294841
2026-05-18 20:44:54 [http-nio-8087-exec-8] DEBUG o.s.s.w.a.AnonymousAuthenticationFilter - Set SecurityContextHolder to anonymous SecurityContext
2026-05-18 20:44:54 [http-nio-8087-exec-8] ERROR c.c.n.i.s.JwtAuthenticationEntryPoint - Unauthorized error: Full authentication is required to access this resource
2026-05-18 20:45:00 [http-nio-8087-exec-9] DEBUG o.s.security.web.FilterChainProxy - Securing GET /ws/notifications/info?t=1779117300841
2026-05-18 20:45:00 [http-nio-8087-exec-9] DEBUG o.s.s.w.a.AnonymousAuthenticationFilter - Set SecurityContextHolder to anonymous SecurityContext
2026-05-18 20:45:00 [http-nio-8087-exec-9] ERROR c.c.n.i.s.JwtAuthenticationEntryPoint - Unauthorized error: Full authentication is required to access this resource
2026-05-18 20:45:06 [http-nio-8087-exec-3] DEBUG o.s.security.web.FilterChainProxy - Securing GET /ws/notifications/info?t=1779117306840
2026-05-18 20:45:06 [http-nio-8087-exec-3] DEBUG o.s.s.w.a.AnonymousAuthenticationFilter - Set SecurityContextHolder to anonymous SecurityContext
2026-05-18 20:45:06 [http-nio-8087-exec-3] ERROR c.c.n.i.s.JwtAuthenticationEntryPoint - Unauthorized error: Full authentication is required to access this resource
2026-05-18 20:45:12 [http-nio-8087-exec-1] DEBUG o.s.security.web.FilterChainProxy - Securing GET /ws/notifications/info?t=1779117312841
2026-05-18 20:45:12 [http-nio-8087-exec-1] DEBUG o.s.s.w.a.AnonymousAuthenticationFilter - Set SecurityContextHolder to anonymous SecurityContext
2026-05-18 20:45:12 [http-nio-8087-exec-1] ERROR c.c.n.i.s.JwtAuthenticationEntryPoint - Unauthorized error: Full authentication is required to access this resource
2026-05-18 20:45:18 [http-nio-8087-exec-4] DEBUG o.s.security.web.FilterChainProxy - Securing GET /ws/notifications/info?t=1779117318840
2026-05-18 20:45:18 [http-nio-8087-exec-4] DEBUG o.s.s.w.a.AnonymousAuthenticationFilter - Set SecurityContextHolder to anonymous SecurityContext
2026-05-18 20:45:18 [http-nio-8087-exec-4] ERROR c.c.n.i.s.JwtAuthenticationEntryPoint - Unauthorized error: Full authentication is required to access this resource
2026-05-18 20:45:24 [http-nio-8087-exec-5] DEBUG o.s.security.web.FilterChainProxy - Securing GET /ws/notifications/info?t=1779117324840
2026-05-18 20:45:24 [http-nio-8087-exec-5] DEBUG o.s.s.w.a.AnonymousAuthenticationFilter - Set SecurityContextHolder to anonymous SecurityContext
2026-05-18 20:45:24 [http-nio-8087-exec-5] ERROR c.c.n.i.s.JwtAuthenticationEntryPoint - Unauthorized error: Full authentication is required to access this resource
2026-05-18 20:45:30 [http-nio-8087-exec-7] DEBUG o.s.security.web.FilterChainProxy - Securing GET /ws/notifications/info?t=1779117330841
2026-05-18 20:45:30 [http-nio-8087-exec-7] DEBUG o.s.s.w.a.AnonymousAuthenticationFilter - Set SecurityContextHolder to anonymous SecurityContext
2026-05-18 20:45:30 [http-nio-8087-exec-7] ERROR c.c.n.i.s.JwtAuthenticationEntryPoint - Unauthorized error: Full authentication is required to access this resource
2026-05-18 20:45:36 [http-nio-8087-exec-6] DEBUG o.s.security.web.FilterChainProxy - Securing GET /ws/notifications/info?t=1779117336842
2026-05-18 20:45:36 [http-nio-8087-exec-6] DEBUG o.s.s.w.a.AnonymousAuthenticationFilter - Set SecurityContextHolder to anonymous SecurityContext
2026-05-18 20:45:36 [http-nio-8087-exec-6] ERROR c.c.n.i.s.JwtAuthenticationEntryPoint - Unauthorized error: Full authentication is required to access this resource
2026-05-18 20:45:42 [http-nio-8087-exec-8] DEBUG o.s.security.web.FilterChainProxy - Securing GET /ws/notifications/info?t=1779117342841
2026-05-18 20:45:42 [http-nio-8087-exec-8] DEBUG o.s.s.w.a.AnonymousAuthenticationFilter - Set SecurityContextHolder to anonymous SecurityContext
2026-05-18 20:45:42 [http-nio-8087-exec-8] ERROR c.c.n.i.s.JwtAuthenticationEntryPoint - Unauthorized error: Full authentication is required to access this resource
2026-05-18 20:45:48 [http-nio-8087-exec-9] DEBUG o.s.security.web.FilterChainProxy - Securing GET /ws/notifications/info?t=1779117348841
2026-05-18 20:45:48 [http-nio-8087-exec-9] DEBUG o.s.s.w.a.AnonymousAuthenticationFilter - Set SecurityContextHolder to anonymous SecurityContext
2026-05-18 20:45:48 [http-nio-8087-exec-9] ERROR c.c.n.i.s.JwtAuthenticationEntryPoint - Unauthorized error: Full authentication is required to access this resource
2026-05-18 20:45:54 [http-nio-8087-exec-10] DEBUG o.s.security.web.FilterChainProxy - Securing GET /ws/notifications/info?t=1779117354840
2026-05-18 20:45:54 [http-nio-8087-exec-10] DEBUG o.s.s.w.a.AnonymousAuthenticationFilter - Set SecurityContextHolder to anonymous SecurityContext
2026-05-18 20:45:54 [http-nio-8087-exec-10] ERROR c.c.n.i.s.JwtAuthenticationEntryPoint - Unauthorized error: Full authentication is required to access this resource
2026-05-18 20:46:00 [http-nio-8087-exec-2] DEBUG o.s.security.web.FilterChainProxy - Securing GET /ws/notifications/info?t=1779117360841
2026-05-18 20:46:00 [http-nio-8087-exec-2] DEBUG o.s.s.w.a.AnonymousAuthenticationFilter - Set SecurityContextHolder to anonymous SecurityContext
2026-05-18 20:46:00 [http-nio-8087-exec-2] ERROR c.c.n.i.s.JwtAuthenticationEntryPoint - Unauthorized error: Full authentication is required to access this resource
2026-05-18 20:46:06 [http-nio-8087-exec-3] DEBUG o.s.security.web.FilterChainProxy - Securing GET /ws/notifications/info?t=1779117366841
2026-05-18 20:46:06 [http-nio-8087-exec-3] DEBUG o.s.s.w.a.AnonymousAuthenticationFilter - Set SecurityContextHolder to anonymous SecurityContext
2026-05-18 20:46:06 [http-nio-8087-exec-3] ERROR c.c.n.i.s.JwtAuthenticationEntryPoint - Unauthorized error: Full authentication is required to access this resource
2026-05-18 20:46:12 [http-nio-8087-exec-1] DEBUG o.s.security.web.FilterChainProxy - Securing GET /ws/notifications/info?t=1779117372840
2026-05-18 20:46:12 [http-nio-8087-exec-1] DEBUG o.s.s.w.a.AnonymousAuthenticationFilter - Set SecurityContextHolder to anonymous SecurityContext
2026-05-18 20:46:12 [http-nio-8087-exec-1] ERROR c.c.n.i.s.JwtAuthenticationEntryPoint - Unauthorized error: Full authentication is required to access this resource
2026-05-18 20:46:18 [http-nio-8087-exec-4] DEBUG o.s.security.web.FilterChainProxy - Securing GET /ws/notifications/info?t=1779117378841
2026-05-18 20:46:18 [http-nio-8087-exec-4] DEBUG o.s.s.w.a.AnonymousAuthenticationFilter - Set SecurityContextHolder to anonymous SecurityContext
2026-05-18 20:46:18 [http-nio-8087-exec-4] ERROR c.c.n.i.s.JwtAuthenticationEntryPoint - Unauthorized error: Full authentication is required to access this resource
2026-05-18 20:46:24 [http-nio-8087-exec-5] DEBUG o.s.security.web.FilterChainProxy - Securing GET /ws/notifications/info?t=1779117384841
2026-05-18 20:46:24 [http-nio-8087-exec-5] DEBUG o.s.s.w.a.AnonymousAuthenticationFilter - Set SecurityContextHolder to anonymous SecurityContext
2026-05-18 20:46:24 [http-nio-8087-exec-5] ERROR c.c.n.i.s.JwtAuthenticationEntryPoint - Unauthorized error: Full authentication is required to access this resource
2026-05-18 20:46:30 [http-nio-8087-exec-7] DEBUG o.s.security.web.FilterChainProxy - Securing GET /ws/notifications/info?t=1779117390840
2026-05-18 20:46:30 [http-nio-8087-exec-7] DEBUG o.s.s.w.a.AnonymousAuthenticationFilter - Set SecurityContextHolder to anonymous SecurityContext
2026-05-18 20:46:30 [http-nio-8087-exec-7] ERROR c.c.n.i.s.JwtAuthenticationEntryPoint - Unauthorized error: Full authentication is required to access this resource
2026-05-18 20:46:36 [http-nio-8087-exec-6] DEBUG o.s.security.web.FilterChainProxy - Securing GET /ws/notifications/info?t=1779117396840
2026-05-18 20:46:36 [http-nio-8087-exec-6] DEBUG o.s.s.w.a.AnonymousAuthenticationFilter - Set SecurityContextHolder to anonymous SecurityContext
2026-05-18 20:46:36 [http-nio-8087-exec-6] ERROR c.c.n.i.s.JwtAuthenticationEntryPoint - Unauthorized error: Full authentication is required to access this resource
2026-05-18 20:46:42 [http-nio-8087-exec-8] DEBUG o.s.security.web.FilterChainProxy - Securing GET /ws/notifications/info?t=1779117402840
2026-05-18 20:46:42 [http-nio-8087-exec-8] DEBUG o.s.s.w.a.AnonymousAuthenticationFilter - Set SecurityContextHolder to anonymous SecurityContext
2026-05-18 20:46:42 [http-nio-8087-exec-8] ERROR c.c.n.i.s.JwtAuthenticationEntryPoint - Unauthorized error: Full authentication is required to access this resource
2026-05-18 20:46:48 [http-nio-8087-exec-9] DEBUG o.s.security.web.FilterChainProxy - Securing GET /ws/notifications/info?t=1779117408841
2026-05-18 20:46:48 [http-nio-8087-exec-9] DEBUG o.s.s.w.a.AnonymousAuthenticationFilter - Set SecurityContextHolder to anonymous SecurityContext
2026-05-18 20:46:48 [http-nio-8087-exec-9] ERROR c.c.n.i.s.JwtAuthenticationEntryPoint - Unauthorized error: Full authentication is required to access this resource
2026-05-18 20:46:54 [http-nio-8087-exec-10] DEBUG o.s.security.web.FilterChainProxy - Securing GET /ws/notifications/info?t=1779117414841
2026-05-18 20:46:54 [http-nio-8087-exec-10] DEBUG o.s.s.w.a.AnonymousAuthenticationFilter - Set SecurityContextHolder to anonymous SecurityContext
2026-05-18 20:46:54 [http-nio-8087-exec-10] ERROR c.c.n.i.s.JwtAuthenticationEntryPoint - Unauthorized error: Full authentication is required to access this resource
2026-05-18 20:47:00 [http-nio-8087-exec-2] DEBUG o.s.security.web.FilterChainProxy - Securing GET /ws/notifications/info?t=1779117420839
2026-05-18 20:47:00 [http-nio-8087-exec-2] DEBUG o.s.s.w.a.AnonymousAuthenticationFilter - Set SecurityContextHolder to anonymous SecurityContext
2026-05-18 20:47:00 [http-nio-8087-exec-2] ERROR c.c.n.i.s.JwtAuthenticationEntryPoint - Unauthorized error: Full authentication is required to access this resource
2026-05-18 20:47:06 [http-nio-8087-exec-3] DEBUG o.s.security.web.FilterChainProxy - Securing GET /ws/notifications/info?t=1779117426841
2026-05-18 20:47:06 [http-nio-8087-exec-3] DEBUG o.s.s.w.a.AnonymousAuthenticationFilter - Set SecurityContextHolder to anonymous SecurityContext
2026-05-18 20:47:06 [http-nio-8087-exec-3] ERROR c.c.n.i.s.JwtAuthenticationEntryPoint - Unauthorized error: Full authentication is required to access this resource
2026-05-18 20:47:12 [http-nio-8087-exec-1] DEBUG o.s.security.web.FilterChainProxy - Securing GET /ws/notifications/info?t=1779117432841
2026-05-18 20:47:12 [http-nio-8087-exec-1] DEBUG o.s.s.w.a.AnonymousAuthenticationFilter - Set SecurityContextHolder to anonymous SecurityContext
2026-05-18 20:47:12 [http-nio-8087-exec-1] ERROR c.c.n.i.s.JwtAuthenticationEntryPoint - Unauthorized error: Full authentication is required to access this resource
2026-05-18 20:47:18 [http-nio-8087-exec-4] DEBUG o.s.security.web.FilterChainProxy - Securing GET /ws/notifications/info?t=1779117438841
2026-05-18 20:47:18 [http-nio-8087-exec-4] DEBUG o.s.s.w.a.AnonymousAuthenticationFilter - Set SecurityContextHolder to anonymous SecurityContext
2026-05-18 20:47:18 [http-nio-8087-exec-4] ERROR c.c.n.i.s.JwtAuthenticationEntryPoint - Unauthorized error: Full authentication is required to access this resource
2026-05-18 20:47:24 [http-nio-8087-exec-5] DEBUG o.s.security.web.FilterChainProxy - Securing GET /ws/notifications/info?t=1779117444841
2026-05-18 20:47:24 [http-nio-8087-exec-5] DEBUG o.s.s.w.a.AnonymousAuthenticationFilter - Set SecurityContextHolder to anonymous SecurityContext
2026-05-18 20:47:24 [http-nio-8087-exec-5] ERROR c.c.n.i.s.JwtAuthenticationEntryPoint - Unauthorized error: Full authentication is required to access this resource
2026-05-18 20:47:30 [http-nio-8087-exec-7] DEBUG o.s.security.web.FilterChainProxy - Securing GET /ws/notifications/info?t=1779117450843
2026-05-18 20:47:30 [http-nio-8087-exec-7] DEBUG o.s.s.w.a.AnonymousAuthenticationFilter - Set SecurityContextHolder to anonymous SecurityContext
2026-05-18 20:47:30 [http-nio-8087-exec-7] ERROR c.c.n.i.s.JwtAuthenticationEntryPoint - Unauthorized error: Full authentication is required to access this resource
2026-05-18 20:47:36 [http-nio-8087-exec-6] DEBUG o.s.security.web.FilterChainProxy - Securing GET /ws/notifications/info?t=1779117456841
2026-05-18 20:47:36 [http-nio-8087-exec-6] DEBUG o.s.s.w.a.AnonymousAuthenticationFilter - Set SecurityContextHolder to anonymous SecurityContext
2026-05-18 20:47:36 [http-nio-8087-exec-6] ERROR c.c.n.i.s.JwtAuthenticationEntryPoint - Unauthorized error: Full authentication is required to access this resource
2026-05-18 20:47:42 [http-nio-8087-exec-8] DEBUG o.s.security.web.FilterChainProxy - Securing GET /ws/notifications/info?t=1779117462841
2026-05-18 20:47:42 [http-nio-8087-exec-8] DEBUG o.s.s.w.a.AnonymousAuthenticationFilter - Set SecurityContextHolder to anonymous SecurityContext
2026-05-18 20:47:42 [http-nio-8087-exec-8] ERROR c.c.n.i.s.JwtAuthenticationEntryPoint - Unauthorized error: Full authentication is required to access this resource
2026-05-18 20:47:48 [http-nio-8087-exec-9] DEBUG o.s.security.web.FilterChainProxy - Securing GET /ws/notifications/info?t=1779117468841
2026-05-18 20:47:48 [http-nio-8087-exec-9] DEBUG o.s.s.w.a.AnonymousAuthenticationFilter - Set SecurityContextHolder to anonymous SecurityContext
2026-05-18 20:47:48 [http-nio-8087-exec-9] ERROR c.c.n.i.s.JwtAuthenticationEntryPoint - Unauthorized error: Full authentication is required to access this resource
2026-05-18 20:47:54 [http-nio-8087-exec-10] DEBUG o.s.security.web.FilterChainProxy - Securing GET /ws/notifications/info?t=1779117474840
2026-05-18 20:47:54 [http-nio-8087-exec-10] DEBUG o.s.s.w.a.AnonymousAuthenticationFilter - Set SecurityContextHolder to anonymous SecurityContext
2026-05-18 20:47:54 [http-nio-8087-exec-10] ERROR c.c.n.i.s.JwtAuthenticationEntryPoint - Unauthorized error: Full authentication is required to access this resource
2026-05-18 20:51:42 [http-nio-8087-exec-3] DEBUG o.s.security.web.FilterChainProxy - Securing GET /api/notifications/users/1fc095fe-32f8-4869-92aa-abfbb3955693
2026-05-18 20:51:42 [http-nio-8087-exec-1] DEBUG o.s.security.web.FilterChainProxy - Securing GET /api/notifications/users/1fc095fe-32f8-4869-92aa-abfbb3955693/unread-count
2026-05-18 20:51:42 [http-nio-8087-exec-4] DEBUG o.s.security.web.FilterChainProxy - Securing GET /ws/notifications/info?t=1779117702922
2026-05-18 20:51:42 [http-nio-8087-exec-4] DEBUG o.s.s.w.a.AnonymousAuthenticationFilter - Set SecurityContextHolder to anonymous SecurityContext
2026-05-18 20:51:42 [http-nio-8087-exec-4] ERROR c.c.n.i.s.JwtAuthenticationEntryPoint - Unauthorized error: Full authentication is required to access this resource
2026-05-18 20:51:42 [http-nio-8087-exec-1] DEBUG c.c.n.i.s.JwtAuthenticationFilter - Set authentication for user: test_user2@corp.com
2026-05-18 20:51:42 [http-nio-8087-exec-3] DEBUG c.c.n.i.s.JwtAuthenticationFilter - Set authentication for user: test_user2@corp.com
2026-05-18 20:51:42 [http-nio-8087-exec-1] DEBUG o.s.security.web.FilterChainProxy - Secured GET /api/notifications/users/1fc095fe-32f8-4869-92aa-abfbb3955693/unread-count
2026-05-18 20:51:42 [http-nio-8087-exec-3] DEBUG o.s.security.web.FilterChainProxy - Secured GET /api/notifications/users/1fc095fe-32f8-4869-92aa-abfbb3955693
2026-05-18 20:51:42 [http-nio-8087-exec-1] DEBUG o.s.s.a.m.AuthorizationManagerBeforeMethodInterceptor - Authorizing method invocation ReflectiveMethodInvocation: public org.springframework.http.ResponseEntity com.cognizant.notificationservice.adapter.web.controller.NotificationController.getUnreadCount(java.util.UUID); target is of class [com.cognizant.notificationservice.adapter.web.controller.NotificationController]
2026-05-18 20:51:42 [http-nio-8087-exec-1] DEBUG o.s.s.a.m.AuthorizationManagerBeforeMethodInterceptor - Authorized method invocation ReflectiveMethodInvocation: public org.springframework.http.ResponseEntity com.cognizant.notificationservice.adapter.web.controller.NotificationController.getUnreadCount(java.util.UUID); target is of class [com.cognizant.notificationservice.adapter.web.controller.NotificationController]
2026-05-18 20:51:42 [http-nio-8087-exec-3] DEBUG o.s.s.a.m.AuthorizationManagerBeforeMethodInterceptor - Authorizing method invocation ReflectiveMethodInvocation: public org.springframework.http.ResponseEntity com.cognizant.notificationservice.adapter.web.controller.NotificationController.getUserNotifications(java.util.UUID,org.springframework.data.domain.Pageable); target is of class [com.cognizant.notificationservice.adapter.web.controller.NotificationController]
2026-05-18 20:51:42 [http-nio-8087-exec-3] DEBUG o.s.s.a.m.AuthorizationManagerBeforeMethodInterceptor - Authorized method invocation ReflectiveMethodInvocation: public org.springframework.http.ResponseEntity com.cognizant.notificationservice.adapter.web.controller.NotificationController.getUserNotifications(java.util.UUID,org.springframework.data.domain.Pageable); target is of class [com.cognizant.notificationservice.adapter.web.controller.NotificationController]
2026-05-18 20:51:42 [http-nio-8087-exec-3] DEBUG org.hibernate.SQL - 
    select
        nr1_0.recipient_id,
        nr1_0.delivered_at,
        nr1_0.notification_id,
        nr1_0.is_read,
        nr1_0.read_at,
        nr1_0.user_id 
    from
        notification_recipients nr1_0 
    where
        nr1_0.user_id=? 
    order by
        nr1_0.delivered_at desc,
        nr1_0.delivered_at 
    offset
        ? rows 
    fetch
        first ? rows only
2026-05-18 20:51:42 [http-nio-8087-exec-1] DEBUG org.hibernate.SQL - 
    select
        count(nr1_0.recipient_id) 
    from
        notification_recipients nr1_0 
    where
        nr1_0.user_id=? 
        and not(nr1_0.is_read)
2026-05-18 20:51:42 [http-nio-8087-exec-5] DEBUG o.s.security.web.FilterChainProxy - Securing GET /api/notifications/users/1fc095fe-32f8-4869-92aa-abfbb3955693
2026-05-18 20:51:42 [http-nio-8087-exec-5] DEBUG c.c.n.i.s.JwtAuthenticationFilter - Set authentication for user: test_user2@corp.com
2026-05-18 20:51:42 [http-nio-8087-exec-5] DEBUG o.s.security.web.FilterChainProxy - Secured GET /api/notifications/users/1fc095fe-32f8-4869-92aa-abfbb3955693
2026-05-18 20:51:42 [http-nio-8087-exec-5] DEBUG o.s.s.a.m.AuthorizationManagerBeforeMethodInterceptor - Authorizing method invocation ReflectiveMethodInvocation: public org.springframework.http.ResponseEntity com.cognizant.notificationservice.adapter.web.controller.NotificationController.getUserNotifications(java.util.UUID,org.springframework.data.domain.Pageable); target is of class [com.cognizant.notificationservice.adapter.web.controller.NotificationController]
2026-05-18 20:51:42 [http-nio-8087-exec-5] DEBUG o.s.s.a.m.AuthorizationManagerBeforeMethodInterceptor - Authorized method invocation ReflectiveMethodInvocation: public org.springframework.http.ResponseEntity com.cognizant.notificationservice.adapter.web.controller.NotificationController.getUserNotifications(java.util.UUID,org.springframework.data.domain.Pageable); target is of class [com.cognizant.notificationservice.adapter.web.controller.NotificationController]
2026-05-18 20:51:42 [http-nio-8087-exec-5] DEBUG org.hibernate.SQL - 
    select
        nr1_0.recipient_id,
        nr1_0.delivered_at,
        nr1_0.notification_id,
        nr1_0.is_read,
        nr1_0.read_at,
        nr1_0.user_id 
    from
        notification_recipients nr1_0 
    where
        nr1_0.user_id=? 
    order by
        nr1_0.delivered_at desc,
        nr1_0.delivered_at 
    offset
        ? rows 
    fetch
        first ? rows only
2026-05-18 20:51:42 [http-nio-8087-exec-7] DEBUG o.s.security.web.FilterChainProxy - Securing GET /api/notifications/users/1fc095fe-32f8-4869-92aa-abfbb3955693
2026-05-18 20:51:42 [http-nio-8087-exec-7] DEBUG c.c.n.i.s.JwtAuthenticationFilter - Set authentication for user: test_user2@corp.com
2026-05-18 20:51:42 [http-nio-8087-exec-7] DEBUG o.s.security.web.FilterChainProxy - Secured GET /api/notifications/users/1fc095fe-32f8-4869-92aa-abfbb3955693
2026-05-18 20:51:42 [http-nio-8087-exec-7] DEBUG o.s.s.a.m.AuthorizationManagerBeforeMethodInterceptor - Authorizing method invocation ReflectiveMethodInvocation: public org.springframework.http.ResponseEntity com.cognizant.notificationservice.adapter.web.controller.NotificationController.getUserNotifications(java.util.UUID,org.springframework.data.domain.Pageable); target is of class [com.cognizant.notificationservice.adapter.web.controller.NotificationController]
2026-05-18 20:51:42 [http-nio-8087-exec-7] DEBUG o.s.s.a.m.AuthorizationManagerBeforeMethodInterceptor - Authorized method invocation ReflectiveMethodInvocation: public org.springframework.http.ResponseEntity com.cognizant.notificationservice.adapter.web.controller.NotificationController.getUserNotifications(java.util.UUID,org.springframework.data.domain.Pageable); target is of class [com.cognizant.notificationservice.adapter.web.controller.NotificationController]
2026-05-18 20:51:42 [http-nio-8087-exec-7] DEBUG org.hibernate.SQL - 
    select
        nr1_0.recipient_id,
        nr1_0.delivered_at,
        nr1_0.notification_id,
        nr1_0.is_read,
        nr1_0.read_at,
        nr1_0.user_id 
    from
        notification_recipients nr1_0 
    where
        nr1_0.user_id=? 
    order by
        nr1_0.delivered_at desc,
        nr1_0.delivered_at 
    offset
        ? rows 
    fetch
        first ? rows only
2026-05-18 20:51:47 [http-nio-8087-exec-6] DEBUG o.s.security.web.FilterChainProxy - Securing GET /ws/notifications/info?t=1779117707947
2026-05-18 20:51:47 [http-nio-8087-exec-6] DEBUG o.s.s.w.a.AnonymousAuthenticationFilter - Set SecurityContextHolder to anonymous SecurityContext
2026-05-18 20:51:47 [http-nio-8087-exec-6] ERROR c.c.n.i.s.JwtAuthenticationEntryPoint - Unauthorized error: Full authentication is required to access this resource
2026-05-18 20:51:52 [http-nio-8087-exec-8] DEBUG o.s.security.web.FilterChainProxy - Securing GET /ws/notifications/info?t=1779117712957
2026-05-18 20:51:52 [http-nio-8087-exec-8] DEBUG o.s.s.w.a.AnonymousAuthenticationFilter - Set SecurityContextHolder to anonymous SecurityContext
2026-05-18 20:51:52 [http-nio-8087-exec-8] ERROR c.c.n.i.s.JwtAuthenticationEntryPoint - Unauthorized error: Full authentication is required to access this resource
2026-05-18 20:51:57 [http-nio-8087-exec-9] DEBUG o.s.security.web.FilterChainProxy - Securing GET /ws/notifications/info?t=1779117717967
2026-05-18 20:51:57 [http-nio-8087-exec-9] DEBUG o.s.s.w.a.AnonymousAuthenticationFilter - Set SecurityContextHolder to anonymous SecurityContext
2026-05-18 20:51:57 [http-nio-8087-exec-9] ERROR c.c.n.i.s.JwtAuthenticationEntryPoint - Unauthorized error: Full authentication is required to access this resource
2026-05-18 20:52:02 [http-nio-8087-exec-10] DEBUG o.s.security.web.FilterChainProxy - Securing GET /ws/notifications/info?t=1779117722977
2026-05-18 20:52:02 [http-nio-8087-exec-10] DEBUG o.s.s.w.a.AnonymousAuthenticationFilter - Set SecurityContextHolder to anonymous SecurityContext
2026-05-18 20:52:02 [http-nio-8087-exec-10] ERROR c.c.n.i.s.JwtAuthenticationEntryPoint - Unauthorized error: Full authentication is required to access this resource
2026-05-18 20:52:07 [http-nio-8087-exec-2] DEBUG o.s.security.web.FilterChainProxy - Securing GET /ws/notifications/info?t=1779117727987
2026-05-18 20:52:07 [http-nio-8087-exec-2] DEBUG o.s.s.w.a.AnonymousAuthenticationFilter - Set SecurityContextHolder to anonymous SecurityContext
2026-05-18 20:52:07 [http-nio-8087-exec-2] ERROR c.c.n.i.s.JwtAuthenticationEntryPoint - Unauthorized error: Full authentication is required to access this resource
2026-05-18 20:52:12 [http-nio-8087-exec-4] DEBUG o.s.security.web.FilterChainProxy - Securing GET /ws/notifications/info?t=1779117732995
2026-05-18 20:52:12 [http-nio-8087-exec-4] DEBUG o.s.s.w.a.AnonymousAuthenticationFilter - Set SecurityContextHolder to anonymous SecurityContext
2026-05-18 20:52:12 [http-nio-8087-exec-4] ERROR c.c.n.i.s.JwtAuthenticationEntryPoint - Unauthorized error: Full authentication is required to access this resource
2026-05-18 20:52:18 [http-nio-8087-exec-3] DEBUG o.s.security.web.FilterChainProxy - Securing GET /ws/notifications/info?t=1779117738000
2026-05-18 20:52:18 [http-nio-8087-exec-3] DEBUG o.s.s.w.a.AnonymousAuthenticationFilter - Set SecurityContextHolder to anonymous SecurityContext
2026-05-18 20:52:18 [http-nio-8087-exec-3] ERROR c.c.n.i.s.JwtAuthenticationEntryPoint - Unauthorized error: Full authentication is required to access this resource
2026-05-18 20:52:21 [http-nio-8087-exec-1] DEBUG o.s.security.web.FilterChainProxy - Securing GET /api/notifications/users/1fc095fe-32f8-4869-92aa-abfbb3955693
2026-05-18 20:52:21 [http-nio-8087-exec-1] DEBUG c.c.n.i.s.JwtAuthenticationFilter - Set authentication for user: test_user2@corp.com
2026-05-18 20:52:21 [http-nio-8087-exec-1] DEBUG o.s.security.web.FilterChainProxy - Secured GET /api/notifications/users/1fc095fe-32f8-4869-92aa-abfbb3955693
2026-05-18 20:52:21 [http-nio-8087-exec-1] DEBUG o.s.s.a.m.AuthorizationManagerBeforeMethodInterceptor - Authorizing method invocation ReflectiveMethodInvocation: public org.springframework.http.ResponseEntity com.cognizant.notificationservice.adapter.web.controller.NotificationController.getUserNotifications(java.util.UUID,org.springframework.data.domain.Pageable); target is of class [com.cognizant.notificationservice.adapter.web.controller.NotificationController]
2026-05-18 20:52:21 [http-nio-8087-exec-1] DEBUG o.s.s.a.m.AuthorizationManagerBeforeMethodInterceptor - Authorized method invocation ReflectiveMethodInvocation: public org.springframework.http.ResponseEntity com.cognizant.notificationservice.adapter.web.controller.NotificationController.getUserNotifications(java.util.UUID,org.springframework.data.domain.Pageable); target is of class [com.cognizant.notificationservice.adapter.web.controller.NotificationController]
2026-05-18 20:52:21 [http-nio-8087-exec-1] DEBUG org.hibernate.SQL - 
    select
        nr1_0.recipient_id,
        nr1_0.delivered_at,
        nr1_0.notification_id,
        nr1_0.is_read,
        nr1_0.read_at,
        nr1_0.user_id 
    from
        notification_recipients nr1_0 
    where
        nr1_0.user_id=? 
    order by
        nr1_0.delivered_at desc,
        nr1_0.delivered_at 
    offset
        ? rows 
    fetch
        first ? rows only
2026-05-18 20:52:21 [http-nio-8087-exec-5] DEBUG o.s.security.web.FilterChainProxy - Securing GET /api/notifications/users/1fc095fe-32f8-4869-92aa-abfbb3955693
2026-05-18 20:52:21 [http-nio-8087-exec-5] DEBUG c.c.n.i.s.JwtAuthenticationFilter - Set authentication for user: test_user2@corp.com
2026-05-18 20:52:21 [http-nio-8087-exec-5] DEBUG o.s.security.web.FilterChainProxy - Secured GET /api/notifications/users/1fc095fe-32f8-4869-92aa-abfbb3955693
2026-05-18 20:52:21 [http-nio-8087-exec-5] DEBUG o.s.s.a.m.AuthorizationManagerBeforeMethodInterceptor - Authorizing method invocation ReflectiveMethodInvocation: public org.springframework.http.ResponseEntity com.cognizant.notificationservice.adapter.web.controller.NotificationController.getUserNotifications(java.util.UUID,org.springframework.data.domain.Pageable); target is of class [com.cognizant.notificationservice.adapter.web.controller.NotificationController]
2026-05-18 20:52:21 [http-nio-8087-exec-5] DEBUG o.s.s.a.m.AuthorizationManagerBeforeMethodInterceptor - Authorized method invocation ReflectiveMethodInvocation: public org.springframework.http.ResponseEntity com.cognizant.notificationservice.adapter.web.controller.NotificationController.getUserNotifications(java.util.UUID,org.springframework.data.domain.Pageable); target is of class [com.cognizant.notificationservice.adapter.web.controller.NotificationController]
2026-05-18 20:52:21 [http-nio-8087-exec-5] DEBUG org.hibernate.SQL - 
    select
        nr1_0.recipient_id,
        nr1_0.delivered_at,
        nr1_0.notification_id,
        nr1_0.is_read,
        nr1_0.read_at,
        nr1_0.user_id 
    from
        notification_recipients nr1_0 
    where
        nr1_0.user_id=? 
    order by
        nr1_0.delivered_at desc,
        nr1_0.delivered_at 
    offset
        ? rows 
    fetch
        first ? rows only
2026-05-18 20:52:23 [http-nio-8087-exec-7] DEBUG o.s.security.web.FilterChainProxy - Securing GET /ws/notifications/info?t=1779117743010
2026-05-18 20:52:23 [http-nio-8087-exec-7] DEBUG o.s.s.w.a.AnonymousAuthenticationFilter - Set SecurityContextHolder to anonymous SecurityContext
2026-05-18 20:52:23 [http-nio-8087-exec-7] ERROR c.c.n.i.s.JwtAuthenticationEntryPoint - Unauthorized error: Full authentication is required to access this resource
2026-05-18 20:52:28 [http-nio-8087-exec-6] DEBUG o.s.security.web.FilterChainProxy - Securing GET /ws/notifications/info?t=1779117748842
2026-05-18 20:52:28 [http-nio-8087-exec-6] DEBUG o.s.s.w.a.AnonymousAuthenticationFilter - Set SecurityContextHolder to anonymous SecurityContext
2026-05-18 20:52:28 [http-nio-8087-exec-6] ERROR c.c.n.i.s.JwtAuthenticationEntryPoint - Unauthorized error: Full authentication is required to access this resource
2026-05-18 20:52:34 [http-nio-8087-exec-8] DEBUG o.s.security.web.FilterChainProxy - Securing GET /ws/notifications/info?t=1779117754841
2026-05-18 20:52:34 [http-nio-8087-exec-8] DEBUG o.s.s.w.a.AnonymousAuthenticationFilter - Set SecurityContextHolder to anonymous SecurityContext
2026-05-18 20:52:34 [http-nio-8087-exec-8] ERROR c.c.n.i.s.JwtAuthenticationEntryPoint - Unauthorized error: Full authentication is required to access this resource
2026-05-18 20:52:40 [http-nio-8087-exec-9] DEBUG o.s.security.web.FilterChainProxy - Securing GET /ws/notifications/info?t=1779117760841
2026-05-18 20:52:40 [http-nio-8087-exec-9] DEBUG o.s.s.w.a.AnonymousAuthenticationFilter - Set SecurityContextHolder to anonymous SecurityContext
2026-05-18 20:52:40 [http-nio-8087-exec-9] ERROR c.c.n.i.s.JwtAuthenticationEntryPoint - Unauthorized error: Full authentication is required to access this resource
2026-05-18 20:52:46 [http-nio-8087-exec-10] DEBUG o.s.security.web.FilterChainProxy - Securing GET /ws/notifications/info?t=1779117766841
2026-05-18 20:52:46 [http-nio-8087-exec-10] DEBUG o.s.s.w.a.AnonymousAuthenticationFilter - Set SecurityContextHolder to anonymous SecurityContext
2026-05-18 20:52:46 [http-nio-8087-exec-10] ERROR c.c.n.i.s.JwtAuthenticationEntryPoint - Unauthorized error: Full authentication is required to access this resource
2026-05-18 20:52:52 [http-nio-8087-exec-2] DEBUG o.s.security.web.FilterChainProxy - Securing GET /ws/notifications/info?t=1779117772840
2026-05-18 20:52:52 [http-nio-8087-exec-2] DEBUG o.s.s.w.a.AnonymousAuthenticationFilter - Set SecurityContextHolder to anonymous SecurityContext
2026-05-18 20:52:52 [http-nio-8087-exec-2] ERROR c.c.n.i.s.JwtAuthenticationEntryPoint - Unauthorized error: Full authentication is required to access this resource
2026-05-18 20:52:58 [http-nio-8087-exec-4] DEBUG o.s.security.web.FilterChainProxy - Securing GET /ws/notifications/info?t=1779117778841
2026-05-18 20:52:58 [http-nio-8087-exec-4] DEBUG o.s.s.w.a.AnonymousAuthenticationFilter - Set SecurityContextHolder to anonymous SecurityContext
2026-05-18 20:52:58 [http-nio-8087-exec-4] ERROR c.c.n.i.s.JwtAuthenticationEntryPoint - Unauthorized error: Full authentication is required to access this resource
2026-05-18 20:53:04 [http-nio-8087-exec-3] DEBUG o.s.security.web.FilterChainProxy - Securing GET /ws/notifications/info?t=1779117784841
2026-05-18 20:53:04 [http-nio-8087-exec-3] DEBUG o.s.s.w.a.AnonymousAuthenticationFilter - Set SecurityContextHolder to anonymous SecurityContext
2026-05-18 20:53:04 [http-nio-8087-exec-3] ERROR c.c.n.i.s.JwtAuthenticationEntryPoint - Unauthorized error: Full authentication is required to access this resource
2026-05-18 20:53:10 [http-nio-8087-exec-1] DEBUG o.s.security.web.FilterChainProxy - Securing GET /ws/notifications/info?t=1779117790841
2026-05-18 20:53:10 [http-nio-8087-exec-1] DEBUG o.s.s.w.a.AnonymousAuthenticationFilter - Set SecurityContextHolder to anonymous SecurityContext
2026-05-18 20:53:10 [http-nio-8087-exec-1] ERROR c.c.n.i.s.JwtAuthenticationEntryPoint - Unauthorized error: Full authentication is required to access this resource
2026-05-18 20:53:16 [http-nio-8087-exec-5] DEBUG o.s.security.web.FilterChainProxy - Securing GET /ws/notifications/info?t=1779117796841
2026-05-18 20:53:16 [http-nio-8087-exec-5] DEBUG o.s.s.w.a.AnonymousAuthenticationFilter - Set SecurityContextHolder to anonymous SecurityContext
2026-05-18 20:53:16 [http-nio-8087-exec-5] ERROR c.c.n.i.s.JwtAuthenticationEntryPoint - Unauthorized error: Full authentication is required to access this resource
2026-05-18 20:53:22 [http-nio-8087-exec-8] DEBUG o.s.security.web.FilterChainProxy - Securing GET /ws/notifications/info?t=1779117802841
2026-05-18 20:53:22 [http-nio-8087-exec-8] DEBUG o.s.s.w.a.AnonymousAuthenticationFilter - Set SecurityContextHolder to anonymous SecurityContext
2026-05-18 20:53:22 [http-nio-8087-exec-8] ERROR c.c.n.i.s.JwtAuthenticationEntryPoint - Unauthorized error: Full authentication is required to access this resource
2026-05-18 20:53:28 [http-nio-8087-exec-9] DEBUG o.s.security.web.FilterChainProxy - Securing GET /ws/notifications/info?t=1779117808841
2026-05-18 20:53:28 [http-nio-8087-exec-9] DEBUG o.s.s.w.a.AnonymousAuthenticationFilter - Set SecurityContextHolder to anonymous SecurityContext
2026-05-18 20:53:28 [http-nio-8087-exec-9] ERROR c.c.n.i.s.JwtAuthenticationEntryPoint - Unauthorized error: Full authentication is required to access this resource
2026-05-18 20:53:34 [http-nio-8087-exec-10] DEBUG o.s.security.web.FilterChainProxy - Securing GET /ws/notifications/info?t=1779117814840
2026-05-18 20:53:34 [http-nio-8087-exec-10] DEBUG o.s.s.w.a.AnonymousAuthenticationFilter - Set SecurityContextHolder to anonymous SecurityContext
2026-05-18 20:53:34 [http-nio-8087-exec-10] ERROR c.c.n.i.s.JwtAuthenticationEntryPoint - Unauthorized error: Full authentication is required to access this resource
2026-05-18 20:53:40 [http-nio-8087-exec-2] DEBUG o.s.security.web.FilterChainProxy - Securing GET /ws/notifications/info?t=1779117820840
2026-05-18 20:53:40 [http-nio-8087-exec-2] DEBUG o.s.s.w.a.AnonymousAuthenticationFilter - Set SecurityContextHolder to anonymous SecurityContext
2026-05-18 20:53:40 [http-nio-8087-exec-2] ERROR c.c.n.i.s.JwtAuthenticationEntryPoint - Unauthorized error: Full authentication is required to access this resource
2026-05-18 20:53:46 [http-nio-8087-exec-4] DEBUG o.s.security.web.FilterChainProxy - Securing GET /ws/notifications/info?t=1779117826841
2026-05-18 20:53:46 [http-nio-8087-exec-4] DEBUG o.s.s.w.a.AnonymousAuthenticationFilter - Set SecurityContextHolder to anonymous SecurityContext
2026-05-18 20:53:46 [http-nio-8087-exec-4] ERROR c.c.n.i.s.JwtAuthenticationEntryPoint - Unauthorized error: Full authentication is required to access this resource
2026-05-18 20:53:52 [http-nio-8087-exec-3] DEBUG o.s.security.web.FilterChainProxy - Securing GET /ws/notifications/info?t=1779117832840
2026-05-18 20:53:52 [http-nio-8087-exec-3] DEBUG o.s.s.w.a.AnonymousAuthenticationFilter - Set SecurityContextHolder to anonymous SecurityContext
2026-05-18 20:53:52 [http-nio-8087-exec-3] ERROR c.c.n.i.s.JwtAuthenticationEntryPoint - Unauthorized error: Full authentication is required to access this resource
2026-05-18 20:53:58 [http-nio-8087-exec-1] DEBUG o.s.security.web.FilterChainProxy - Securing GET /ws/notifications/info?t=1779117838841
2026-05-18 20:53:58 [http-nio-8087-exec-1] DEBUG o.s.s.w.a.AnonymousAuthenticationFilter - Set SecurityContextHolder to anonymous SecurityContext
2026-05-18 20:53:58 [http-nio-8087-exec-1] ERROR c.c.n.i.s.JwtAuthenticationEntryPoint - Unauthorized error: Full authentication is required to access this resource
2026-05-18 20:54:04 [http-nio-8087-exec-5] DEBUG o.s.security.web.FilterChainProxy - Securing GET /ws/notifications/info?t=1779117844840
2026-05-18 20:54:04 [http-nio-8087-exec-5] DEBUG o.s.s.w.a.AnonymousAuthenticationFilter - Set SecurityContextHolder to anonymous SecurityContext
2026-05-18 20:54:04 [http-nio-8087-exec-5] ERROR c.c.n.i.s.JwtAuthenticationEntryPoint - Unauthorized error: Full authentication is required to access this resource
2026-05-18 20:54:10 [http-nio-8087-exec-6] DEBUG o.s.security.web.FilterChainProxy - Securing GET /ws/notifications/info?t=1779117850840
2026-05-18 20:54:10 [http-nio-8087-exec-6] DEBUG o.s.s.w.a.AnonymousAuthenticationFilter - Set SecurityContextHolder to anonymous SecurityContext
2026-05-18 20:54:10 [http-nio-8087-exec-6] ERROR c.c.n.i.s.JwtAuthenticationEntryPoint - Unauthorized error: Full authentication is required to access this resource
2026-05-18 20:54:16 [http-nio-8087-exec-7] DEBUG o.s.security.web.FilterChainProxy - Securing GET /ws/notifications/info?t=1779117856841
2026-05-18 20:54:16 [http-nio-8087-exec-7] DEBUG o.s.s.w.a.AnonymousAuthenticationFilter - Set SecurityContextHolder to anonymous SecurityContext
2026-05-18 20:54:16 [http-nio-8087-exec-7] ERROR c.c.n.i.s.JwtAuthenticationEntryPoint - Unauthorized error: Full authentication is required to access this resource
2026-05-18 20:54:22 [http-nio-8087-exec-8] DEBUG o.s.security.web.FilterChainProxy - Securing GET /ws/notifications/info?t=1779117862841
2026-05-18 20:54:22 [http-nio-8087-exec-8] DEBUG o.s.s.w.a.AnonymousAuthenticationFilter - Set SecurityContextHolder to anonymous SecurityContext
2026-05-18 20:54:22 [http-nio-8087-exec-8] ERROR c.c.n.i.s.JwtAuthenticationEntryPoint - Unauthorized error: Full authentication is required to access this resource
2026-05-18 20:54:28 [http-nio-8087-exec-9] DEBUG o.s.security.web.FilterChainProxy - Securing GET /ws/notifications/info?t=1779117868840
2026-05-18 20:54:28 [http-nio-8087-exec-9] DEBUG o.s.s.w.a.AnonymousAuthenticationFilter - Set SecurityContextHolder to anonymous SecurityContext
2026-05-18 20:54:28 [http-nio-8087-exec-9] ERROR c.c.n.i.s.JwtAuthenticationEntryPoint - Unauthorized error: Full authentication is required to access this resource
2026-05-18 20:54:34 [http-nio-8087-exec-10] DEBUG o.s.security.web.FilterChainProxy - Securing GET /ws/notifications/info?t=1779117874841
2026-05-18 20:54:34 [http-nio-8087-exec-10] DEBUG o.s.s.w.a.AnonymousAuthenticationFilter - Set SecurityContextHolder to anonymous SecurityContext
2026-05-18 20:54:34 [http-nio-8087-exec-10] ERROR c.c.n.i.s.JwtAuthenticationEntryPoint - Unauthorized error: Full authentication is required to access this resource
2026-05-18 20:54:40 [http-nio-8087-exec-2] DEBUG o.s.security.web.FilterChainProxy - Securing GET /ws/notifications/info?t=1779117880840
2026-05-18 20:54:40 [http-nio-8087-exec-2] DEBUG o.s.s.w.a.AnonymousAuthenticationFilter - Set SecurityContextHolder to anonymous SecurityContext
2026-05-18 20:54:40 [http-nio-8087-exec-2] ERROR c.c.n.i.s.JwtAuthenticationEntryPoint - Unauthorized error: Full authentication is required to access this resource
2026-05-18 20:54:46 [http-nio-8087-exec-4] DEBUG o.s.security.web.FilterChainProxy - Securing GET /ws/notifications/info?t=1779117886841
2026-05-18 20:54:46 [http-nio-8087-exec-4] DEBUG o.s.s.w.a.AnonymousAuthenticationFilter - Set SecurityContextHolder to anonymous SecurityContext
2026-05-18 20:54:46 [http-nio-8087-exec-4] ERROR c.c.n.i.s.JwtAuthenticationEntryPoint - Unauthorized error: Full authentication is required to access this resource
2026-05-18 20:54:52 [http-nio-8087-exec-3] DEBUG o.s.security.web.FilterChainProxy - Securing GET /ws/notifications/info?t=1779117892840
2026-05-18 20:54:52 [http-nio-8087-exec-3] DEBUG o.s.s.w.a.AnonymousAuthenticationFilter - Set SecurityContextHolder to anonymous SecurityContext
2026-05-18 20:54:52 [http-nio-8087-exec-3] ERROR c.c.n.i.s.JwtAuthenticationEntryPoint - Unauthorized error: Full authentication is required to access this resource
2026-05-18 20:54:58 [http-nio-8087-exec-1] DEBUG o.s.security.web.FilterChainProxy - Securing GET /ws/notifications/info?t=1779117898841
2026-05-18 20:54:58 [http-nio-8087-exec-1] DEBUG o.s.s.w.a.AnonymousAuthenticationFilter - Set SecurityContextHolder to anonymous SecurityContext
2026-05-18 20:54:58 [http-nio-8087-exec-1] ERROR c.c.n.i.s.JwtAuthenticationEntryPoint - Unauthorized error: Full authentication is required to access this resource
2026-05-18 20:55:04 [http-nio-8087-exec-5] DEBUG o.s.security.web.FilterChainProxy - Securing GET /ws/notifications/info?t=1779117904841
2026-05-18 20:55:04 [http-nio-8087-exec-5] DEBUG o.s.s.w.a.AnonymousAuthenticationFilter - Set SecurityContextHolder to anonymous SecurityContext
2026-05-18 20:55:04 [http-nio-8087-exec-5] ERROR c.c.n.i.s.JwtAuthenticationEntryPoint - Unauthorized error: Full authentication is required to access this resource
2026-05-18 20:55:10 [http-nio-8087-exec-6] DEBUG o.s.security.web.FilterChainProxy - Securing GET /ws/notifications/info?t=1779117910840
2026-05-18 20:55:10 [http-nio-8087-exec-6] DEBUG o.s.s.w.a.AnonymousAuthenticationFilter - Set SecurityContextHolder to anonymous SecurityContext
2026-05-18 20:55:10 [http-nio-8087-exec-6] ERROR c.c.n.i.s.JwtAuthenticationEntryPoint - Unauthorized error: Full authentication is required to access this resource
2026-05-18 20:55:16 [http-nio-8087-exec-7] DEBUG o.s.security.web.FilterChainProxy - Securing GET /ws/notifications/info?t=1779117916842
2026-05-18 20:55:16 [http-nio-8087-exec-7] DEBUG o.s.s.w.a.AnonymousAuthenticationFilter - Set SecurityContextHolder to anonymous SecurityContext
2026-05-18 20:55:16 [http-nio-8087-exec-7] ERROR c.c.n.i.s.JwtAuthenticationEntryPoint - Unauthorized error: Full authentication is required to access this resource
2026-05-18 20:55:21 [http-nio-8087-exec-8] DEBUG o.s.security.web.FilterChainProxy - Securing GET /ws/notifications/info?t=1779117921861
2026-05-18 20:55:21 [http-nio-8087-exec-8] DEBUG o.s.s.w.a.AnonymousAuthenticationFilter - Set SecurityContextHolder to anonymous SecurityContext
2026-05-18 20:55:21 [http-nio-8087-exec-8] ERROR c.c.n.i.s.JwtAuthenticationEntryPoint - Unauthorized error: Full authentication is required to access this resource
2026-05-18 20:55:26 [http-nio-8087-exec-9] DEBUG o.s.security.web.FilterChainProxy - Securing GET /ws/notifications/info?t=1779117926871
2026-05-18 20:55:26 [http-nio-8087-exec-9] DEBUG o.s.s.w.a.AnonymousAuthenticationFilter - Set SecurityContextHolder to anonymous SecurityContext
2026-05-18 20:55:26 [http-nio-8087-exec-9] ERROR c.c.n.i.s.JwtAuthenticationEntryPoint - Unauthorized error: Full authentication is required to access this resource
2026-05-18 20:55:31 [http-nio-8087-exec-10] DEBUG o.s.security.web.FilterChainProxy - Securing GET /ws/notifications/info?t=1779117931879
2026-05-18 20:55:31 [http-nio-8087-exec-10] DEBUG o.s.s.w.a.AnonymousAuthenticationFilter - Set SecurityContextHolder to anonymous SecurityContext
2026-05-18 20:55:31 [http-nio-8087-exec-10] ERROR c.c.n.i.s.JwtAuthenticationEntryPoint - Unauthorized error: Full authentication is required to access this resource
2026-05-18 20:55:36 [http-nio-8087-exec-2] DEBUG o.s.security.web.FilterChainProxy - Securing GET /ws/notifications/info?t=1779117936888
2026-05-18 20:55:36 [http-nio-8087-exec-2] DEBUG o.s.s.w.a.AnonymousAuthenticationFilter - Set SecurityContextHolder to anonymous SecurityContext
2026-05-18 20:55:36 [http-nio-8087-exec-2] ERROR c.c.n.i.s.JwtAuthenticationEntryPoint - Unauthorized error: Full authentication is required to access this resource
2026-05-18 20:55:41 [http-nio-8087-exec-4] DEBUG o.s.security.web.FilterChainProxy - Securing GET /ws/notifications/info?t=1779117941896
2026-05-18 20:55:41 [http-nio-8087-exec-4] DEBUG o.s.s.w.a.AnonymousAuthenticationFilter - Set SecurityContextHolder to anonymous SecurityContext
2026-05-18 20:55:41 [http-nio-8087-exec-4] ERROR c.c.n.i.s.JwtAuthenticationEntryPoint - Unauthorized error: Full authentication is required to access this resource
2026-05-18 20:55:46 [http-nio-8087-exec-3] DEBUG o.s.security.web.FilterChainProxy - Securing GET /ws/notifications/info?t=1779117946906
2026-05-18 20:55:46 [http-nio-8087-exec-3] DEBUG o.s.s.w.a.AnonymousAuthenticationFilter - Set SecurityContextHolder to anonymous SecurityContext
2026-05-18 20:55:46 [http-nio-8087-exec-3] ERROR c.c.n.i.s.JwtAuthenticationEntryPoint - Unauthorized error: Full authentication is required to access this resource
2026-05-18 20:55:51 [http-nio-8087-exec-1] DEBUG o.s.security.web.FilterChainProxy - Securing GET /ws/notifications/info?t=1779117951915
2026-05-18 20:55:51 [http-nio-8087-exec-1] DEBUG o.s.s.w.a.AnonymousAuthenticationFilter - Set SecurityContextHolder to anonymous SecurityContext
2026-05-18 20:55:51 [http-nio-8087-exec-1] ERROR c.c.n.i.s.JwtAuthenticationEntryPoint - Unauthorized error: Full authentication is required to access this resource
2026-05-18 20:55:56 [http-nio-8087-exec-5] DEBUG o.s.security.web.FilterChainProxy - Securing GET /ws/notifications/info?t=1779117956923
2026-05-18 20:55:56 [http-nio-8087-exec-5] DEBUG o.s.s.w.a.AnonymousAuthenticationFilter - Set SecurityContextHolder to anonymous SecurityContext
2026-05-18 20:55:56 [http-nio-8087-exec-5] ERROR c.c.n.i.s.JwtAuthenticationEntryPoint - Unauthorized error: Full authentication is required to access this resource
2026-05-18 20:56:00 [org.springframework.kafka.KafkaListenerEndpointContainer#0-0-C-1] ERROR o.s.k.listener.DefaultErrorHandler - Backoff FixedBackOff{interval=0, currentAttempts=1, maxAttempts=0} exhausted for ticket.created-0@167
org.springframework.kafka.listener.ListenerExecutionFailedException: Listener method could not be invoked with the incoming message
Endpoint handler details:
Method [public void com.cognizant.notificationservice.infrastructure.kafka.NotificationEventConsumer.consumeTicketCreated(com.library.common.event.TicketCreatedEvent)]
Bean [com.cognizant.notificationservice.infrastructure.kafka.NotificationEventConsumer@11fa5334]
	at org.springframework.kafka.listener.KafkaMessageListenerContainer$ListenerConsumer.decorateException(KafkaMessageListenerContainer.java:2950)
	at org.springframework.kafka.listener.KafkaMessageListenerContainer$ListenerConsumer.doInvokeOnMessage(KafkaMessageListenerContainer.java:2895)
	at org.springframework.kafka.listener.KafkaMessageListenerContainer$ListenerConsumer.invokeOnMessage(KafkaMessageListenerContainer.java:2859)
	at org.springframework.kafka.listener.KafkaMessageListenerContainer$ListenerConsumer.lambda$doInvokeRecordListener$55(KafkaMessageListenerContainer.java:2777)
	at io.micrometer.observation.Observation.observe(Observation.java:499)
	at org.springframework.kafka.listener.KafkaMessageListenerContainer$ListenerConsumer.doInvokeRecordListener(KafkaMessageListenerContainer.java:2776)
	at org.springframework.kafka.listener.KafkaMessageListenerContainer$ListenerConsumer.doInvokeWithRecords(KafkaMessageListenerContainer.java:2625)
	at org.springframework.kafka.listener.KafkaMessageListenerContainer$ListenerConsumer.invokeRecordListener(KafkaMessageListenerContainer.java:2511)
	at org.springframework.kafka.listener.KafkaMessageListenerContainer$ListenerConsumer.invokeListener(KafkaMessageListenerContainer.java:2153)
	at org.springframework.kafka.listener.KafkaMessageListenerContainer$ListenerConsumer.invokeIfHaveRecords(KafkaMessageListenerContainer.java:1493)
	at org.springframework.kafka.listener.KafkaMessageListenerContainer$ListenerConsumer.pollAndInvoke(KafkaMessageListenerContainer.java:1458)
	at org.springframework.kafka.listener.KafkaMessageListenerContainer$ListenerConsumer.run(KafkaMessageListenerContainer.java:1328)
	at java.base/java.util.concurrent.CompletableFuture$AsyncRun.run(CompletableFuture.java:1804)
	at java.base/java.lang.Thread.run(Thread.java:1583)
	Suppressed: org.springframework.kafka.listener.ListenerExecutionFailedException: Restored Stack Trace
		at org.springframework.kafka.listener.adapter.MessagingMessageListenerAdapter.checkAckArg(MessagingMessageListenerAdapter.java:402)
		at org.springframework.kafka.listener.adapter.MessagingMessageListenerAdapter.invokeHandler(MessagingMessageListenerAdapter.java:380)
		at org.springframework.kafka.listener.adapter.RecordMessagingMessageListenerAdapter.onMessage(RecordMessagingMessageListenerAdapter.java:92)
		at org.springframework.kafka.listener.adapter.RecordMessagingMessageListenerAdapter.onMessage(RecordMessagingMessageListenerAdapter.java:53)
		at org.springframework.kafka.listener.KafkaMessageListenerContainer$ListenerConsumer.doInvokeOnMessage(KafkaMessageListenerContainer.java:2881)
Caused by: org.springframework.messaging.converter.MessageConversionException: Cannot handle message
	at org.springframework.kafka.listener.adapter.MessagingMessageListenerAdapter.invokeHandler(MessagingMessageListenerAdapter.java:380)
	at org.springframework.kafka.listener.adapter.RecordMessagingMessageListenerAdapter.onMessage(RecordMessagingMessageListenerAdapter.java:92)
	at org.springframework.kafka.listener.adapter.RecordMessagingMessageListenerAdapter.onMessage(RecordMessagingMessageListenerAdapter.java:53)
	at org.springframework.kafka.listener.KafkaMessageListenerContainer$ListenerConsumer.doInvokeOnMessage(KafkaMessageListenerContainer.java:2881)
	... 12 common frames omitted
Caused by: org.springframework.messaging.converter.MessageConversionException: Cannot convert from [com.cognizant.notificationservice.application.dto.event.NotificationEvent] to [com.library.common.event.TicketCreatedEvent] for GenericMessage [payload=NotificationEvent(eventType=null, referenceId=null, referenceType=null, recipientUserIds=null, templateVariables=null), headers={kafka_offset=167, kafka_consumer=org.springframework.kafka.core.DefaultKafkaConsumerFactory$ExtendedKafkaConsumer@301d65be, kafka_timestampType=CREATE_TIME, kafka_receivedPartitionId=0, kafka_receivedTopic=ticket.created, kafka_receivedTimestamp=1779117960541, kafka_groupId=notification-service-group}]
	at org.springframework.messaging.handler.annotation.support.PayloadMethodArgumentResolver.resolveArgument(PayloadMethodArgumentResolver.java:151)
	at org.springframework.kafka.annotation.KafkaNullAwarePayloadArgumentResolver.resolveArgument(KafkaNullAwarePayloadArgumentResolver.java:48)
	at org.springframework.messaging.handler.invocation.HandlerMethodArgumentResolverComposite.resolveArgument(HandlerMethodArgumentResolverComposite.java:118)
	at org.springframework.messaging.handler.invocation.InvocableHandlerMethod.getMethodArgumentValues(InvocableHandlerMethod.java:147)
	at org.springframework.messaging.handler.invocation.InvocableHandlerMethod.invoke(InvocableHandlerMethod.java:115)
	at org.springframework.kafka.listener.adapter.HandlerAdapter.invoke(HandlerAdapter.java:56)
	at org.springframework.kafka.listener.adapter.MessagingMessageListenerAdapter.invokeHandler(MessagingMessageListenerAdapter.java:376)
	... 15 common frames omitted
2026-05-18 20:56:01 [http-nio-8087-exec-6] DEBUG o.s.security.web.FilterChainProxy - Securing GET /ws/notifications/info?t=1779117961930
2026-05-18 20:56:01 [http-nio-8087-exec-6] DEBUG o.s.s.w.a.AnonymousAuthenticationFilter - Set SecurityContextHolder to anonymous SecurityContext
2026-05-18 20:56:01 [http-nio-8087-exec-6] ERROR c.c.n.i.s.JwtAuthenticationEntryPoint - Unauthorized error: Full authentication is required to access this resource
2026-05-18 20:56:06 [http-nio-8087-exec-7] DEBUG o.s.security.web.FilterChainProxy - Securing GET /ws/notifications/info?t=1779117966940
2026-05-18 20:56:06 [http-nio-8087-exec-7] DEBUG o.s.s.w.a.AnonymousAuthenticationFilter - Set SecurityContextHolder to anonymous SecurityContext
2026-05-18 20:56:06 [http-nio-8087-exec-7] ERROR c.c.n.i.s.JwtAuthenticationEntryPoint - Unauthorized error: Full authentication is required to access this resource
2026-05-18 20:56:11 [http-nio-8087-exec-8] DEBUG o.s.security.web.FilterChainProxy - Securing GET /ws/notifications/info?t=1779117971948
2026-05-18 20:56:11 [http-nio-8087-exec-8] DEBUG o.s.s.w.a.AnonymousAuthenticationFilter - Set SecurityContextHolder to anonymous SecurityContext
2026-05-18 20:56:11 [http-nio-8087-exec-8] ERROR c.c.n.i.s.JwtAuthenticationEntryPoint - Unauthorized error: Full authentication is required to access this resource
2026-05-18 20:56:16 [http-nio-8087-exec-9] DEBUG o.s.security.web.FilterChainProxy - Securing GET /ws/notifications/info?t=1779117976957
2026-05-18 20:56:16 [http-nio-8087-exec-9] DEBUG o.s.s.w.a.AnonymousAuthenticationFilter - Set SecurityContextHolder to anonymous SecurityContext
2026-05-18 20:56:16 [http-nio-8087-exec-9] ERROR c.c.n.i.s.JwtAuthenticationEntryPoint - Unauthorized error: Full authentication is required to access this resource
2026-05-18 20:56:21 [http-nio-8087-exec-10] DEBUG o.s.security.web.FilterChainProxy - Securing GET /ws/notifications/info?t=1779117981967
2026-05-18 20:56:21 [http-nio-8087-exec-10] DEBUG o.s.s.w.a.AnonymousAuthenticationFilter - Set SecurityContextHolder to anonymous SecurityContext
2026-05-18 20:56:21 [http-nio-8087-exec-10] ERROR c.c.n.i.s.JwtAuthenticationEntryPoint - Unauthorized error: Full authentication is required to access this resource
2026-05-18 20:56:26 [http-nio-8087-exec-2] DEBUG o.s.security.web.FilterChainProxy - Securing GET /ws/notifications/info?t=1779117986976
2026-05-18 20:56:26 [http-nio-8087-exec-2] DEBUG o.s.s.w.a.AnonymousAuthenticationFilter - Set SecurityContextHolder to anonymous SecurityContext
2026-05-18 20:56:26 [http-nio-8087-exec-2] ERROR c.c.n.i.s.JwtAuthenticationEntryPoint - Unauthorized error: Full authentication is required to access this resource
2026-05-18 20:56:27 [MessageBroker-1] INFO  o.s.w.s.c.WebSocketMessageBrokerStats - WebSocketSession[0 current WS(0)-HttpStream(0)-HttpPoll(0), 0 total, 0 closed abnormally (0 connect failure, 0 send limit, 0 transport error)], stompSubProtocol[processed CONNECT(0)-CONNECTED(0)-DISCONNECT(0)], stompBrokerRelay[null], inboundChannel[pool size = 0, active threads = 0, queued tasks = 0, completed tasks = 0], outboundChannel[pool size = 0, active threads = 0, queued tasks = 0, completed tasks = 0], sockJsScheduler[pool size = 2, active threads = 1, queued tasks = 0, completed tasks = 1]
2026-05-18 20:56:31 [http-nio-8087-exec-4] DEBUG o.s.security.web.FilterChainProxy - Securing GET /ws/notifications/info?t=1779117991987
2026-05-18 20:56:31 [http-nio-8087-exec-4] DEBUG o.s.s.w.a.AnonymousAuthenticationFilter - Set SecurityContextHolder to anonymous SecurityContext
2026-05-18 20:56:31 [http-nio-8087-exec-4] ERROR c.c.n.i.s.JwtAuthenticationEntryPoint - Unauthorized error: Full authentication is required to access this resource
2026-05-18 20:56:36 [http-nio-8087-exec-3] DEBUG o.s.security.web.FilterChainProxy - Securing GET /ws/notifications/info?t=1779117996994
2026-05-18 20:56:36 [http-nio-8087-exec-3] DEBUG o.s.s.w.a.AnonymousAuthenticationFilter - Set SecurityContextHolder to anonymous SecurityContext
2026-05-18 20:56:36 [http-nio-8087-exec-3] ERROR c.c.n.i.s.JwtAuthenticationEntryPoint - Unauthorized error: Full authentication is required to access this resource
2026-05-18 20:56:42 [http-nio-8087-exec-1] DEBUG o.s.security.web.FilterChainProxy - Securing GET /ws/notifications/info?t=1779118002842
2026-05-18 20:56:42 [http-nio-8087-exec-1] DEBUG o.s.s.w.a.AnonymousAuthenticationFilter - Set SecurityContextHolder to anonymous SecurityContext
2026-05-18 20:56:42 [http-nio-8087-exec-1] ERROR c.c.n.i.s.JwtAuthenticationEntryPoint - Unauthorized error: Full authentication is required to access this resource
2026-05-18 20:56:48 [http-nio-8087-exec-5] DEBUG o.s.security.web.FilterChainProxy - Securing GET /ws/notifications/info?t=1779118008841
2026-05-18 20:56:48 [http-nio-8087-exec-5] DEBUG o.s.s.w.a.AnonymousAuthenticationFilter - Set SecurityContextHolder to anonymous SecurityContext
2026-05-18 20:56:48 [http-nio-8087-exec-5] ERROR c.c.n.i.s.JwtAuthenticationEntryPoint - Unauthorized error: Full authentication is required to access this resource
2026-05-18 20:56:54 [http-nio-8087-exec-6] DEBUG o.s.security.web.FilterChainProxy - Securing GET /ws/notifications/info?t=1779118014841
2026-05-18 20:56:54 [http-nio-8087-exec-6] DEBUG o.s.s.w.a.AnonymousAuthenticationFilter - Set SecurityContextHolder to anonymous SecurityContext
2026-05-18 20:56:54 [http-nio-8087-exec-6] ERROR c.c.n.i.s.JwtAuthenticationEntryPoint - Unauthorized error: Full authentication is required to access this resource
2026-05-18 20:57:00 [http-nio-8087-exec-7] DEBUG o.s.security.web.FilterChainProxy - Securing GET /ws/notifications/info?t=1779118020842
2026-05-18 20:57:00 [http-nio-8087-exec-7] DEBUG o.s.s.w.a.AnonymousAuthenticationFilter - Set SecurityContextHolder to anonymous SecurityContext
2026-05-18 20:57:00 [http-nio-8087-exec-7] ERROR c.c.n.i.s.JwtAuthenticationEntryPoint - Unauthorized error: Full authentication is required to access this resource
2026-05-18 20:57:06 [http-nio-8087-exec-8] DEBUG o.s.security.web.FilterChainProxy - Securing GET /ws/notifications/info?t=1779118026841
2026-05-18 20:57:06 [http-nio-8087-exec-8] DEBUG o.s.s.w.a.AnonymousAuthenticationFilter - Set SecurityContextHolder to anonymous SecurityContext
2026-05-18 20:57:06 [http-nio-8087-exec-8] ERROR c.c.n.i.s.JwtAuthenticationEntryPoint - Unauthorized error: Full authentication is required to access this resource
2026-05-18 20:57:11 [http-nio-8087-exec-9] DEBUG o.s.security.web.FilterChainProxy - Securing GET /ws/notifications/info?t=1779118031850
2026-05-18 20:57:11 [http-nio-8087-exec-9] DEBUG o.s.s.w.a.AnonymousAuthenticationFilter - Set SecurityContextHolder to anonymous SecurityContext
2026-05-18 20:57:11 [http-nio-8087-exec-9] ERROR c.c.n.i.s.JwtAuthenticationEntryPoint - Unauthorized error: Full authentication is required to access this resource
2026-05-18 20:57:16 [http-nio-8087-exec-10] DEBUG o.s.security.web.FilterChainProxy - Securing GET /ws/notifications/info?t=1779118036859
2026-05-18 20:57:16 [http-nio-8087-exec-10] DEBUG o.s.s.w.a.AnonymousAuthenticationFilter - Set SecurityContextHolder to anonymous SecurityContext
2026-05-18 20:57:16 [http-nio-8087-exec-10] ERROR c.c.n.i.s.JwtAuthenticationEntryPoint - Unauthorized error: Full authentication is required to access this resource
2026-05-18 20:57:21 [http-nio-8087-exec-2] DEBUG o.s.security.web.FilterChainProxy - Securing GET /ws/notifications/info?t=1779118041868
2026-05-18 20:57:21 [http-nio-8087-exec-2] DEBUG o.s.s.w.a.AnonymousAuthenticationFilter - Set SecurityContextHolder to anonymous SecurityContext
2026-05-18 20:57:21 [http-nio-8087-exec-2] ERROR c.c.n.i.s.JwtAuthenticationEntryPoint - Unauthorized error: Full authentication is required to access this resource
2026-05-18 20:57:31 [http-nio-8087-exec-3] DEBUG o.s.security.web.FilterChainProxy - Securing GET /api/notifications/users/38703d32-d07a-4b5f-ae53-41b9b352cf68
2026-05-18 20:57:31 [http-nio-8087-exec-4] DEBUG o.s.security.web.FilterChainProxy - Securing GET /api/notifications/users/38703d32-d07a-4b5f-ae53-41b9b352cf68/unread-count
2026-05-18 20:57:31 [http-nio-8087-exec-4] DEBUG c.c.n.i.s.JwtAuthenticationFilter - Set authentication for user: user1@demo.local
2026-05-18 20:57:31 [http-nio-8087-exec-4] DEBUG o.s.security.web.FilterChainProxy - Secured GET /api/notifications/users/38703d32-d07a-4b5f-ae53-41b9b352cf68/unread-count
2026-05-18 20:57:31 [http-nio-8087-exec-3] DEBUG c.c.n.i.s.JwtAuthenticationFilter - Set authentication for user: user1@demo.local
2026-05-18 20:57:31 [http-nio-8087-exec-3] DEBUG o.s.security.web.FilterChainProxy - Secured GET /api/notifications/users/38703d32-d07a-4b5f-ae53-41b9b352cf68
2026-05-18 20:57:31 [http-nio-8087-exec-4] DEBUG o.s.s.a.m.AuthorizationManagerBeforeMethodInterceptor - Authorizing method invocation ReflectiveMethodInvocation: public org.springframework.http.ResponseEntity com.cognizant.notificationservice.adapter.web.controller.NotificationController.getUnreadCount(java.util.UUID); target is of class [com.cognizant.notificationservice.adapter.web.controller.NotificationController]
2026-05-18 20:57:31 [http-nio-8087-exec-4] DEBUG o.s.s.a.m.AuthorizationManagerBeforeMethodInterceptor - Authorized method invocation ReflectiveMethodInvocation: public org.springframework.http.ResponseEntity com.cognizant.notificationservice.adapter.web.controller.NotificationController.getUnreadCount(java.util.UUID); target is of class [com.cognizant.notificationservice.adapter.web.controller.NotificationController]
2026-05-18 20:57:31 [http-nio-8087-exec-3] DEBUG o.s.s.a.m.AuthorizationManagerBeforeMethodInterceptor - Authorizing method invocation ReflectiveMethodInvocation: public org.springframework.http.ResponseEntity com.cognizant.notificationservice.adapter.web.controller.NotificationController.getUserNotifications(java.util.UUID,org.springframework.data.domain.Pageable); target is of class [com.cognizant.notificationservice.adapter.web.controller.NotificationController]
2026-05-18 20:57:31 [http-nio-8087-exec-3] DEBUG o.s.s.a.m.AuthorizationManagerBeforeMethodInterceptor - Authorized method invocation ReflectiveMethodInvocation: public org.springframework.http.ResponseEntity com.cognizant.notificationservice.adapter.web.controller.NotificationController.getUserNotifications(java.util.UUID,org.springframework.data.domain.Pageable); target is of class [com.cognizant.notificationservice.adapter.web.controller.NotificationController]
2026-05-18 20:57:31 [http-nio-8087-exec-4] DEBUG org.hibernate.SQL - 
    select
        count(nr1_0.recipient_id) 
    from
        notification_recipients nr1_0 
    where
        nr1_0.user_id=? 
        and not(nr1_0.is_read)
2026-05-18 20:57:31 [http-nio-8087-exec-3] DEBUG org.hibernate.SQL - 
    select
        nr1_0.recipient_id,
        nr1_0.delivered_at,
        nr1_0.notification_id,
        nr1_0.is_read,
        nr1_0.read_at,
        nr1_0.user_id 
    from
        notification_recipients nr1_0 
    where
        nr1_0.user_id=? 
    order by
        nr1_0.delivered_at desc,
        nr1_0.delivered_at 
    offset
        ? rows 
    fetch
        first ? rows only
2026-05-18 20:57:31 [http-nio-8087-exec-1] DEBUG o.s.security.web.FilterChainProxy - Securing GET /ws/notifications/info?t=1779118051447
2026-05-18 20:57:31 [http-nio-8087-exec-1] DEBUG o.s.s.w.a.AnonymousAuthenticationFilter - Set SecurityContextHolder to anonymous SecurityContext
2026-05-18 20:57:31 [http-nio-8087-exec-1] ERROR c.c.n.i.s.JwtAuthenticationEntryPoint - Unauthorized error: Full authentication is required to access this resource
2026-05-18 20:57:31 [http-nio-8087-exec-3] DEBUG org.hibernate.SQL - 
    select
        count(nr1_0.recipient_id) 
    from
        notification_recipients nr1_0 
    where
        nr1_0.user_id=?
2026-05-18 20:57:31 [http-nio-8087-exec-3] DEBUG org.hibernate.SQL - 
    select
        n1_0.notification_id,
        n1_0.created_at,
        n1_0.message,
        n1_0.reference_id,
        n1_0.reference_type,
        n1_0.status,
        n1_0.title,
        n1_0.type 
    from
        notifications n1_0 
    where
        n1_0.notification_id=?
2026-05-18 20:57:31 [http-nio-8087-exec-3] DEBUG org.hibernate.SQL - 
    select
        n1_0.notification_id,
        n1_0.created_at,
        n1_0.message,
        n1_0.reference_id,
        n1_0.reference_type,
        n1_0.status,
        n1_0.title,
        n1_0.type 
    from
        notifications n1_0 
    where
        n1_0.notification_id=?
2026-05-18 20:57:31 [http-nio-8087-exec-3] DEBUG org.hibernate.SQL - 
    select
        n1_0.notification_id,
        n1_0.created_at,
        n1_0.message,
        n1_0.reference_id,
        n1_0.reference_type,
        n1_0.status,
        n1_0.title,
        n1_0.type 
    from
        notifications n1_0 
    where
        n1_0.notification_id=?
2026-05-18 20:57:31 [http-nio-8087-exec-3] DEBUG org.hibernate.SQL - 
    select
        n1_0.notification_id,
        n1_0.created_at,
        n1_0.message,
        n1_0.reference_id,
        n1_0.reference_type,
        n1_0.status,
        n1_0.title,
        n1_0.type 
    from
        notifications n1_0 
    where
        n1_0.notification_id=?
2026-05-18 20:57:31 [http-nio-8087-exec-3] DEBUG org.hibernate.SQL - 
    select
        n1_0.notification_id,
        n1_0.created_at,
        n1_0.message,
        n1_0.reference_id,
        n1_0.reference_type,
        n1_0.status,
        n1_0.title,
        n1_0.type 
    from
        notifications n1_0 
    where
        n1_0.notification_id=?
2026-05-18 20:57:31 [http-nio-8087-exec-3] DEBUG org.hibernate.SQL - 
    select
        n1_0.notification_id,
        n1_0.created_at,
        n1_0.message,
        n1_0.reference_id,
        n1_0.reference_type,
        n1_0.status,
        n1_0.title,
        n1_0.type 
    from
        notifications n1_0 
    where
        n1_0.notification_id=?
2026-05-18 20:57:31 [http-nio-8087-exec-3] DEBUG org.hibernate.SQL - 
    select
        n1_0.notification_id,
        n1_0.created_at,
        n1_0.message,
        n1_0.reference_id,
        n1_0.reference_type,
        n1_0.status,
        n1_0.title,
        n1_0.type 
    from
        notifications n1_0 
    where
        n1_0.notification_id=?
2026-05-18 20:57:31 [http-nio-8087-exec-3] DEBUG org.hibernate.SQL - 
    select
        n1_0.notification_id,
        n1_0.created_at,
        n1_0.message,
        n1_0.reference_id,
        n1_0.reference_type,
        n1_0.status,
        n1_0.title,
        n1_0.type 
    from
        notifications n1_0 
    where
        n1_0.notification_id=?
2026-05-18 20:57:31 [http-nio-8087-exec-3] DEBUG org.hibernate.SQL - 
    select
        n1_0.notification_id,
        n1_0.created_at,
        n1_0.message,
        n1_0.reference_id,
        n1_0.reference_type,
        n1_0.status,
        n1_0.title,
        n1_0.type 
    from
        notifications n1_0 
    where
        n1_0.notification_id=?
2026-05-18 20:57:31 [http-nio-8087-exec-3] DEBUG org.hibernate.SQL - 
    select
        n1_0.notification_id,
        n1_0.created_at,
        n1_0.message,
        n1_0.reference_id,
        n1_0.reference_type,
        n1_0.status,
        n1_0.title,
        n1_0.type 
    from
        notifications n1_0 
    where
        n1_0.notification_id=?
2026-05-18 20:57:31 [http-nio-8087-exec-3] DEBUG org.hibernate.SQL - 
    select
        n1_0.notification_id,
        n1_0.created_at,
        n1_0.message,
        n1_0.reference_id,
        n1_0.reference_type,
        n1_0.status,
        n1_0.title,
        n1_0.type 
    from
        notifications n1_0 
    where
        n1_0.notification_id=?
2026-05-18 20:57:31 [http-nio-8087-exec-3] DEBUG org.hibernate.SQL - 
    select
        n1_0.notification_id,
        n1_0.created_at,
        n1_0.message,
        n1_0.reference_id,
        n1_0.reference_type,
        n1_0.status,
        n1_0.title,
        n1_0.type 
    from
        notifications n1_0 
    where
        n1_0.notification_id=?
2026-05-18 20:57:31 [http-nio-8087-exec-3] DEBUG org.hibernate.SQL - 
    select
        n1_0.notification_id,
        n1_0.created_at,
        n1_0.message,
        n1_0.reference_id,
        n1_0.reference_type,
        n1_0.status,
        n1_0.title,
        n1_0.type 
    from
        notifications n1_0 
    where
        n1_0.notification_id=?
2026-05-18 20:57:31 [http-nio-8087-exec-3] DEBUG org.hibernate.SQL - 
    select
        n1_0.notification_id,
        n1_0.created_at,
        n1_0.message,
        n1_0.reference_id,
        n1_0.reference_type,
        n1_0.status,
        n1_0.title,
        n1_0.type 
    from
        notifications n1_0 
    where
        n1_0.notification_id=?
2026-05-18 20:57:31 [http-nio-8087-exec-3] DEBUG org.hibernate.SQL - 
    select
        n1_0.notification_id,
        n1_0.created_at,
        n1_0.message,
        n1_0.reference_id,
        n1_0.reference_type,
        n1_0.status,
        n1_0.title,
        n1_0.type 
    from
        notifications n1_0 
    where
        n1_0.notification_id=?
2026-05-18 20:57:31 [http-nio-8087-exec-3] DEBUG org.hibernate.SQL - 
    select
        n1_0.notification_id,
        n1_0.created_at,
        n1_0.message,
        n1_0.reference_id,
        n1_0.reference_type,
        n1_0.status,
        n1_0.title,
        n1_0.type 
    from
        notifications n1_0 
    where
        n1_0.notification_id=?
2026-05-18 20:57:31 [http-nio-8087-exec-3] DEBUG org.hibernate.SQL - 
    select
        n1_0.notification_id,
        n1_0.created_at,
        n1_0.message,
        n1_0.reference_id,
        n1_0.reference_type,
        n1_0.status,
        n1_0.title,
        n1_0.type 
    from
        notifications n1_0 
    where
        n1_0.notification_id=?
2026-05-18 20:57:31 [http-nio-8087-exec-3] DEBUG org.hibernate.SQL - 
    select
        n1_0.notification_id,
        n1_0.created_at,
        n1_0.message,
        n1_0.reference_id,
        n1_0.reference_type,
        n1_0.status,
        n1_0.title,
        n1_0.type 
    from
        notifications n1_0 
    where
        n1_0.notification_id=?
2026-05-18 20:57:31 [http-nio-8087-exec-3] DEBUG org.hibernate.SQL - 
    select
        n1_0.notification_id,
        n1_0.created_at,
        n1_0.message,
        n1_0.reference_id,
        n1_0.reference_type,
        n1_0.status,
        n1_0.title,
        n1_0.type 
    from
        notifications n1_0 
    where
        n1_0.notification_id=?
2026-05-18 20:57:31 [http-nio-8087-exec-3] DEBUG org.hibernate.SQL - 
    select
        n1_0.notification_id,
        n1_0.created_at,
        n1_0.message,
        n1_0.reference_id,
        n1_0.reference_type,
        n1_0.status,
        n1_0.title,
        n1_0.type 
    from
        notifications n1_0 
    where
        n1_0.notification_id=?
2026-05-18 20:57:31 [http-nio-8087-exec-5] DEBUG o.s.security.web.FilterChainProxy - Securing GET /api/notifications/users/38703d32-d07a-4b5f-ae53-41b9b352cf68
2026-05-18 20:57:31 [http-nio-8087-exec-5] DEBUG c.c.n.i.s.JwtAuthenticationFilter - Set authentication for user: user1@demo.local
2026-05-18 20:57:31 [http-nio-8087-exec-5] DEBUG o.s.security.web.FilterChainProxy - Secured GET /api/notifications/users/38703d32-d07a-4b5f-ae53-41b9b352cf68
2026-05-18 20:57:31 [http-nio-8087-exec-5] DEBUG o.s.s.a.m.AuthorizationManagerBeforeMethodInterceptor - Authorizing method invocation ReflectiveMethodInvocation: public org.springframework.http.ResponseEntity com.cognizant.notificationservice.adapter.web.controller.NotificationController.getUserNotifications(java.util.UUID,org.springframework.data.domain.Pageable); target is of class [com.cognizant.notificationservice.adapter.web.controller.NotificationController]
2026-05-18 20:57:31 [http-nio-8087-exec-5] DEBUG o.s.s.a.m.AuthorizationManagerBeforeMethodInterceptor - Authorized method invocation ReflectiveMethodInvocation: public org.springframework.http.ResponseEntity com.cognizant.notificationservice.adapter.web.controller.NotificationController.getUserNotifications(java.util.UUID,org.springframework.data.domain.Pageable); target is of class [com.cognizant.notificationservice.adapter.web.controller.NotificationController]
2026-05-18 20:57:31 [http-nio-8087-exec-5] DEBUG org.hibernate.SQL - 
    select
        nr1_0.recipient_id,
        nr1_0.delivered_at,
        nr1_0.notification_id,
        nr1_0.is_read,
        nr1_0.read_at,
        nr1_0.user_id 
    from
        notification_recipients nr1_0 
    where
        nr1_0.user_id=? 
    order by
        nr1_0.delivered_at desc,
        nr1_0.delivered_at 
    offset
        ? rows 
    fetch
        first ? rows only
2026-05-18 20:57:31 [http-nio-8087-exec-5] DEBUG org.hibernate.SQL - 
    select
        count(nr1_0.recipient_id) 
    from
        notification_recipients nr1_0 
    where
        nr1_0.user_id=?
2026-05-18 20:57:31 [http-nio-8087-exec-5] DEBUG org.hibernate.SQL - 
    select
        n1_0.notification_id,
        n1_0.created_at,
        n1_0.message,
        n1_0.reference_id,
        n1_0.reference_type,
        n1_0.status,
        n1_0.title,
        n1_0.type 
    from
        notifications n1_0 
    where
        n1_0.notification_id=?
2026-05-18 20:57:31 [http-nio-8087-exec-5] DEBUG org.hibernate.SQL - 
    select
        n1_0.notification_id,
        n1_0.created_at,
        n1_0.message,
        n1_0.reference_id,
        n1_0.reference_type,
        n1_0.status,
        n1_0.title,
        n1_0.type 
    from
        notifications n1_0 
    where
        n1_0.notification_id=?
2026-05-18 20:57:31 [http-nio-8087-exec-5] DEBUG org.hibernate.SQL - 
    select
        n1_0.notification_id,
        n1_0.created_at,
        n1_0.message,
        n1_0.reference_id,
        n1_0.reference_type,
        n1_0.status,
        n1_0.title,
        n1_0.type 
    from
        notifications n1_0 
    where
        n1_0.notification_id=?
2026-05-18 20:57:31 [http-nio-8087-exec-5] DEBUG org.hibernate.SQL - 
    select
        n1_0.notification_id,
        n1_0.created_at,
        n1_0.message,
        n1_0.reference_id,
        n1_0.reference_type,
        n1_0.status,
        n1_0.title,
        n1_0.type 
    from
        notifications n1_0 
    where
        n1_0.notification_id=?
2026-05-18 20:57:31 [http-nio-8087-exec-5] DEBUG org.hibernate.SQL - 
    select
        n1_0.notification_id,
        n1_0.created_at,
        n1_0.message,
        n1_0.reference_id,
        n1_0.reference_type,
        n1_0.status,
        n1_0.title,
        n1_0.type 
    from
        notifications n1_0 
    where
        n1_0.notification_id=?
2026-05-18 20:57:31 [http-nio-8087-exec-5] DEBUG org.hibernate.SQL - 
    select
        n1_0.notification_id,
        n1_0.created_at,
        n1_0.message,
        n1_0.reference_id,
        n1_0.reference_type,
        n1_0.status,
        n1_0.title,
        n1_0.type 
    from
        notifications n1_0 
    where
        n1_0.notification_id=?
2026-05-18 20:57:31 [http-nio-8087-exec-5] DEBUG org.hibernate.SQL - 
    select
        n1_0.notification_id,
        n1_0.created_at,
        n1_0.message,
        n1_0.reference_id,
        n1_0.reference_type,
        n1_0.status,
        n1_0.title,
        n1_0.type 
    from
        notifications n1_0 
    where
        n1_0.notification_id=?
2026-05-18 20:57:31 [http-nio-8087-exec-5] DEBUG org.hibernate.SQL - 
    select
        n1_0.notification_id,
        n1_0.created_at,
        n1_0.message,
        n1_0.reference_id,
        n1_0.reference_type,
        n1_0.status,
        n1_0.title,
        n1_0.type 
    from
        notifications n1_0 
    where
        n1_0.notification_id=?
2026-05-18 20:57:31 [http-nio-8087-exec-5] DEBUG org.hibernate.SQL - 
    select
        n1_0.notification_id,
        n1_0.created_at,
        n1_0.message,
        n1_0.reference_id,
        n1_0.reference_type,
        n1_0.status,
        n1_0.title,
        n1_0.type 
    from
        notifications n1_0 
    where
        n1_0.notification_id=?
2026-05-18 20:57:31 [http-nio-8087-exec-5] DEBUG org.hibernate.SQL - 
    select
        n1_0.notification_id,
        n1_0.created_at,
        n1_0.message,
        n1_0.reference_id,
        n1_0.reference_type,
        n1_0.status,
        n1_0.title,
        n1_0.type 
    from
        notifications n1_0 
    where
        n1_0.notification_id=?
2026-05-18 20:57:31 [http-nio-8087-exec-5] DEBUG org.hibernate.SQL - 
    select
        n1_0.notification_id,
        n1_0.created_at,
        n1_0.message,
        n1_0.reference_id,
        n1_0.reference_type,
        n1_0.status,
        n1_0.title,
        n1_0.type 
    from
        notifications n1_0 
    where
        n1_0.notification_id=?
2026-05-18 20:57:31 [http-nio-8087-exec-5] DEBUG org.hibernate.SQL - 
    select
        n1_0.notification_id,
        n1_0.created_at,
        n1_0.message,
        n1_0.reference_id,
        n1_0.reference_type,
        n1_0.status,
        n1_0.title,
        n1_0.type 
    from
        notifications n1_0 
    where
        n1_0.notification_id=?
2026-05-18 20:57:31 [http-nio-8087-exec-5] DEBUG org.hibernate.SQL - 
    select
        n1_0.notification_id,
        n1_0.created_at,
        n1_0.message,
        n1_0.reference_id,
        n1_0.reference_type,
        n1_0.status,
        n1_0.title,
        n1_0.type 
    from
        notifications n1_0 
    where
        n1_0.notification_id=?
2026-05-18 20:57:31 [http-nio-8087-exec-5] DEBUG org.hibernate.SQL - 
    select
        n1_0.notification_id,
        n1_0.created_at,
        n1_0.message,
        n1_0.reference_id,
        n1_0.reference_type,
        n1_0.status,
        n1_0.title,
        n1_0.type 
    from
        notifications n1_0 
    where
        n1_0.notification_id=?
2026-05-18 20:57:31 [http-nio-8087-exec-5] DEBUG org.hibernate.SQL - 
    select
        n1_0.notification_id,
        n1_0.created_at,
        n1_0.message,
        n1_0.reference_id,
        n1_0.reference_type,
        n1_0.status,
        n1_0.title,
        n1_0.type 
    from
        notifications n1_0 
    where
        n1_0.notification_id=?
2026-05-18 20:57:31 [http-nio-8087-exec-5] DEBUG org.hibernate.SQL - 
    select
        n1_0.notification_id,
        n1_0.created_at,
        n1_0.message,
        n1_0.reference_id,
        n1_0.reference_type,
        n1_0.status,
        n1_0.title,
        n1_0.type 
    from
        notifications n1_0 
    where
        n1_0.notification_id=?
2026-05-18 20:57:31 [http-nio-8087-exec-5] DEBUG org.hibernate.SQL - 
    select
        n1_0.notification_id,
        n1_0.created_at,
        n1_0.message,
        n1_0.reference_id,
        n1_0.reference_type,
        n1_0.status,
        n1_0.title,
        n1_0.type 
    from
        notifications n1_0 
    where
        n1_0.notification_id=?
2026-05-18 20:57:31 [http-nio-8087-exec-5] DEBUG org.hibernate.SQL - 
    select
        n1_0.notification_id,
        n1_0.created_at,
        n1_0.message,
        n1_0.reference_id,
        n1_0.reference_type,
        n1_0.status,
        n1_0.title,
        n1_0.type 
    from
        notifications n1_0 
    where
        n1_0.notification_id=?
2026-05-18 20:57:31 [http-nio-8087-exec-5] DEBUG org.hibernate.SQL - 
    select
        n1_0.notification_id,
        n1_0.created_at,
        n1_0.message,
        n1_0.reference_id,
        n1_0.reference_type,
        n1_0.status,
        n1_0.title,
        n1_0.type 
    from
        notifications n1_0 
    where
        n1_0.notification_id=?
2026-05-18 20:57:31 [http-nio-8087-exec-5] DEBUG org.hibernate.SQL - 
    select
        n1_0.notification_id,
        n1_0.created_at,
        n1_0.message,
        n1_0.reference_id,
        n1_0.reference_type,
        n1_0.status,
        n1_0.title,
        n1_0.type 
    from
        notifications n1_0 
    where
        n1_0.notification_id=?
2026-05-18 20:57:31 [http-nio-8087-exec-6] DEBUG o.s.security.web.FilterChainProxy - Securing GET /api/notifications/users/38703d32-d07a-4b5f-ae53-41b9b352cf68
2026-05-18 20:57:31 [http-nio-8087-exec-6] DEBUG c.c.n.i.s.JwtAuthenticationFilter - Set authentication for user: user1@demo.local
2026-05-18 20:57:31 [http-nio-8087-exec-6] DEBUG o.s.security.web.FilterChainProxy - Secured GET /api/notifications/users/38703d32-d07a-4b5f-ae53-41b9b352cf68
2026-05-18 20:57:31 [http-nio-8087-exec-6] DEBUG o.s.s.a.m.AuthorizationManagerBeforeMethodInterceptor - Authorizing method invocation ReflectiveMethodInvocation: public org.springframework.http.ResponseEntity com.cognizant.notificationservice.adapter.web.controller.NotificationController.getUserNotifications(java.util.UUID,org.springframework.data.domain.Pageable); target is of class [com.cognizant.notificationservice.adapter.web.controller.NotificationController]
2026-05-18 20:57:31 [http-nio-8087-exec-6] DEBUG o.s.s.a.m.AuthorizationManagerBeforeMethodInterceptor - Authorized method invocation ReflectiveMethodInvocation: public org.springframework.http.ResponseEntity com.cognizant.notificationservice.adapter.web.controller.NotificationController.getUserNotifications(java.util.UUID,org.springframework.data.domain.Pageable); target is of class [com.cognizant.notificationservice.adapter.web.controller.NotificationController]
2026-05-18 20:57:31 [http-nio-8087-exec-6] DEBUG org.hibernate.SQL - 
    select
        nr1_0.recipient_id,
        nr1_0.delivered_at,
        nr1_0.notification_id,
        nr1_0.is_read,
        nr1_0.read_at,
        nr1_0.user_id 
    from
        notification_recipients nr1_0 
    where
        nr1_0.user_id=? 
    order by
        nr1_0.delivered_at desc,
        nr1_0.delivered_at 
    offset
        ? rows 
    fetch
        first ? rows only
2026-05-18 20:57:31 [http-nio-8087-exec-6] DEBUG org.hibernate.SQL - 
    select
        count(nr1_0.recipient_id) 
    from
        notification_recipients nr1_0 
    where
        nr1_0.user_id=?
2026-05-18 20:57:31 [http-nio-8087-exec-6] DEBUG org.hibernate.SQL - 
    select
        n1_0.notification_id,
        n1_0.created_at,
        n1_0.message,
        n1_0.reference_id,
        n1_0.reference_type,
        n1_0.status,
        n1_0.title,
        n1_0.type 
    from
        notifications n1_0 
    where
        n1_0.notification_id=?
2026-05-18 20:57:31 [http-nio-8087-exec-6] DEBUG org.hibernate.SQL - 
    select
        n1_0.notification_id,
        n1_0.created_at,
        n1_0.message,
        n1_0.reference_id,
        n1_0.reference_type,
        n1_0.status,
        n1_0.title,
        n1_0.type 
    from
        notifications n1_0 
    where
        n1_0.notification_id=?
2026-05-18 20:57:31 [http-nio-8087-exec-6] DEBUG org.hibernate.SQL - 
    select
        n1_0.notification_id,
        n1_0.created_at,
        n1_0.message,
        n1_0.reference_id,
        n1_0.reference_type,
        n1_0.status,
        n1_0.title,
        n1_0.type 
    from
        notifications n1_0 
    where
        n1_0.notification_id=?
2026-05-18 20:57:31 [http-nio-8087-exec-6] DEBUG org.hibernate.SQL - 
    select
        n1_0.notification_id,
        n1_0.created_at,
        n1_0.message,
        n1_0.reference_id,
        n1_0.reference_type,
        n1_0.status,
        n1_0.title,
        n1_0.type 
    from
        notifications n1_0 
    where
        n1_0.notification_id=?
2026-05-18 20:57:31 [http-nio-8087-exec-6] DEBUG org.hibernate.SQL - 
    select
        n1_0.notification_id,
        n1_0.created_at,
        n1_0.message,
        n1_0.reference_id,
        n1_0.reference_type,
        n1_0.status,
        n1_0.title,
        n1_0.type 
    from
        notifications n1_0 
    where
        n1_0.notification_id=?
2026-05-18 20:57:31 [http-nio-8087-exec-6] DEBUG org.hibernate.SQL - 
    select
        n1_0.notification_id,
        n1_0.created_at,
        n1_0.message,
        n1_0.reference_id,
        n1_0.reference_type,
        n1_0.status,
        n1_0.title,
        n1_0.type 
    from
        notifications n1_0 
    where
        n1_0.notification_id=?
2026-05-18 20:57:31 [http-nio-8087-exec-6] DEBUG org.hibernate.SQL - 
    select
        n1_0.notification_id,
        n1_0.created_at,
        n1_0.message,
        n1_0.reference_id,
        n1_0.reference_type,
        n1_0.status,
        n1_0.title,
        n1_0.type 
    from
        notifications n1_0 
    where
        n1_0.notification_id=?
2026-05-18 20:57:31 [http-nio-8087-exec-6] DEBUG org.hibernate.SQL - 
    select
        n1_0.notification_id,
        n1_0.created_at,
        n1_0.message,
        n1_0.reference_id,
        n1_0.reference_type,
        n1_0.status,
        n1_0.title,
        n1_0.type 
    from
        notifications n1_0 
    where
        n1_0.notification_id=?
2026-05-18 20:57:31 [http-nio-8087-exec-6] DEBUG org.hibernate.SQL - 
    select
        n1_0.notification_id,
        n1_0.created_at,
        n1_0.message,
        n1_0.reference_id,
        n1_0.reference_type,
        n1_0.status,
        n1_0.title,
        n1_0.type 
    from
        notifications n1_0 
    where
        n1_0.notification_id=?
2026-05-18 20:57:31 [http-nio-8087-exec-6] DEBUG org.hibernate.SQL - 
    select
        n1_0.notification_id,
        n1_0.created_at,
        n1_0.message,
        n1_0.reference_id,
        n1_0.reference_type,
        n1_0.status,
        n1_0.title,
        n1_0.type 
    from
        notifications n1_0 
    where
        n1_0.notification_id=?
2026-05-18 20:57:31 [http-nio-8087-exec-6] DEBUG org.hibernate.SQL - 
    select
        n1_0.notification_id,
        n1_0.created_at,
        n1_0.message,
        n1_0.reference_id,
        n1_0.reference_type,
        n1_0.status,
        n1_0.title,
        n1_0.type 
    from
        notifications n1_0 
    where
        n1_0.notification_id=?
2026-05-18 20:57:31 [http-nio-8087-exec-6] DEBUG org.hibernate.SQL - 
    select
        n1_0.notification_id,
        n1_0.created_at,
        n1_0.message,
        n1_0.reference_id,
        n1_0.reference_type,
        n1_0.status,
        n1_0.title,
        n1_0.type 
    from
        notifications n1_0 
    where
        n1_0.notification_id=?
2026-05-18 20:57:31 [http-nio-8087-exec-6] DEBUG org.hibernate.SQL - 
    select
        n1_0.notification_id,
        n1_0.created_at,
        n1_0.message,
        n1_0.reference_id,
        n1_0.reference_type,
        n1_0.status,
        n1_0.title,
        n1_0.type 
    from
        notifications n1_0 
    where
        n1_0.notification_id=?
2026-05-18 20:57:31 [http-nio-8087-exec-6] DEBUG org.hibernate.SQL - 
    select
        n1_0.notification_id,
        n1_0.created_at,
        n1_0.message,
        n1_0.reference_id,
        n1_0.reference_type,
        n1_0.status,
        n1_0.title,
        n1_0.type 
    from
        notifications n1_0 
    where
        n1_0.notification_id=?
2026-05-18 20:57:31 [http-nio-8087-exec-6] DEBUG org.hibernate.SQL - 
    select
        n1_0.notification_id,
        n1_0.created_at,
        n1_0.message,
        n1_0.reference_id,
        n1_0.reference_type,
        n1_0.status,
        n1_0.title,
        n1_0.type 
    from
        notifications n1_0 
    where
        n1_0.notification_id=?
2026-05-18 20:57:31 [http-nio-8087-exec-6] DEBUG org.hibernate.SQL - 
    select
        n1_0.notification_id,
        n1_0.created_at,
        n1_0.message,
        n1_0.reference_id,
        n1_0.reference_type,
        n1_0.status,
        n1_0.title,
        n1_0.type 
    from
        notifications n1_0 
    where
        n1_0.notification_id=?
2026-05-18 20:57:31 [http-nio-8087-exec-6] DEBUG org.hibernate.SQL - 
    select
        n1_0.notification_id,
        n1_0.created_at,
        n1_0.message,
        n1_0.reference_id,
        n1_0.reference_type,
        n1_0.status,
        n1_0.title,
        n1_0.type 
    from
        notifications n1_0 
    where
        n1_0.notification_id=?
2026-05-18 20:57:31 [http-nio-8087-exec-6] DEBUG org.hibernate.SQL - 
    select
        n1_0.notification_id,
        n1_0.created_at,
        n1_0.message,
        n1_0.reference_id,
        n1_0.reference_type,
        n1_0.status,
        n1_0.title,
        n1_0.type 
    from
        notifications n1_0 
    where
        n1_0.notification_id=?
2026-05-18 20:57:31 [http-nio-8087-exec-6] DEBUG org.hibernate.SQL - 
    select
        n1_0.notification_id,
        n1_0.created_at,
        n1_0.message,
        n1_0.reference_id,
        n1_0.reference_type,
        n1_0.status,
        n1_0.title,
        n1_0.type 
    from
        notifications n1_0 
    where
        n1_0.notification_id=?
2026-05-18 20:57:31 [http-nio-8087-exec-6] DEBUG org.hibernate.SQL - 
    select
        n1_0.notification_id,
        n1_0.created_at,
        n1_0.message,
        n1_0.reference_id,
        n1_0.reference_type,
        n1_0.status,
        n1_0.title,
        n1_0.type 
    from
        notifications n1_0 
    where
        n1_0.notification_id=?
2026-05-18 20:57:38 [http-nio-8087-exec-7] DEBUG o.s.security.web.FilterChainProxy - Securing GET /ws/notifications/info?t=1779118058525
2026-05-18 20:57:38 [http-nio-8087-exec-7] DEBUG o.s.s.w.a.AnonymousAuthenticationFilter - Set SecurityContextHolder to anonymous SecurityContext
2026-05-18 20:57:38 [http-nio-8087-exec-7] ERROR c.c.n.i.s.JwtAuthenticationEntryPoint - Unauthorized error: Full authentication is required to access this resource
2026-05-18 20:57:38 [http-nio-8087-exec-8] DEBUG o.s.security.web.FilterChainProxy - Securing GET /api/notifications/users/6ce79ccc-df0c-4069-8d50-bdef9c9098be
2026-05-18 20:57:38 [http-nio-8087-exec-8] DEBUG c.c.n.i.s.JwtAuthenticationFilter - Set authentication for user: user2@demo.local
2026-05-18 20:57:38 [http-nio-8087-exec-8] DEBUG o.s.security.web.FilterChainProxy - Secured GET /api/notifications/users/6ce79ccc-df0c-4069-8d50-bdef9c9098be
2026-05-18 20:57:38 [http-nio-8087-exec-9] DEBUG o.s.security.web.FilterChainProxy - Securing GET /api/notifications/users/6ce79ccc-df0c-4069-8d50-bdef9c9098be/unread-count
2026-05-18 20:57:38 [http-nio-8087-exec-8] DEBUG o.s.s.a.m.AuthorizationManagerBeforeMethodInterceptor - Authorizing method invocation ReflectiveMethodInvocation: public org.springframework.http.ResponseEntity com.cognizant.notificationservice.adapter.web.controller.NotificationController.getUserNotifications(java.util.UUID,org.springframework.data.domain.Pageable); target is of class [com.cognizant.notificationservice.adapter.web.controller.NotificationController]
2026-05-18 20:57:38 [http-nio-8087-exec-8] DEBUG o.s.s.a.m.AuthorizationManagerBeforeMethodInterceptor - Authorized method invocation ReflectiveMethodInvocation: public org.springframework.http.ResponseEntity com.cognizant.notificationservice.adapter.web.controller.NotificationController.getUserNotifications(java.util.UUID,org.springframework.data.domain.Pageable); target is of class [com.cognizant.notificationservice.adapter.web.controller.NotificationController]
2026-05-18 20:57:38 [http-nio-8087-exec-9] DEBUG c.c.n.i.s.JwtAuthenticationFilter - Set authentication for user: user2@demo.local
2026-05-18 20:57:38 [http-nio-8087-exec-9] DEBUG o.s.security.web.FilterChainProxy - Secured GET /api/notifications/users/6ce79ccc-df0c-4069-8d50-bdef9c9098be/unread-count
2026-05-18 20:57:38 [http-nio-8087-exec-9] DEBUG o.s.s.a.m.AuthorizationManagerBeforeMethodInterceptor - Authorizing method invocation ReflectiveMethodInvocation: public org.springframework.http.ResponseEntity com.cognizant.notificationservice.adapter.web.controller.NotificationController.getUnreadCount(java.util.UUID); target is of class [com.cognizant.notificationservice.adapter.web.controller.NotificationController]
2026-05-18 20:57:38 [http-nio-8087-exec-9] DEBUG o.s.s.a.m.AuthorizationManagerBeforeMethodInterceptor - Authorized method invocation ReflectiveMethodInvocation: public org.springframework.http.ResponseEntity com.cognizant.notificationservice.adapter.web.controller.NotificationController.getUnreadCount(java.util.UUID); target is of class [com.cognizant.notificationservice.adapter.web.controller.NotificationController]
2026-05-18 20:57:38 [http-nio-8087-exec-8] DEBUG org.hibernate.SQL - 
    select
        nr1_0.recipient_id,
        nr1_0.delivered_at,
        nr1_0.notification_id,
        nr1_0.is_read,
        nr1_0.read_at,
        nr1_0.user_id 
    from
        notification_recipients nr1_0 
    where
        nr1_0.user_id=? 
    order by
        nr1_0.delivered_at desc,
        nr1_0.delivered_at 
    offset
        ? rows 
    fetch
        first ? rows only
2026-05-18 20:57:38 [http-nio-8087-exec-9] DEBUG org.hibernate.SQL - 
    select
        count(nr1_0.recipient_id) 
    from
        notification_recipients nr1_0 
    where
        nr1_0.user_id=? 
        and not(nr1_0.is_read)
2026-05-18 20:57:38 [http-nio-8087-exec-10] DEBUG o.s.security.web.FilterChainProxy - Securing GET /api/notifications/users/6ce79ccc-df0c-4069-8d50-bdef9c9098be
2026-05-18 20:57:38 [http-nio-8087-exec-10] DEBUG c.c.n.i.s.JwtAuthenticationFilter - Set authentication for user: user2@demo.local
2026-05-18 20:57:38 [http-nio-8087-exec-10] DEBUG o.s.security.web.FilterChainProxy - Secured GET /api/notifications/users/6ce79ccc-df0c-4069-8d50-bdef9c9098be
2026-05-18 20:57:38 [http-nio-8087-exec-10] DEBUG o.s.s.a.m.AuthorizationManagerBeforeMethodInterceptor - Authorizing method invocation ReflectiveMethodInvocation: public org.springframework.http.ResponseEntity com.cognizant.notificationservice.adapter.web.controller.NotificationController.getUserNotifications(java.util.UUID,org.springframework.data.domain.Pageable); target is of class [com.cognizant.notificationservice.adapter.web.controller.NotificationController]
2026-05-18 20:57:38 [http-nio-8087-exec-10] DEBUG o.s.s.a.m.AuthorizationManagerBeforeMethodInterceptor - Authorized method invocation ReflectiveMethodInvocation: public org.springframework.http.ResponseEntity com.cognizant.notificationservice.adapter.web.controller.NotificationController.getUserNotifications(java.util.UUID,org.springframework.data.domain.Pageable); target is of class [com.cognizant.notificationservice.adapter.web.controller.NotificationController]
2026-05-18 20:57:38 [http-nio-8087-exec-10] DEBUG org.hibernate.SQL - 
    select
        nr1_0.recipient_id,
        nr1_0.delivered_at,
        nr1_0.notification_id,
        nr1_0.is_read,
        nr1_0.read_at,
        nr1_0.user_id 
    from
        notification_recipients nr1_0 
    where
        nr1_0.user_id=? 
    order by
        nr1_0.delivered_at desc,
        nr1_0.delivered_at 
    offset
        ? rows 
    fetch
        first ? rows only
2026-05-18 20:57:38 [http-nio-8087-exec-2] DEBUG o.s.security.web.FilterChainProxy - Securing GET /api/notifications/users/6ce79ccc-df0c-4069-8d50-bdef9c9098be
2026-05-18 20:57:38 [http-nio-8087-exec-2] DEBUG c.c.n.i.s.JwtAuthenticationFilter - Set authentication for user: user2@demo.local
2026-05-18 20:57:38 [http-nio-8087-exec-2] DEBUG o.s.security.web.FilterChainProxy - Secured GET /api/notifications/users/6ce79ccc-df0c-4069-8d50-bdef9c9098be
2026-05-18 20:57:38 [http-nio-8087-exec-2] DEBUG o.s.s.a.m.AuthorizationManagerBeforeMethodInterceptor - Authorizing method invocation ReflectiveMethodInvocation: public org.springframework.http.ResponseEntity com.cognizant.notificationservice.adapter.web.controller.NotificationController.getUserNotifications(java.util.UUID,org.springframework.data.domain.Pageable); target is of class [com.cognizant.notificationservice.adapter.web.controller.NotificationController]
2026-05-18 20:57:38 [http-nio-8087-exec-2] DEBUG o.s.s.a.m.AuthorizationManagerBeforeMethodInterceptor - Authorized method invocation ReflectiveMethodInvocation: public org.springframework.http.ResponseEntity com.cognizant.notificationservice.adapter.web.controller.NotificationController.getUserNotifications(java.util.UUID,org.springframework.data.domain.Pageable); target is of class [com.cognizant.notificationservice.adapter.web.controller.NotificationController]
2026-05-18 20:57:38 [http-nio-8087-exec-2] DEBUG org.hibernate.SQL - 
    select
        nr1_0.recipient_id,
        nr1_0.delivered_at,
        nr1_0.notification_id,
        nr1_0.is_read,
        nr1_0.read_at,
        nr1_0.user_id 
    from
        notification_recipients nr1_0 
    where
        nr1_0.user_id=? 
    order by
        nr1_0.delivered_at desc,
        nr1_0.delivered_at 
    offset
        ? rows 
    fetch
        first ? rows only
2026-05-18 20:57:43 [http-nio-8087-exec-4] DEBUG o.s.security.web.FilterChainProxy - Securing GET /ws/notifications/info?t=1779118063541
2026-05-18 20:57:43 [http-nio-8087-exec-4] DEBUG o.s.s.w.a.AnonymousAuthenticationFilter - Set SecurityContextHolder to anonymous SecurityContext
2026-05-18 20:57:43 [http-nio-8087-exec-4] ERROR c.c.n.i.s.JwtAuthenticationEntryPoint - Unauthorized error: Full authentication is required to access this resource
2026-05-18 20:57:48 [http-nio-8087-exec-1] DEBUG o.s.security.web.FilterChainProxy - Securing GET /ws/notifications/info?t=1779118068551
2026-05-18 20:57:48 [http-nio-8087-exec-1] DEBUG o.s.s.w.a.AnonymousAuthenticationFilter - Set SecurityContextHolder to anonymous SecurityContext
2026-05-18 20:57:48 [http-nio-8087-exec-1] ERROR c.c.n.i.s.JwtAuthenticationEntryPoint - Unauthorized error: Full authentication is required to access this resource
2026-05-18 20:57:50 [http-nio-8087-exec-3] DEBUG o.s.security.web.FilterChainProxy - Securing GET /api/notifications/users/6ce79ccc-df0c-4069-8d50-bdef9c9098be
2026-05-18 20:57:50 [http-nio-8087-exec-3] DEBUG c.c.n.i.s.JwtAuthenticationFilter - Set authentication for user: user2@demo.local
2026-05-18 20:57:50 [http-nio-8087-exec-3] DEBUG o.s.security.web.FilterChainProxy - Secured GET /api/notifications/users/6ce79ccc-df0c-4069-8d50-bdef9c9098be
2026-05-18 20:57:50 [http-nio-8087-exec-3] DEBUG o.s.s.a.m.AuthorizationManagerBeforeMethodInterceptor - Authorizing method invocation ReflectiveMethodInvocation: public org.springframework.http.ResponseEntity com.cognizant.notificationservice.adapter.web.controller.NotificationController.getUserNotifications(java.util.UUID,org.springframework.data.domain.Pageable); target is of class [com.cognizant.notificationservice.adapter.web.controller.NotificationController]
2026-05-18 20:57:50 [http-nio-8087-exec-3] DEBUG o.s.s.a.m.AuthorizationManagerBeforeMethodInterceptor - Authorized method invocation ReflectiveMethodInvocation: public org.springframework.http.ResponseEntity com.cognizant.notificationservice.adapter.web.controller.NotificationController.getUserNotifications(java.util.UUID,org.springframework.data.domain.Pageable); target is of class [com.cognizant.notificationservice.adapter.web.controller.NotificationController]
2026-05-18 20:57:50 [http-nio-8087-exec-3] DEBUG org.hibernate.SQL - 
    select
        nr1_0.recipient_id,
        nr1_0.delivered_at,
        nr1_0.notification_id,
        nr1_0.is_read,
        nr1_0.read_at,
        nr1_0.user_id 
    from
        notification_recipients nr1_0 
    where
        nr1_0.user_id=? 
    order by
        nr1_0.delivered_at desc,
        nr1_0.delivered_at 
    offset
        ? rows 
    fetch
        first ? rows only
2026-05-18 20:57:50 [http-nio-8087-exec-5] DEBUG o.s.security.web.FilterChainProxy - Securing GET /api/notifications/users/6ce79ccc-df0c-4069-8d50-bdef9c9098be
2026-05-18 20:57:50 [http-nio-8087-exec-5] DEBUG c.c.n.i.s.JwtAuthenticationFilter - Set authentication for user: user2@demo.local
2026-05-18 20:57:50 [http-nio-8087-exec-5] DEBUG o.s.security.web.FilterChainProxy - Secured GET /api/notifications/users/6ce79ccc-df0c-4069-8d50-bdef9c9098be
2026-05-18 20:57:50 [http-nio-8087-exec-5] DEBUG o.s.s.a.m.AuthorizationManagerBeforeMethodInterceptor - Authorizing method invocation ReflectiveMethodInvocation: public org.springframework.http.ResponseEntity com.cognizant.notificationservice.adapter.web.controller.NotificationController.getUserNotifications(java.util.UUID,org.springframework.data.domain.Pageable); target is of class [com.cognizant.notificationservice.adapter.web.controller.NotificationController]
2026-05-18 20:57:50 [http-nio-8087-exec-5] DEBUG o.s.s.a.m.AuthorizationManagerBeforeMethodInterceptor - Authorized method invocation ReflectiveMethodInvocation: public org.springframework.http.ResponseEntity com.cognizant.notificationservice.adapter.web.controller.NotificationController.getUserNotifications(java.util.UUID,org.springframework.data.domain.Pageable); target is of class [com.cognizant.notificationservice.adapter.web.controller.NotificationController]
2026-05-18 20:57:50 [http-nio-8087-exec-5] DEBUG org.hibernate.SQL - 
    select
        nr1_0.recipient_id,
        nr1_0.delivered_at,
        nr1_0.notification_id,
        nr1_0.is_read,
        nr1_0.read_at,
        nr1_0.user_id 
    from
        notification_recipients nr1_0 
    where
        nr1_0.user_id=? 
    order by
        nr1_0.delivered_at desc,
        nr1_0.delivered_at 
    offset
        ? rows 
    fetch
        first ? rows only
2026-05-18 20:57:53 [http-nio-8087-exec-6] DEBUG o.s.security.web.FilterChainProxy - Securing GET /ws/notifications/info?t=1779118073559
2026-05-18 20:57:53 [http-nio-8087-exec-6] DEBUG o.s.s.w.a.AnonymousAuthenticationFilter - Set SecurityContextHolder to anonymous SecurityContext
2026-05-18 20:57:53 [http-nio-8087-exec-6] ERROR c.c.n.i.s.JwtAuthenticationEntryPoint - Unauthorized error: Full authentication is required to access this resource
2026-05-18 20:57:58 [http-nio-8087-exec-7] DEBUG o.s.security.web.FilterChainProxy - Securing GET /ws/notifications/info?t=1779118078569
2026-05-18 20:57:58 [http-nio-8087-exec-7] DEBUG o.s.s.w.a.AnonymousAuthenticationFilter - Set SecurityContextHolder to anonymous SecurityContext
2026-05-18 20:57:58 [http-nio-8087-exec-7] ERROR c.c.n.i.s.JwtAuthenticationEntryPoint - Unauthorized error: Full authentication is required to access this resource
2026-05-18 20:58:03 [http-nio-8087-exec-10] DEBUG o.s.security.web.FilterChainProxy - Securing GET /api/notifications/users/6ce79ccc-df0c-4069-8d50-bdef9c9098be
2026-05-18 20:58:03 [http-nio-8087-exec-8] DEBUG o.s.security.web.FilterChainProxy - Securing GET /ws/notifications/info?t=1779118083900
2026-05-18 20:58:03 [http-nio-8087-exec-9] DEBUG o.s.security.web.FilterChainProxy - Securing GET /api/notifications/users/6ce79ccc-df0c-4069-8d50-bdef9c9098be/unread-count
2026-05-18 20:58:03 [http-nio-8087-exec-8] DEBUG o.s.s.w.a.AnonymousAuthenticationFilter - Set SecurityContextHolder to anonymous SecurityContext
2026-05-18 20:58:03 [http-nio-8087-exec-8] ERROR c.c.n.i.s.JwtAuthenticationEntryPoint - Unauthorized error: Full authentication is required to access this resource
2026-05-18 20:58:03 [http-nio-8087-exec-9] DEBUG c.c.n.i.s.JwtAuthenticationFilter - Set authentication for user: user2@demo.local
2026-05-18 20:58:03 [http-nio-8087-exec-10] DEBUG c.c.n.i.s.JwtAuthenticationFilter - Set authentication for user: user2@demo.local
2026-05-18 20:58:03 [http-nio-8087-exec-9] DEBUG o.s.security.web.FilterChainProxy - Secured GET /api/notifications/users/6ce79ccc-df0c-4069-8d50-bdef9c9098be/unread-count
2026-05-18 20:58:03 [http-nio-8087-exec-10] DEBUG o.s.security.web.FilterChainProxy - Secured GET /api/notifications/users/6ce79ccc-df0c-4069-8d50-bdef9c9098be
2026-05-18 20:58:03 [http-nio-8087-exec-9] DEBUG o.s.s.a.m.AuthorizationManagerBeforeMethodInterceptor - Authorizing method invocation ReflectiveMethodInvocation: public org.springframework.http.ResponseEntity com.cognizant.notificationservice.adapter.web.controller.NotificationController.getUnreadCount(java.util.UUID); target is of class [com.cognizant.notificationservice.adapter.web.controller.NotificationController]
2026-05-18 20:58:03 [http-nio-8087-exec-10] DEBUG o.s.s.a.m.AuthorizationManagerBeforeMethodInterceptor - Authorizing method invocation ReflectiveMethodInvocation: public org.springframework.http.ResponseEntity com.cognizant.notificationservice.adapter.web.controller.NotificationController.getUserNotifications(java.util.UUID,org.springframework.data.domain.Pageable); target is of class [com.cognizant.notificationservice.adapter.web.controller.NotificationController]
2026-05-18 20:58:03 [http-nio-8087-exec-9] DEBUG o.s.s.a.m.AuthorizationManagerBeforeMethodInterceptor - Authorized method invocation ReflectiveMethodInvocation: public org.springframework.http.ResponseEntity com.cognizant.notificationservice.adapter.web.controller.NotificationController.getUnreadCount(java.util.UUID); target is of class [com.cognizant.notificationservice.adapter.web.controller.NotificationController]
2026-05-18 20:58:03 [http-nio-8087-exec-10] DEBUG o.s.s.a.m.AuthorizationManagerBeforeMethodInterceptor - Authorized method invocation ReflectiveMethodInvocation: public org.springframework.http.ResponseEntity com.cognizant.notificationservice.adapter.web.controller.NotificationController.getUserNotifications(java.util.UUID,org.springframework.data.domain.Pageable); target is of class [com.cognizant.notificationservice.adapter.web.controller.NotificationController]
2026-05-18 20:58:03 [http-nio-8087-exec-9] DEBUG org.hibernate.SQL - 
    select
        count(nr1_0.recipient_id) 
    from
        notification_recipients nr1_0 
    where
        nr1_0.user_id=? 
        and not(nr1_0.is_read)
2026-05-18 20:58:03 [http-nio-8087-exec-10] DEBUG org.hibernate.SQL - 
    select
        nr1_0.recipient_id,
        nr1_0.delivered_at,
        nr1_0.notification_id,
        nr1_0.is_read,
        nr1_0.read_at,
        nr1_0.user_id 
    from
        notification_recipients nr1_0 
    where
        nr1_0.user_id=? 
    order by
        nr1_0.delivered_at desc,
        nr1_0.delivered_at 
    offset
        ? rows 
    fetch
        first ? rows only
2026-05-18 20:58:03 [http-nio-8087-exec-2] DEBUG o.s.security.web.FilterChainProxy - Securing GET /api/notifications/users/6ce79ccc-df0c-4069-8d50-bdef9c9098be
2026-05-18 20:58:03 [http-nio-8087-exec-2] DEBUG c.c.n.i.s.JwtAuthenticationFilter - Set authentication for user: user2@demo.local
2026-05-18 20:58:03 [http-nio-8087-exec-2] DEBUG o.s.security.web.FilterChainProxy - Secured GET /api/notifications/users/6ce79ccc-df0c-4069-8d50-bdef9c9098be
2026-05-18 20:58:03 [http-nio-8087-exec-2] DEBUG o.s.s.a.m.AuthorizationManagerBeforeMethodInterceptor - Authorizing method invocation ReflectiveMethodInvocation: public org.springframework.http.ResponseEntity com.cognizant.notificationservice.adapter.web.controller.NotificationController.getUserNotifications(java.util.UUID,org.springframework.data.domain.Pageable); target is of class [com.cognizant.notificationservice.adapter.web.controller.NotificationController]
2026-05-18 20:58:03 [http-nio-8087-exec-2] DEBUG o.s.s.a.m.AuthorizationManagerBeforeMethodInterceptor - Authorized method invocation ReflectiveMethodInvocation: public org.springframework.http.ResponseEntity com.cognizant.notificationservice.adapter.web.controller.NotificationController.getUserNotifications(java.util.UUID,org.springframework.data.domain.Pageable); target is of class [com.cognizant.notificationservice.adapter.web.controller.NotificationController]
2026-05-18 20:58:03 [http-nio-8087-exec-2] DEBUG org.hibernate.SQL - 
    select
        nr1_0.recipient_id,
        nr1_0.delivered_at,
        nr1_0.notification_id,
        nr1_0.is_read,
        nr1_0.read_at,
        nr1_0.user_id 
    from
        notification_recipients nr1_0 
    where
        nr1_0.user_id=? 
    order by
        nr1_0.delivered_at desc,
        nr1_0.delivered_at 
    offset
        ? rows 
    fetch
        first ? rows only
2026-05-18 20:58:03 [http-nio-8087-exec-4] DEBUG o.s.security.web.FilterChainProxy - Securing GET /api/notifications/users/6ce79ccc-df0c-4069-8d50-bdef9c9098be
2026-05-18 20:58:03 [http-nio-8087-exec-4] DEBUG c.c.n.i.s.JwtAuthenticationFilter - Set authentication for user: user2@demo.local
2026-05-18 20:58:03 [http-nio-8087-exec-4] DEBUG o.s.security.web.FilterChainProxy - Secured GET /api/notifications/users/6ce79ccc-df0c-4069-8d50-bdef9c9098be
2026-05-18 20:58:03 [http-nio-8087-exec-4] DEBUG o.s.s.a.m.AuthorizationManagerBeforeMethodInterceptor - Authorizing method invocation ReflectiveMethodInvocation: public org.springframework.http.ResponseEntity com.cognizant.notificationservice.adapter.web.controller.NotificationController.getUserNotifications(java.util.UUID,org.springframework.data.domain.Pageable); target is of class [com.cognizant.notificationservice.adapter.web.controller.NotificationController]
2026-05-18 20:58:03 [http-nio-8087-exec-4] DEBUG o.s.s.a.m.AuthorizationManagerBeforeMethodInterceptor - Authorized method invocation ReflectiveMethodInvocation: public org.springframework.http.ResponseEntity com.cognizant.notificationservice.adapter.web.controller.NotificationController.getUserNotifications(java.util.UUID,org.springframework.data.domain.Pageable); target is of class [com.cognizant.notificationservice.adapter.web.controller.NotificationController]
2026-05-18 20:58:03 [http-nio-8087-exec-4] DEBUG org.hibernate.SQL - 
    select
        nr1_0.recipient_id,
        nr1_0.delivered_at,
        nr1_0.notification_id,
        nr1_0.is_read,
        nr1_0.read_at,
        nr1_0.user_id 
    from
        notification_recipients nr1_0 
    where
        nr1_0.user_id=? 
    order by
        nr1_0.delivered_at desc,
        nr1_0.delivered_at 
    offset
        ? rows 
    fetch
        first ? rows only
2026-05-18 20:58:08 [http-nio-8087-exec-1] DEBUG o.s.security.web.FilterChainProxy - Securing GET /ws/notifications/info?t=1779118088917
2026-05-18 20:58:08 [http-nio-8087-exec-1] DEBUG o.s.s.w.a.AnonymousAuthenticationFilter - Set SecurityContextHolder to anonymous SecurityContext
2026-05-18 20:58:08 [http-nio-8087-exec-1] ERROR c.c.n.i.s.JwtAuthenticationEntryPoint - Unauthorized error: Full authentication is required to access this resource
2026-05-18 20:58:13 [http-nio-8087-exec-3] DEBUG o.s.security.web.FilterChainProxy - Securing GET /ws/notifications/info?t=1779118093928
2026-05-18 20:58:13 [http-nio-8087-exec-3] DEBUG o.s.s.w.a.AnonymousAuthenticationFilter - Set SecurityContextHolder to anonymous SecurityContext
2026-05-18 20:58:13 [http-nio-8087-exec-3] ERROR c.c.n.i.s.JwtAuthenticationEntryPoint - Unauthorized error: Full authentication is required to access this resource
2026-05-18 20:58:16 [http-nio-8087-exec-5] DEBUG o.s.security.web.FilterChainProxy - Securing GET /api/notifications/users/6ce79ccc-df0c-4069-8d50-bdef9c9098be
2026-05-18 20:58:16 [http-nio-8087-exec-5] DEBUG c.c.n.i.s.JwtAuthenticationFilter - Set authentication for user: user2@demo.local
2026-05-18 20:58:16 [http-nio-8087-exec-5] DEBUG o.s.security.web.FilterChainProxy - Secured GET /api/notifications/users/6ce79ccc-df0c-4069-8d50-bdef9c9098be
2026-05-18 20:58:16 [http-nio-8087-exec-5] DEBUG o.s.s.a.m.AuthorizationManagerBeforeMethodInterceptor - Authorizing method invocation ReflectiveMethodInvocation: public org.springframework.http.ResponseEntity com.cognizant.notificationservice.adapter.web.controller.NotificationController.getUserNotifications(java.util.UUID,org.springframework.data.domain.Pageable); target is of class [com.cognizant.notificationservice.adapter.web.controller.NotificationController]
2026-05-18 20:58:16 [http-nio-8087-exec-5] DEBUG o.s.s.a.m.AuthorizationManagerBeforeMethodInterceptor - Authorized method invocation ReflectiveMethodInvocation: public org.springframework.http.ResponseEntity com.cognizant.notificationservice.adapter.web.controller.NotificationController.getUserNotifications(java.util.UUID,org.springframework.data.domain.Pageable); target is of class [com.cognizant.notificationservice.adapter.web.controller.NotificationController]
2026-05-18 20:58:16 [http-nio-8087-exec-5] DEBUG org.hibernate.SQL - 
    select
        nr1_0.recipient_id,
        nr1_0.delivered_at,
        nr1_0.notification_id,
        nr1_0.is_read,
        nr1_0.read_at,
        nr1_0.user_id 
    from
        notification_recipients nr1_0 
    where
        nr1_0.user_id=? 
    order by
        nr1_0.delivered_at desc,
        nr1_0.delivered_at 
    offset
        ? rows 
    fetch
        first ? rows only
2026-05-18 20:58:16 [http-nio-8087-exec-6] DEBUG o.s.security.web.FilterChainProxy - Securing GET /api/notifications/users/6ce79ccc-df0c-4069-8d50-bdef9c9098be
2026-05-18 20:58:16 [http-nio-8087-exec-6] DEBUG c.c.n.i.s.JwtAuthenticationFilter - Set authentication for user: user2@demo.local
2026-05-18 20:58:16 [http-nio-8087-exec-6] DEBUG o.s.security.web.FilterChainProxy - Secured GET /api/notifications/users/6ce79ccc-df0c-4069-8d50-bdef9c9098be
2026-05-18 20:58:16 [http-nio-8087-exec-6] DEBUG o.s.s.a.m.AuthorizationManagerBeforeMethodInterceptor - Authorizing method invocation ReflectiveMethodInvocation: public org.springframework.http.ResponseEntity com.cognizant.notificationservice.adapter.web.controller.NotificationController.getUserNotifications(java.util.UUID,org.springframework.data.domain.Pageable); target is of class [com.cognizant.notificationservice.adapter.web.controller.NotificationController]
2026-05-18 20:58:16 [http-nio-8087-exec-6] DEBUG o.s.s.a.m.AuthorizationManagerBeforeMethodInterceptor - Authorized method invocation ReflectiveMethodInvocation: public org.springframework.http.ResponseEntity com.cognizant.notificationservice.adapter.web.controller.NotificationController.getUserNotifications(java.util.UUID,org.springframework.data.domain.Pageable); target is of class [com.cognizant.notificationservice.adapter.web.controller.NotificationController]
2026-05-18 20:58:16 [http-nio-8087-exec-6] DEBUG org.hibernate.SQL - 
    select
        nr1_0.recipient_id,
        nr1_0.delivered_at,
        nr1_0.notification_id,
        nr1_0.is_read,
        nr1_0.read_at,
        nr1_0.user_id 
    from
        notification_recipients nr1_0 
    where
        nr1_0.user_id=? 
    order by
        nr1_0.delivered_at desc,
        nr1_0.delivered_at 
    offset
        ? rows 
    fetch
        first ? rows only
2026-05-18 20:58:18 [http-nio-8087-exec-7] DEBUG o.s.security.web.FilterChainProxy - Securing GET /ws/notifications/info?t=1779118098939
2026-05-18 20:58:18 [http-nio-8087-exec-7] DEBUG o.s.s.w.a.AnonymousAuthenticationFilter - Set SecurityContextHolder to anonymous SecurityContext
2026-05-18 20:58:18 [http-nio-8087-exec-7] ERROR c.c.n.i.s.JwtAuthenticationEntryPoint - Unauthorized error: Full authentication is required to access this resource
2026-05-18 20:58:23 [http-nio-8087-exec-8] DEBUG o.s.security.web.FilterChainProxy - Securing GET /ws/notifications/info?t=1779118103948
2026-05-18 20:58:23 [http-nio-8087-exec-8] DEBUG o.s.s.w.a.AnonymousAuthenticationFilter - Set SecurityContextHolder to anonymous SecurityContext
2026-05-18 20:58:23 [http-nio-8087-exec-8] ERROR c.c.n.i.s.JwtAuthenticationEntryPoint - Unauthorized error: Full authentication is required to access this resource
2026-05-18 20:58:28 [http-nio-8087-exec-10] DEBUG o.s.security.web.FilterChainProxy - Securing GET /ws/notifications/info?t=1779118108957
2026-05-18 20:58:28 [http-nio-8087-exec-10] DEBUG o.s.s.w.a.AnonymousAuthenticationFilter - Set SecurityContextHolder to anonymous SecurityContext
2026-05-18 20:58:28 [http-nio-8087-exec-10] ERROR c.c.n.i.s.JwtAuthenticationEntryPoint - Unauthorized error: Full authentication is required to access this resource
2026-05-18 20:58:30 [org.springframework.kafka.KafkaListenerEndpointContainer#0-0-C-1] ERROR o.s.k.listener.DefaultErrorHandler - Backoff FixedBackOff{interval=0, currentAttempts=1, maxAttempts=0} exhausted for ticket.created-0@168
org.springframework.kafka.listener.ListenerExecutionFailedException: Listener method could not be invoked with the incoming message
Endpoint handler details:
Method [public void com.cognizant.notificationservice.infrastructure.kafka.NotificationEventConsumer.consumeTicketCreated(com.library.common.event.TicketCreatedEvent)]
Bean [com.cognizant.notificationservice.infrastructure.kafka.NotificationEventConsumer@11fa5334]
	at org.springframework.kafka.listener.KafkaMessageListenerContainer$ListenerConsumer.decorateException(KafkaMessageListenerContainer.java:2950)
	at org.springframework.kafka.listener.KafkaMessageListenerContainer$ListenerConsumer.doInvokeOnMessage(KafkaMessageListenerContainer.java:2895)
	at org.springframework.kafka.listener.KafkaMessageListenerContainer$ListenerConsumer.invokeOnMessage(KafkaMessageListenerContainer.java:2859)
	at org.springframework.kafka.listener.KafkaMessageListenerContainer$ListenerConsumer.lambda$doInvokeRecordListener$55(KafkaMessageListenerContainer.java:2777)
	at io.micrometer.observation.Observation.observe(Observation.java:499)
	at org.springframework.kafka.listener.KafkaMessageListenerContainer$ListenerConsumer.doInvokeRecordListener(KafkaMessageListenerContainer.java:2776)
	at org.springframework.kafka.listener.KafkaMessageListenerContainer$ListenerConsumer.doInvokeWithRecords(KafkaMessageListenerContainer.java:2625)
	at org.springframework.kafka.listener.KafkaMessageListenerContainer$ListenerConsumer.invokeRecordListener(KafkaMessageListenerContainer.java:2511)
	at org.springframework.kafka.listener.KafkaMessageListenerContainer$ListenerConsumer.invokeListener(KafkaMessageListenerContainer.java:2153)
	at org.springframework.kafka.listener.KafkaMessageListenerContainer$ListenerConsumer.invokeIfHaveRecords(KafkaMessageListenerContainer.java:1493)
	at org.springframework.kafka.listener.KafkaMessageListenerContainer$ListenerConsumer.pollAndInvoke(KafkaMessageListenerContainer.java:1458)
	at org.springframework.kafka.listener.KafkaMessageListenerContainer$ListenerConsumer.run(KafkaMessageListenerContainer.java:1328)
	at java.base/java.util.concurrent.CompletableFuture$AsyncRun.run(CompletableFuture.java:1804)
	at java.base/java.lang.Thread.run(Thread.java:1583)
	Suppressed: org.springframework.kafka.listener.ListenerExecutionFailedException: Restored Stack Trace
		at org.springframework.kafka.listener.adapter.MessagingMessageListenerAdapter.checkAckArg(MessagingMessageListenerAdapter.java:402)
		at org.springframework.kafka.listener.adapter.MessagingMessageListenerAdapter.invokeHandler(MessagingMessageListenerAdapter.java:380)
		at org.springframework.kafka.listener.adapter.RecordMessagingMessageListenerAdapter.onMessage(RecordMessagingMessageListenerAdapter.java:92)
		at org.springframework.kafka.listener.adapter.RecordMessagingMessageListenerAdapter.onMessage(RecordMessagingMessageListenerAdapter.java:53)
		at org.springframework.kafka.listener.KafkaMessageListenerContainer$ListenerConsumer.doInvokeOnMessage(KafkaMessageListenerContainer.java:2881)
Caused by: org.springframework.messaging.converter.MessageConversionException: Cannot handle message
	at org.springframework.kafka.listener.adapter.MessagingMessageListenerAdapter.invokeHandler(MessagingMessageListenerAdapter.java:380)
	at org.springframework.kafka.listener.adapter.RecordMessagingMessageListenerAdapter.onMessage(RecordMessagingMessageListenerAdapter.java:92)
	at org.springframework.kafka.listener.adapter.RecordMessagingMessageListenerAdapter.onMessage(RecordMessagingMessageListenerAdapter.java:53)
	at org.springframework.kafka.listener.KafkaMessageListenerContainer$ListenerConsumer.doInvokeOnMessage(KafkaMessageListenerContainer.java:2881)
	... 12 common frames omitted
Caused by: org.springframework.messaging.converter.MessageConversionException: Cannot convert from [com.cognizant.notificationservice.application.dto.event.NotificationEvent] to [com.library.common.event.TicketCreatedEvent] for GenericMessage [payload=NotificationEvent(eventType=null, referenceId=null, referenceType=null, recipientUserIds=null, templateVariables=null), headers={kafka_offset=168, kafka_consumer=org.springframework.kafka.core.DefaultKafkaConsumerFactory$ExtendedKafkaConsumer@301d65be, kafka_timestampType=CREATE_TIME, kafka_receivedPartitionId=0, kafka_receivedTopic=ticket.created, kafka_receivedTimestamp=1779118110379, kafka_groupId=notification-service-group}]
	at org.springframework.messaging.handler.annotation.support.PayloadMethodArgumentResolver.resolveArgument(PayloadMethodArgumentResolver.java:151)
	at org.springframework.kafka.annotation.KafkaNullAwarePayloadArgumentResolver.resolveArgument(KafkaNullAwarePayloadArgumentResolver.java:48)
	at org.springframework.messaging.handler.invocation.HandlerMethodArgumentResolverComposite.resolveArgument(HandlerMethodArgumentResolverComposite.java:118)
	at org.springframework.messaging.handler.invocation.InvocableHandlerMethod.getMethodArgumentValues(InvocableHandlerMethod.java:147)
	at org.springframework.messaging.handler.invocation.InvocableHandlerMethod.invoke(InvocableHandlerMethod.java:115)
	at org.springframework.kafka.listener.adapter.HandlerAdapter.invoke(HandlerAdapter.java:56)
	at org.springframework.kafka.listener.adapter.MessagingMessageListenerAdapter.invokeHandler(MessagingMessageListenerAdapter.java:376)
	... 15 common frames omitted
2026-05-18 20:58:33 [http-nio-8087-exec-9] DEBUG o.s.security.web.FilterChainProxy - Securing GET /ws/notifications/info?t=1779118113965
2026-05-18 20:58:33 [http-nio-8087-exec-9] DEBUG o.s.s.w.a.AnonymousAuthenticationFilter - Set SecurityContextHolder to anonymous SecurityContext
2026-05-18 20:58:33 [http-nio-8087-exec-9] ERROR c.c.n.i.s.JwtAuthenticationEntryPoint - Unauthorized error: Full authentication is required to access this resource
2026-05-18 20:58:41 [http-nio-8087-exec-2] DEBUG o.s.security.web.FilterChainProxy - Securing GET /ws/notifications/info?t=1779118121619
2026-05-18 20:58:41 [http-nio-8087-exec-2] DEBUG o.s.s.w.a.AnonymousAuthenticationFilter - Set SecurityContextHolder to anonymous SecurityContext
2026-05-18 20:58:41 [http-nio-8087-exec-2] ERROR c.c.n.i.s.JwtAuthenticationEntryPoint - Unauthorized error: Full authentication is required to access this resource
2026-05-18 20:58:41 [http-nio-8087-exec-4] DEBUG o.s.security.web.FilterChainProxy - Securing GET /api/notifications/users/5022dcb7-6b70-45ca-b571-0bdbf7a38550/unread-count
2026-05-18 20:58:41 [http-nio-8087-exec-1] DEBUG o.s.security.web.FilterChainProxy - Securing GET /api/notifications/users/5022dcb7-6b70-45ca-b571-0bdbf7a38550
2026-05-18 20:58:41 [http-nio-8087-exec-4] DEBUG c.c.n.i.s.JwtAuthenticationFilter - Set authentication for user: admin1@demo.local
2026-05-18 20:58:41 [http-nio-8087-exec-4] DEBUG o.s.security.web.FilterChainProxy - Secured GET /api/notifications/users/5022dcb7-6b70-45ca-b571-0bdbf7a38550/unread-count
2026-05-18 20:58:41 [http-nio-8087-exec-1] DEBUG c.c.n.i.s.JwtAuthenticationFilter - Set authentication for user: admin1@demo.local
2026-05-18 20:58:41 [http-nio-8087-exec-1] DEBUG o.s.security.web.FilterChainProxy - Secured GET /api/notifications/users/5022dcb7-6b70-45ca-b571-0bdbf7a38550
2026-05-18 20:58:41 [http-nio-8087-exec-4] DEBUG o.s.s.a.m.AuthorizationManagerBeforeMethodInterceptor - Authorizing method invocation ReflectiveMethodInvocation: public org.springframework.http.ResponseEntity com.cognizant.notificationservice.adapter.web.controller.NotificationController.getUnreadCount(java.util.UUID); target is of class [com.cognizant.notificationservice.adapter.web.controller.NotificationController]
2026-05-18 20:58:41 [http-nio-8087-exec-1] DEBUG o.s.s.a.m.AuthorizationManagerBeforeMethodInterceptor - Authorizing method invocation ReflectiveMethodInvocation: public org.springframework.http.ResponseEntity com.cognizant.notificationservice.adapter.web.controller.NotificationController.getUserNotifications(java.util.UUID,org.springframework.data.domain.Pageable); target is of class [com.cognizant.notificationservice.adapter.web.controller.NotificationController]
2026-05-18 20:58:41 [http-nio-8087-exec-4] DEBUG o.s.s.a.m.AuthorizationManagerBeforeMethodInterceptor - Authorized method invocation ReflectiveMethodInvocation: public org.springframework.http.ResponseEntity com.cognizant.notificationservice.adapter.web.controller.NotificationController.getUnreadCount(java.util.UUID); target is of class [com.cognizant.notificationservice.adapter.web.controller.NotificationController]
2026-05-18 20:58:41 [http-nio-8087-exec-1] DEBUG o.s.s.a.m.AuthorizationManagerBeforeMethodInterceptor - Authorized method invocation ReflectiveMethodInvocation: public org.springframework.http.ResponseEntity com.cognizant.notificationservice.adapter.web.controller.NotificationController.getUserNotifications(java.util.UUID,org.springframework.data.domain.Pageable); target is of class [com.cognizant.notificationservice.adapter.web.controller.NotificationController]
2026-05-18 20:58:41 [http-nio-8087-exec-1] DEBUG org.hibernate.SQL - 
    select
        nr1_0.recipient_id,
        nr1_0.delivered_at,
        nr1_0.notification_id,
        nr1_0.is_read,
        nr1_0.read_at,
        nr1_0.user_id 
    from
        notification_recipients nr1_0 
    where
        nr1_0.user_id=? 
    order by
        nr1_0.delivered_at desc,
        nr1_0.delivered_at 
    offset
        ? rows 
    fetch
        first ? rows only
2026-05-18 20:58:41 [http-nio-8087-exec-4] DEBUG org.hibernate.SQL - 
    select
        count(nr1_0.recipient_id) 
    from
        notification_recipients nr1_0 
    where
        nr1_0.user_id=? 
        and not(nr1_0.is_read)
2026-05-18 20:58:41 [http-nio-8087-exec-3] DEBUG o.s.security.web.FilterChainProxy - Securing GET /api/notifications/users/5022dcb7-6b70-45ca-b571-0bdbf7a38550
2026-05-18 20:58:41 [http-nio-8087-exec-3] DEBUG c.c.n.i.s.JwtAuthenticationFilter - Set authentication for user: admin1@demo.local
2026-05-18 20:58:41 [http-nio-8087-exec-3] DEBUG o.s.security.web.FilterChainProxy - Secured GET /api/notifications/users/5022dcb7-6b70-45ca-b571-0bdbf7a38550
2026-05-18 20:58:41 [http-nio-8087-exec-3] DEBUG o.s.s.a.m.AuthorizationManagerBeforeMethodInterceptor - Authorizing method invocation ReflectiveMethodInvocation: public org.springframework.http.ResponseEntity com.cognizant.notificationservice.adapter.web.controller.NotificationController.getUserNotifications(java.util.UUID,org.springframework.data.domain.Pageable); target is of class [com.cognizant.notificationservice.adapter.web.controller.NotificationController]
2026-05-18 20:58:41 [http-nio-8087-exec-3] DEBUG o.s.s.a.m.AuthorizationManagerBeforeMethodInterceptor - Authorized method invocation ReflectiveMethodInvocation: public org.springframework.http.ResponseEntity com.cognizant.notificationservice.adapter.web.controller.NotificationController.getUserNotifications(java.util.UUID,org.springframework.data.domain.Pageable); target is of class [com.cognizant.notificationservice.adapter.web.controller.NotificationController]
2026-05-18 20:58:41 [http-nio-8087-exec-3] DEBUG org.hibernate.SQL - 
    select
        nr1_0.recipient_id,
        nr1_0.delivered_at,
        nr1_0.notification_id,
        nr1_0.is_read,
        nr1_0.read_at,
        nr1_0.user_id 
    from
        notification_recipients nr1_0 
    where
        nr1_0.user_id=? 
    order by
        nr1_0.delivered_at desc,
        nr1_0.delivered_at 
    offset
        ? rows 
    fetch
        first ? rows only
2026-05-18 20:58:41 [http-nio-8087-exec-5] DEBUG o.s.security.web.FilterChainProxy - Securing GET /api/notifications/users/5022dcb7-6b70-45ca-b571-0bdbf7a38550
2026-05-18 20:58:41 [http-nio-8087-exec-5] DEBUG c.c.n.i.s.JwtAuthenticationFilter - Set authentication for user: admin1@demo.local
2026-05-18 20:58:41 [http-nio-8087-exec-5] DEBUG o.s.security.web.FilterChainProxy - Secured GET /api/notifications/users/5022dcb7-6b70-45ca-b571-0bdbf7a38550
2026-05-18 20:58:41 [http-nio-8087-exec-5] DEBUG o.s.s.a.m.AuthorizationManagerBeforeMethodInterceptor - Authorizing method invocation ReflectiveMethodInvocation: public org.springframework.http.ResponseEntity com.cognizant.notificationservice.adapter.web.controller.NotificationController.getUserNotifications(java.util.UUID,org.springframework.data.domain.Pageable); target is of class [com.cognizant.notificationservice.adapter.web.controller.NotificationController]
2026-05-18 20:58:41 [http-nio-8087-exec-5] DEBUG o.s.s.a.m.AuthorizationManagerBeforeMethodInterceptor - Authorized method invocation ReflectiveMethodInvocation: public org.springframework.http.ResponseEntity com.cognizant.notificationservice.adapter.web.controller.NotificationController.getUserNotifications(java.util.UUID,org.springframework.data.domain.Pageable); target is of class [com.cognizant.notificationservice.adapter.web.controller.NotificationController]
2026-05-18 20:58:41 [http-nio-8087-exec-5] DEBUG org.hibernate.SQL - 
    select
        nr1_0.recipient_id,
        nr1_0.delivered_at,
        nr1_0.notification_id,
        nr1_0.is_read,
        nr1_0.read_at,
        nr1_0.user_id 
    from
        notification_recipients nr1_0 
    where
        nr1_0.user_id=? 
    order by
        nr1_0.delivered_at desc,
        nr1_0.delivered_at 
    offset
        ? rows 
    fetch
        first ? rows only
2026-05-18 20:58:46 [http-nio-8087-exec-6] DEBUG o.s.security.web.FilterChainProxy - Securing GET /ws/notifications/info?t=1779118126647
2026-05-18 20:58:46 [http-nio-8087-exec-6] DEBUG o.s.s.w.a.AnonymousAuthenticationFilter - Set SecurityContextHolder to anonymous SecurityContext
2026-05-18 20:58:46 [http-nio-8087-exec-6] ERROR c.c.n.i.s.JwtAuthenticationEntryPoint - Unauthorized error: Full authentication is required to access this resource
2026-05-18 20:58:47 [http-nio-8087-exec-7] DEBUG o.s.security.web.FilterChainProxy - Securing GET /api/notifications/users/5022dcb7-6b70-45ca-b571-0bdbf7a38550
2026-05-18 20:58:47 [http-nio-8087-exec-7] DEBUG c.c.n.i.s.JwtAuthenticationFilter - Set authentication for user: admin1@demo.local
2026-05-18 20:58:47 [http-nio-8087-exec-7] DEBUG o.s.security.web.FilterChainProxy - Secured GET /api/notifications/users/5022dcb7-6b70-45ca-b571-0bdbf7a38550
2026-05-18 20:58:47 [http-nio-8087-exec-7] DEBUG o.s.s.a.m.AuthorizationManagerBeforeMethodInterceptor - Authorizing method invocation ReflectiveMethodInvocation: public org.springframework.http.ResponseEntity com.cognizant.notificationservice.adapter.web.controller.NotificationController.getUserNotifications(java.util.UUID,org.springframework.data.domain.Pageable); target is of class [com.cognizant.notificationservice.adapter.web.controller.NotificationController]
2026-05-18 20:58:47 [http-nio-8087-exec-7] DEBUG o.s.s.a.m.AuthorizationManagerBeforeMethodInterceptor - Authorized method invocation ReflectiveMethodInvocation: public org.springframework.http.ResponseEntity com.cognizant.notificationservice.adapter.web.controller.NotificationController.getUserNotifications(java.util.UUID,org.springframework.data.domain.Pageable); target is of class [com.cognizant.notificationservice.adapter.web.controller.NotificationController]
2026-05-18 20:58:47 [http-nio-8087-exec-7] DEBUG org.hibernate.SQL - 
    select
        nr1_0.recipient_id,
        nr1_0.delivered_at,
        nr1_0.notification_id,
        nr1_0.is_read,
        nr1_0.read_at,
        nr1_0.user_id 
    from
        notification_recipients nr1_0 
    where
        nr1_0.user_id=? 
    order by
        nr1_0.delivered_at desc,
        nr1_0.delivered_at 
    offset
        ? rows 
    fetch
        first ? rows only
2026-05-18 20:58:47 [http-nio-8087-exec-8] DEBUG o.s.security.web.FilterChainProxy - Securing GET /api/notifications/users/5022dcb7-6b70-45ca-b571-0bdbf7a38550
2026-05-18 20:58:47 [http-nio-8087-exec-8] DEBUG c.c.n.i.s.JwtAuthenticationFilter - Set authentication for user: admin1@demo.local
2026-05-18 20:58:47 [http-nio-8087-exec-8] DEBUG o.s.security.web.FilterChainProxy - Secured GET /api/notifications/users/5022dcb7-6b70-45ca-b571-0bdbf7a38550
2026-05-18 20:58:47 [http-nio-8087-exec-8] DEBUG o.s.s.a.m.AuthorizationManagerBeforeMethodInterceptor - Authorizing method invocation ReflectiveMethodInvocation: public org.springframework.http.ResponseEntity com.cognizant.notificationservice.adapter.web.controller.NotificationController.getUserNotifications(java.util.UUID,org.springframework.data.domain.Pageable); target is of class [com.cognizant.notificationservice.adapter.web.controller.NotificationController]
2026-05-18 20:58:47 [http-nio-8087-exec-8] DEBUG o.s.s.a.m.AuthorizationManagerBeforeMethodInterceptor - Authorized method invocation ReflectiveMethodInvocation: public org.springframework.http.ResponseEntity com.cognizant.notificationservice.adapter.web.controller.NotificationController.getUserNotifications(java.util.UUID,org.springframework.data.domain.Pageable); target is of class [com.cognizant.notificationservice.adapter.web.controller.NotificationController]
2026-05-18 20:58:47 [http-nio-8087-exec-8] DEBUG org.hibernate.SQL - 
    select
        nr1_0.recipient_id,
        nr1_0.delivered_at,
        nr1_0.notification_id,
        nr1_0.is_read,
        nr1_0.read_at,
        nr1_0.user_id 
    from
        notification_recipients nr1_0 
    where
        nr1_0.user_id=? 
    order by
        nr1_0.delivered_at desc,
        nr1_0.delivered_at 
    offset
        ? rows 
    fetch
        first ? rows only
2026-05-18 20:58:51 [http-nio-8087-exec-10] DEBUG o.s.security.web.FilterChainProxy - Securing GET /ws/notifications/info?t=1779118131656
2026-05-18 20:58:51 [http-nio-8087-exec-10] DEBUG o.s.s.w.a.AnonymousAuthenticationFilter - Set SecurityContextHolder to anonymous SecurityContext
2026-05-18 20:58:51 [http-nio-8087-exec-10] ERROR c.c.n.i.s.JwtAuthenticationEntryPoint - Unauthorized error: Full authentication is required to access this resource
2026-05-18 20:58:56 [http-nio-8087-exec-9] DEBUG o.s.security.web.FilterChainProxy - Securing GET /ws/notifications/info?t=1779118136666
2026-05-18 20:58:56 [http-nio-8087-exec-9] DEBUG o.s.s.w.a.AnonymousAuthenticationFilter - Set SecurityContextHolder to anonymous SecurityContext
2026-05-18 20:58:56 [http-nio-8087-exec-9] ERROR c.c.n.i.s.JwtAuthenticationEntryPoint - Unauthorized error: Full authentication is required to access this resource
2026-05-18 20:59:01 [http-nio-8087-exec-2] DEBUG o.s.security.web.FilterChainProxy - Securing GET /ws/notifications/info?t=1779118141674
2026-05-18 20:59:01 [http-nio-8087-exec-2] DEBUG o.s.s.w.a.AnonymousAuthenticationFilter - Set SecurityContextHolder to anonymous SecurityContext
2026-05-18 20:59:01 [http-nio-8087-exec-2] ERROR c.c.n.i.s.JwtAuthenticationEntryPoint - Unauthorized error: Full authentication is required to access this resource
2026-05-18 20:59:06 [http-nio-8087-exec-1] DEBUG o.s.security.web.FilterChainProxy - Securing GET /ws/notifications/info?t=1779118146683
2026-05-18 20:59:06 [http-nio-8087-exec-1] DEBUG o.s.s.w.a.AnonymousAuthenticationFilter - Set SecurityContextHolder to anonymous SecurityContext
2026-05-18 20:59:06 [http-nio-8087-exec-1] ERROR c.c.n.i.s.JwtAuthenticationEntryPoint - Unauthorized error: Full authentication is required to access this resource
2026-05-18 20:59:11 [http-nio-8087-exec-4] DEBUG o.s.security.web.FilterChainProxy - Securing GET /ws/notifications/info?t=1779118151691
2026-05-18 20:59:11 [http-nio-8087-exec-4] DEBUG o.s.s.w.a.AnonymousAuthenticationFilter - Set SecurityContextHolder to anonymous SecurityContext
2026-05-18 20:59:11 [http-nio-8087-exec-4] ERROR c.c.n.i.s.JwtAuthenticationEntryPoint - Unauthorized error: Full authentication is required to access this resource
2026-05-18 20:59:16 [http-nio-8087-exec-3] DEBUG o.s.security.web.FilterChainProxy - Securing GET /ws/notifications/info?t=1779118156699
2026-05-18 20:59:16 [http-nio-8087-exec-3] DEBUG o.s.s.w.a.AnonymousAuthenticationFilter - Set SecurityContextHolder to anonymous SecurityContext
2026-05-18 20:59:16 [http-nio-8087-exec-3] ERROR c.c.n.i.s.JwtAuthenticationEntryPoint - Unauthorized error: Full authentication is required to access this resource
2026-05-18 20:59:22 [http-nio-8087-exec-5] DEBUG o.s.security.web.FilterChainProxy - Securing GET /api/notifications/users/6ce79ccc-df0c-4069-8d50-bdef9c9098be
2026-05-18 20:59:22 [http-nio-8087-exec-5] DEBUG c.c.n.i.s.JwtAuthenticationFilter - Set authentication for user: user2@demo.local
2026-05-18 20:59:22 [http-nio-8087-exec-5] DEBUG o.s.security.web.FilterChainProxy - Secured GET /api/notifications/users/6ce79ccc-df0c-4069-8d50-bdef9c9098be
2026-05-18 20:59:22 [http-nio-8087-exec-5] DEBUG o.s.s.a.m.AuthorizationManagerBeforeMethodInterceptor - Authorizing method invocation ReflectiveMethodInvocation: public org.springframework.http.ResponseEntity com.cognizant.notificationservice.adapter.web.controller.NotificationController.getUserNotifications(java.util.UUID,org.springframework.data.domain.Pageable); target is of class [com.cognizant.notificationservice.adapter.web.controller.NotificationController]
2026-05-18 20:59:22 [http-nio-8087-exec-5] DEBUG o.s.s.a.m.AuthorizationManagerBeforeMethodInterceptor - Authorized method invocation ReflectiveMethodInvocation: public org.springframework.http.ResponseEntity com.cognizant.notificationservice.adapter.web.controller.NotificationController.getUserNotifications(java.util.UUID,org.springframework.data.domain.Pageable); target is of class [com.cognizant.notificationservice.adapter.web.controller.NotificationController]
2026-05-18 20:59:22 [http-nio-8087-exec-6] DEBUG o.s.security.web.FilterChainProxy - Securing GET /api/notifications/users/6ce79ccc-df0c-4069-8d50-bdef9c9098be/unread-count
2026-05-18 20:59:22 [http-nio-8087-exec-5] DEBUG org.hibernate.SQL - 
    select
        nr1_0.recipient_id,
        nr1_0.delivered_at,
        nr1_0.notification_id,
        nr1_0.is_read,
        nr1_0.read_at,
        nr1_0.user_id 
    from
        notification_recipients nr1_0 
    where
        nr1_0.user_id=? 
    order by
        nr1_0.delivered_at desc,
        nr1_0.delivered_at 
    offset
        ? rows 
    fetch
        first ? rows only
2026-05-18 20:59:22 [http-nio-8087-exec-6] DEBUG c.c.n.i.s.JwtAuthenticationFilter - Set authentication for user: user2@demo.local
2026-05-18 20:59:22 [http-nio-8087-exec-6] DEBUG o.s.security.web.FilterChainProxy - Secured GET /api/notifications/users/6ce79ccc-df0c-4069-8d50-bdef9c9098be/unread-count
2026-05-18 20:59:22 [http-nio-8087-exec-6] DEBUG o.s.s.a.m.AuthorizationManagerBeforeMethodInterceptor - Authorizing method invocation ReflectiveMethodInvocation: public org.springframework.http.ResponseEntity com.cognizant.notificationservice.adapter.web.controller.NotificationController.getUnreadCount(java.util.UUID); target is of class [com.cognizant.notificationservice.adapter.web.controller.NotificationController]
2026-05-18 20:59:22 [http-nio-8087-exec-6] DEBUG o.s.s.a.m.AuthorizationManagerBeforeMethodInterceptor - Authorized method invocation ReflectiveMethodInvocation: public org.springframework.http.ResponseEntity com.cognizant.notificationservice.adapter.web.controller.NotificationController.getUnreadCount(java.util.UUID); target is of class [com.cognizant.notificationservice.adapter.web.controller.NotificationController]
2026-05-18 20:59:22 [http-nio-8087-exec-6] DEBUG org.hibernate.SQL - 
    select
        count(nr1_0.recipient_id) 
    from
        notification_recipients nr1_0 
    where
        nr1_0.user_id=? 
        and not(nr1_0.is_read)
2026-05-18 20:59:22 [http-nio-8087-exec-7] DEBUG o.s.security.web.FilterChainProxy - Securing GET /ws/notifications/info?t=1779118162840
2026-05-18 20:59:22 [http-nio-8087-exec-7] DEBUG o.s.s.w.a.AnonymousAuthenticationFilter - Set SecurityContextHolder to anonymous SecurityContext
2026-05-18 20:59:22 [http-nio-8087-exec-7] ERROR c.c.n.i.s.JwtAuthenticationEntryPoint - Unauthorized error: Full authentication is required to access this resource
2026-05-18 20:59:22 [http-nio-8087-exec-8] DEBUG o.s.security.web.FilterChainProxy - Securing GET /api/notifications/users/6ce79ccc-df0c-4069-8d50-bdef9c9098be
2026-05-18 20:59:22 [http-nio-8087-exec-8] DEBUG c.c.n.i.s.JwtAuthenticationFilter - Set authentication for user: user2@demo.local
2026-05-18 20:59:22 [http-nio-8087-exec-8] DEBUG o.s.security.web.FilterChainProxy - Secured GET /api/notifications/users/6ce79ccc-df0c-4069-8d50-bdef9c9098be
2026-05-18 20:59:22 [http-nio-8087-exec-8] DEBUG o.s.s.a.m.AuthorizationManagerBeforeMethodInterceptor - Authorizing method invocation ReflectiveMethodInvocation: public org.springframework.http.ResponseEntity com.cognizant.notificationservice.adapter.web.controller.NotificationController.getUserNotifications(java.util.UUID,org.springframework.data.domain.Pageable); target is of class [com.cognizant.notificationservice.adapter.web.controller.NotificationController]
2026-05-18 20:59:22 [http-nio-8087-exec-8] DEBUG o.s.s.a.m.AuthorizationManagerBeforeMethodInterceptor - Authorized method invocation ReflectiveMethodInvocation: public org.springframework.http.ResponseEntity com.cognizant.notificationservice.adapter.web.controller.NotificationController.getUserNotifications(java.util.UUID,org.springframework.data.domain.Pageable); target is of class [com.cognizant.notificationservice.adapter.web.controller.NotificationController]
2026-05-18 20:59:22 [http-nio-8087-exec-8] DEBUG org.hibernate.SQL - 
    select
        nr1_0.recipient_id,
        nr1_0.delivered_at,
        nr1_0.notification_id,
        nr1_0.is_read,
        nr1_0.read_at,
        nr1_0.user_id 
    from
        notification_recipients nr1_0 
    where
        nr1_0.user_id=? 
    order by
        nr1_0.delivered_at desc,
        nr1_0.delivered_at 
    offset
        ? rows 
    fetch
        first ? rows only
2026-05-18 20:59:22 [http-nio-8087-exec-10] DEBUG o.s.security.web.FilterChainProxy - Securing GET /api/notifications/users/6ce79ccc-df0c-4069-8d50-bdef9c9098be
2026-05-18 20:59:22 [http-nio-8087-exec-10] DEBUG c.c.n.i.s.JwtAuthenticationFilter - Set authentication for user: user2@demo.local
2026-05-18 20:59:22 [http-nio-8087-exec-10] DEBUG o.s.security.web.FilterChainProxy - Secured GET /api/notifications/users/6ce79ccc-df0c-4069-8d50-bdef9c9098be
2026-05-18 20:59:22 [http-nio-8087-exec-10] DEBUG o.s.s.a.m.AuthorizationManagerBeforeMethodInterceptor - Authorizing method invocation ReflectiveMethodInvocation: public org.springframework.http.ResponseEntity com.cognizant.notificationservice.adapter.web.controller.NotificationController.getUserNotifications(java.util.UUID,org.springframework.data.domain.Pageable); target is of class [com.cognizant.notificationservice.adapter.web.controller.NotificationController]
2026-05-18 20:59:22 [http-nio-8087-exec-10] DEBUG o.s.s.a.m.AuthorizationManagerBeforeMethodInterceptor - Authorized method invocation ReflectiveMethodInvocation: public org.springframework.http.ResponseEntity com.cognizant.notificationservice.adapter.web.controller.NotificationController.getUserNotifications(java.util.UUID,org.springframework.data.domain.Pageable); target is of class [com.cognizant.notificationservice.adapter.web.controller.NotificationController]
2026-05-18 20:59:22 [http-nio-8087-exec-10] DEBUG org.hibernate.SQL - 
    select
        nr1_0.recipient_id,
        nr1_0.delivered_at,
        nr1_0.notification_id,
        nr1_0.is_read,
        nr1_0.read_at,
        nr1_0.user_id 
    from
        notification_recipients nr1_0 
    where
        nr1_0.user_id=? 
    order by
        nr1_0.delivered_at desc,
        nr1_0.delivered_at 
    offset
        ? rows 
    fetch
        first ? rows only
2026-05-18 20:59:27 [http-nio-8087-exec-9] DEBUG o.s.security.web.FilterChainProxy - Securing GET /ws/notifications/info?t=1779118167863
2026-05-18 20:59:27 [http-nio-8087-exec-9] DEBUG o.s.s.w.a.AnonymousAuthenticationFilter - Set SecurityContextHolder to anonymous SecurityContext
2026-05-18 20:59:27 [http-nio-8087-exec-9] ERROR c.c.n.i.s.JwtAuthenticationEntryPoint - Unauthorized error: Full authentication is required to access this resource
2026-05-18 20:59:32 [http-nio-8087-exec-2] DEBUG o.s.security.web.FilterChainProxy - Securing GET /ws/notifications/info?t=1779118172872
2026-05-18 20:59:32 [http-nio-8087-exec-2] DEBUG o.s.s.w.a.AnonymousAuthenticationFilter - Set SecurityContextHolder to anonymous SecurityContext
2026-05-18 20:59:32 [http-nio-8087-exec-2] ERROR c.c.n.i.s.JwtAuthenticationEntryPoint - Unauthorized error: Full authentication is required to access this resource
2026-05-18 20:59:37 [http-nio-8087-exec-1] DEBUG o.s.security.web.FilterChainProxy - Securing GET /ws/notifications/info?t=1779118177879
2026-05-18 20:59:37 [http-nio-8087-exec-1] DEBUG o.s.s.w.a.AnonymousAuthenticationFilter - Set SecurityContextHolder to anonymous SecurityContext
2026-05-18 20:59:37 [http-nio-8087-exec-1] ERROR c.c.n.i.s.JwtAuthenticationEntryPoint - Unauthorized error: Full authentication is required to access this resource
2026-05-18 20:59:42 [http-nio-8087-exec-4] DEBUG o.s.security.web.FilterChainProxy - Securing GET /ws/notifications/info?t=1779118182887
2026-05-18 20:59:42 [http-nio-8087-exec-4] DEBUG o.s.s.w.a.AnonymousAuthenticationFilter - Set SecurityContextHolder to anonymous SecurityContext
2026-05-18 20:59:42 [http-nio-8087-exec-4] ERROR c.c.n.i.s.JwtAuthenticationEntryPoint - Unauthorized error: Full authentication is required to access this resource
2026-05-18 20:59:47 [http-nio-8087-exec-3] DEBUG o.s.security.web.FilterChainProxy - Securing GET /ws/notifications/info?t=1779118187896
2026-05-18 20:59:47 [http-nio-8087-exec-3] DEBUG o.s.s.w.a.AnonymousAuthenticationFilter - Set SecurityContextHolder to anonymous SecurityContext
2026-05-18 20:59:47 [http-nio-8087-exec-3] ERROR c.c.n.i.s.JwtAuthenticationEntryPoint - Unauthorized error: Full authentication is required to access this resource
2026-05-18 20:59:52 [http-nio-8087-exec-5] DEBUG o.s.security.web.FilterChainProxy - Securing GET /ws/notifications/info?t=1779118192902
2026-05-18 20:59:52 [http-nio-8087-exec-5] DEBUG o.s.s.w.a.AnonymousAuthenticationFilter - Set SecurityContextHolder to anonymous SecurityContext
2026-05-18 20:59:52 [http-nio-8087-exec-5] ERROR c.c.n.i.s.JwtAuthenticationEntryPoint - Unauthorized error: Full authentication is required to access this resource
2026-05-18 20:59:57 [http-nio-8087-exec-6] DEBUG o.s.security.web.FilterChainProxy - Securing GET /ws/notifications/info?t=1779118197911
2026-05-18 20:59:57 [http-nio-8087-exec-6] DEBUG o.s.s.w.a.AnonymousAuthenticationFilter - Set SecurityContextHolder to anonymous SecurityContext
2026-05-18 20:59:57 [http-nio-8087-exec-6] ERROR c.c.n.i.s.JwtAuthenticationEntryPoint - Unauthorized error: Full authentication is required to access this resource
2026-05-18 21:00:02 [http-nio-8087-exec-7] DEBUG o.s.security.web.FilterChainProxy - Securing GET /ws/notifications/info?t=1779118202919
2026-05-18 21:00:02 [http-nio-8087-exec-7] DEBUG o.s.s.w.a.AnonymousAuthenticationFilter - Set SecurityContextHolder to anonymous SecurityContext
2026-05-18 21:00:02 [http-nio-8087-exec-7] ERROR c.c.n.i.s.JwtAuthenticationEntryPoint - Unauthorized error: Full authentication is required to access this resource
2026-05-18 21:00:07 [http-nio-8087-exec-8] DEBUG o.s.security.web.FilterChainProxy - Securing GET /ws/notifications/info?t=1779118207928
2026-05-18 21:00:07 [http-nio-8087-exec-8] DEBUG o.s.s.w.a.AnonymousAuthenticationFilter - Set SecurityContextHolder to anonymous SecurityContext
2026-05-18 21:00:07 [http-nio-8087-exec-8] ERROR c.c.n.i.s.JwtAuthenticationEntryPoint - Unauthorized error: Full authentication is required to access this resource
2026-05-18 21:00:12 [http-nio-8087-exec-10] DEBUG o.s.security.web.FilterChainProxy - Securing GET /ws/notifications/info?t=1779118212936
2026-05-18 21:00:12 [http-nio-8087-exec-10] DEBUG o.s.s.w.a.AnonymousAuthenticationFilter - Set SecurityContextHolder to anonymous SecurityContext
2026-05-18 21:00:12 [http-nio-8087-exec-10] ERROR c.c.n.i.s.JwtAuthenticationEntryPoint - Unauthorized error: Full authentication is required to access this resource
2026-05-18 21:00:17 [http-nio-8087-exec-9] DEBUG o.s.security.web.FilterChainProxy - Securing GET /ws/notifications/info?t=1779118217946
2026-05-18 21:00:17 [http-nio-8087-exec-9] DEBUG o.s.s.w.a.AnonymousAuthenticationFilter - Set SecurityContextHolder to anonymous SecurityContext
2026-05-18 21:00:17 [http-nio-8087-exec-9] ERROR c.c.n.i.s.JwtAuthenticationEntryPoint - Unauthorized error: Full authentication is required to access this resource
2026-05-18 21:00:22 [http-nio-8087-exec-4] DEBUG o.s.security.web.FilterChainProxy - Securing GET /ws/notifications/info?t=1779118222953
2026-05-18 21:00:22 [http-nio-8087-exec-4] DEBUG o.s.s.w.a.AnonymousAuthenticationFilter - Set SecurityContextHolder to anonymous SecurityContext
2026-05-18 21:00:22 [http-nio-8087-exec-4] ERROR c.c.n.i.s.JwtAuthenticationEntryPoint - Unauthorized error: Full authentication is required to access this resource
2026-05-18 21:00:27 [http-nio-8087-exec-3] DEBUG o.s.security.web.FilterChainProxy - Securing GET /ws/notifications/info?t=1779118227961
2026-05-18 21:00:27 [http-nio-8087-exec-3] DEBUG o.s.s.w.a.AnonymousAuthenticationFilter - Set SecurityContextHolder to anonymous SecurityContext
2026-05-18 21:00:27 [http-nio-8087-exec-3] ERROR c.c.n.i.s.JwtAuthenticationEntryPoint - Unauthorized error: Full authentication is required to access this resource
2026-05-18 21:00:35 [http-nio-8087-exec-5] DEBUG o.s.security.web.FilterChainProxy - Securing GET /api/notifications/users/5022dcb7-6b70-45ca-b571-0bdbf7a38550/unread-count
2026-05-18 21:00:35 [http-nio-8087-exec-6] DEBUG o.s.security.web.FilterChainProxy - Securing GET /api/notifications/users/5022dcb7-6b70-45ca-b571-0bdbf7a38550
2026-05-18 21:00:35 [http-nio-8087-exec-5] DEBUG c.c.n.i.s.JwtAuthenticationFilter - Set authentication for user: admin1@demo.local
2026-05-18 21:00:35 [http-nio-8087-exec-6] DEBUG c.c.n.i.s.JwtAuthenticationFilter - Set authentication for user: admin1@demo.local
2026-05-18 21:00:35 [http-nio-8087-exec-6] DEBUG o.s.security.web.FilterChainProxy - Secured GET /api/notifications/users/5022dcb7-6b70-45ca-b571-0bdbf7a38550
2026-05-18 21:00:35 [http-nio-8087-exec-5] DEBUG o.s.security.web.FilterChainProxy - Secured GET /api/notifications/users/5022dcb7-6b70-45ca-b571-0bdbf7a38550/unread-count
2026-05-18 21:00:35 [http-nio-8087-exec-5] DEBUG o.s.s.a.m.AuthorizationManagerBeforeMethodInterceptor - Authorizing method invocation ReflectiveMethodInvocation: public org.springframework.http.ResponseEntity com.cognizant.notificationservice.adapter.web.controller.NotificationController.getUnreadCount(java.util.UUID); target is of class [com.cognizant.notificationservice.adapter.web.controller.NotificationController]
2026-05-18 21:00:35 [http-nio-8087-exec-5] DEBUG o.s.s.a.m.AuthorizationManagerBeforeMethodInterceptor - Authorized method invocation ReflectiveMethodInvocation: public org.springframework.http.ResponseEntity com.cognizant.notificationservice.adapter.web.controller.NotificationController.getUnreadCount(java.util.UUID); target is of class [com.cognizant.notificationservice.adapter.web.controller.NotificationController]
2026-05-18 21:00:35 [http-nio-8087-exec-6] DEBUG o.s.s.a.m.AuthorizationManagerBeforeMethodInterceptor - Authorizing method invocation ReflectiveMethodInvocation: public org.springframework.http.ResponseEntity com.cognizant.notificationservice.adapter.web.controller.NotificationController.getUserNotifications(java.util.UUID,org.springframework.data.domain.Pageable); target is of class [com.cognizant.notificationservice.adapter.web.controller.NotificationController]
2026-05-18 21:00:35 [http-nio-8087-exec-6] DEBUG o.s.s.a.m.AuthorizationManagerBeforeMethodInterceptor - Authorized method invocation ReflectiveMethodInvocation: public org.springframework.http.ResponseEntity com.cognizant.notificationservice.adapter.web.controller.NotificationController.getUserNotifications(java.util.UUID,org.springframework.data.domain.Pageable); target is of class [com.cognizant.notificationservice.adapter.web.controller.NotificationController]
2026-05-18 21:00:35 [http-nio-8087-exec-5] DEBUG org.hibernate.SQL - 
    select
        count(nr1_0.recipient_id) 
    from
        notification_recipients nr1_0 
    where
        nr1_0.user_id=? 
        and not(nr1_0.is_read)
2026-05-18 21:00:35 [http-nio-8087-exec-6] DEBUG org.hibernate.SQL - 
    select
        nr1_0.recipient_id,
        nr1_0.delivered_at,
        nr1_0.notification_id,
        nr1_0.is_read,
        nr1_0.read_at,
        nr1_0.user_id 
    from
        notification_recipients nr1_0 
    where
        nr1_0.user_id=? 
    order by
        nr1_0.delivered_at desc,
        nr1_0.delivered_at 
    offset
        ? rows 
    fetch
        first ? rows only
2026-05-18 21:00:35 [http-nio-8087-exec-7] DEBUG o.s.security.web.FilterChainProxy - Securing GET /ws/notifications/info?t=1779118235587
2026-05-18 21:00:35 [http-nio-8087-exec-7] DEBUG o.s.s.w.a.AnonymousAuthenticationFilter - Set SecurityContextHolder to anonymous SecurityContext
2026-05-18 21:00:35 [http-nio-8087-exec-7] ERROR c.c.n.i.s.JwtAuthenticationEntryPoint - Unauthorized error: Full authentication is required to access this resource
2026-05-18 21:00:35 [http-nio-8087-exec-8] DEBUG o.s.security.web.FilterChainProxy - Securing GET /api/notifications/users/5022dcb7-6b70-45ca-b571-0bdbf7a38550
2026-05-18 21:00:35 [http-nio-8087-exec-8] DEBUG c.c.n.i.s.JwtAuthenticationFilter - Set authentication for user: admin1@demo.local
2026-05-18 21:00:35 [http-nio-8087-exec-8] DEBUG o.s.security.web.FilterChainProxy - Secured GET /api/notifications/users/5022dcb7-6b70-45ca-b571-0bdbf7a38550
2026-05-18 21:00:35 [http-nio-8087-exec-8] DEBUG o.s.s.a.m.AuthorizationManagerBeforeMethodInterceptor - Authorizing method invocation ReflectiveMethodInvocation: public org.springframework.http.ResponseEntity com.cognizant.notificationservice.adapter.web.controller.NotificationController.getUserNotifications(java.util.UUID,org.springframework.data.domain.Pageable); target is of class [com.cognizant.notificationservice.adapter.web.controller.NotificationController]
2026-05-18 21:00:35 [http-nio-8087-exec-8] DEBUG o.s.s.a.m.AuthorizationManagerBeforeMethodInterceptor - Authorized method invocation ReflectiveMethodInvocation: public org.springframework.http.ResponseEntity com.cognizant.notificationservice.adapter.web.controller.NotificationController.getUserNotifications(java.util.UUID,org.springframework.data.domain.Pageable); target is of class [com.cognizant.notificationservice.adapter.web.controller.NotificationController]
2026-05-18 21:00:35 [http-nio-8087-exec-8] DEBUG org.hibernate.SQL - 
    select
        nr1_0.recipient_id,
        nr1_0.delivered_at,
        nr1_0.notification_id,
        nr1_0.is_read,
        nr1_0.read_at,
        nr1_0.user_id 
    from
        notification_recipients nr1_0 
    where
        nr1_0.user_id=? 
    order by
        nr1_0.delivered_at desc,
        nr1_0.delivered_at 
    offset
        ? rows 
    fetch
        first ? rows only
2026-05-18 21:00:35 [http-nio-8087-exec-10] DEBUG o.s.security.web.FilterChainProxy - Securing GET /api/notifications/users/5022dcb7-6b70-45ca-b571-0bdbf7a38550
2026-05-18 21:00:35 [http-nio-8087-exec-10] DEBUG c.c.n.i.s.JwtAuthenticationFilter - Set authentication for user: admin1@demo.local
2026-05-18 21:00:35 [http-nio-8087-exec-10] DEBUG o.s.security.web.FilterChainProxy - Secured GET /api/notifications/users/5022dcb7-6b70-45ca-b571-0bdbf7a38550
2026-05-18 21:00:35 [http-nio-8087-exec-10] DEBUG o.s.s.a.m.AuthorizationManagerBeforeMethodInterceptor - Authorizing method invocation ReflectiveMethodInvocation: public org.springframework.http.ResponseEntity com.cognizant.notificationservice.adapter.web.controller.NotificationController.getUserNotifications(java.util.UUID,org.springframework.data.domain.Pageable); target is of class [com.cognizant.notificationservice.adapter.web.controller.NotificationController]
2026-05-18 21:00:35 [http-nio-8087-exec-10] DEBUG o.s.s.a.m.AuthorizationManagerBeforeMethodInterceptor - Authorized method invocation ReflectiveMethodInvocation: public org.springframework.http.ResponseEntity com.cognizant.notificationservice.adapter.web.controller.NotificationController.getUserNotifications(java.util.UUID,org.springframework.data.domain.Pageable); target is of class [com.cognizant.notificationservice.adapter.web.controller.NotificationController]
2026-05-18 21:00:35 [http-nio-8087-exec-10] DEBUG org.hibernate.SQL - 
    select
        nr1_0.recipient_id,
        nr1_0.delivered_at,
        nr1_0.notification_id,
        nr1_0.is_read,
        nr1_0.read_at,
        nr1_0.user_id 
    from
        notification_recipients nr1_0 
    where
        nr1_0.user_id=? 
    order by
        nr1_0.delivered_at desc,
        nr1_0.delivered_at 
    offset
        ? rows 
    fetch
        first ? rows only
2026-05-18 21:00:40 [http-nio-8087-exec-9] DEBUG o.s.security.web.FilterChainProxy - Securing GET /ws/notifications/info?t=1779118240619
2026-05-18 21:00:40 [http-nio-8087-exec-9] DEBUG o.s.s.w.a.AnonymousAuthenticationFilter - Set SecurityContextHolder to anonymous SecurityContext
2026-05-18 21:00:40 [http-nio-8087-exec-9] ERROR c.c.n.i.s.JwtAuthenticationEntryPoint - Unauthorized error: Full authentication is required to access this resource
2026-05-18 21:00:45 [http-nio-8087-exec-2] DEBUG o.s.security.web.FilterChainProxy - Securing GET /ws/notifications/info?t=1779118245635
2026-05-18 21:00:45 [http-nio-8087-exec-2] DEBUG o.s.s.w.a.AnonymousAuthenticationFilter - Set SecurityContextHolder to anonymous SecurityContext
2026-05-18 21:00:45 [http-nio-8087-exec-2] ERROR c.c.n.i.s.JwtAuthenticationEntryPoint - Unauthorized error: Full authentication is required to access this resource
2026-05-18 21:00:50 [http-nio-8087-exec-1] DEBUG o.s.security.web.FilterChainProxy - Securing GET /ws/notifications/info?t=1779118250643
2026-05-18 21:00:50 [http-nio-8087-exec-1] DEBUG o.s.s.w.a.AnonymousAuthenticationFilter - Set SecurityContextHolder to anonymous SecurityContext
2026-05-18 21:00:50 [http-nio-8087-exec-1] ERROR c.c.n.i.s.JwtAuthenticationEntryPoint - Unauthorized error: Full authentication is required to access this resource
2026-05-18 21:00:51 [org.springframework.kafka.KafkaListenerEndpointContainer#7-0-C-1] ERROR o.s.k.listener.DefaultErrorHandler - Backoff FixedBackOff{interval=0, currentAttempts=1, maxAttempts=0} exhausted for solution.submitted-0@164
org.springframework.kafka.listener.ListenerExecutionFailedException: Listener method could not be invoked with the incoming message
Endpoint handler details:
Method [public void com.cognizant.notificationservice.infrastructure.kafka.NotificationEventConsumer.consumeSolutionSubmitted(com.library.common.event.SolutionSubmittedEvent)]
Bean [com.cognizant.notificationservice.infrastructure.kafka.NotificationEventConsumer@11fa5334]
	at org.springframework.kafka.listener.KafkaMessageListenerContainer$ListenerConsumer.decorateException(KafkaMessageListenerContainer.java:2950)
	at org.springframework.kafka.listener.KafkaMessageListenerContainer$ListenerConsumer.doInvokeOnMessage(KafkaMessageListenerContainer.java:2895)
	at org.springframework.kafka.listener.KafkaMessageListenerContainer$ListenerConsumer.invokeOnMessage(KafkaMessageListenerContainer.java:2859)
	at org.springframework.kafka.listener.KafkaMessageListenerContainer$ListenerConsumer.lambda$doInvokeRecordListener$55(KafkaMessageListenerContainer.java:2777)
	at io.micrometer.observation.Observation.observe(Observation.java:499)
	at org.springframework.kafka.listener.KafkaMessageListenerContainer$ListenerConsumer.doInvokeRecordListener(KafkaMessageListenerContainer.java:2776)
	at org.springframework.kafka.listener.KafkaMessageListenerContainer$ListenerConsumer.doInvokeWithRecords(KafkaMessageListenerContainer.java:2625)
	at org.springframework.kafka.listener.KafkaMessageListenerContainer$ListenerConsumer.invokeRecordListener(KafkaMessageListenerContainer.java:2511)
	at org.springframework.kafka.listener.KafkaMessageListenerContainer$ListenerConsumer.invokeListener(KafkaMessageListenerContainer.java:2153)
	at org.springframework.kafka.listener.KafkaMessageListenerContainer$ListenerConsumer.invokeIfHaveRecords(KafkaMessageListenerContainer.java:1493)
	at org.springframework.kafka.listener.KafkaMessageListenerContainer$ListenerConsumer.pollAndInvoke(KafkaMessageListenerContainer.java:1458)
	at org.springframework.kafka.listener.KafkaMessageListenerContainer$ListenerConsumer.run(KafkaMessageListenerContainer.java:1328)
	at java.base/java.util.concurrent.CompletableFuture$AsyncRun.run(CompletableFuture.java:1804)
	at java.base/java.lang.Thread.run(Thread.java:1583)
	Suppressed: org.springframework.kafka.listener.ListenerExecutionFailedException: Restored Stack Trace
		at org.springframework.kafka.listener.adapter.MessagingMessageListenerAdapter.checkAckArg(MessagingMessageListenerAdapter.java:402)
		at org.springframework.kafka.listener.adapter.MessagingMessageListenerAdapter.invokeHandler(MessagingMessageListenerAdapter.java:380)
		at org.springframework.kafka.listener.adapter.RecordMessagingMessageListenerAdapter.onMessage(RecordMessagingMessageListenerAdapter.java:92)
		at org.springframework.kafka.listener.adapter.RecordMessagingMessageListenerAdapter.onMessage(RecordMessagingMessageListenerAdapter.java:53)
		at org.springframework.kafka.listener.KafkaMessageListenerContainer$ListenerConsumer.doInvokeOnMessage(KafkaMessageListenerContainer.java:2881)
Caused by: org.springframework.messaging.converter.MessageConversionException: Cannot handle message
	at org.springframework.kafka.listener.adapter.MessagingMessageListenerAdapter.invokeHandler(MessagingMessageListenerAdapter.java:380)
	at org.springframework.kafka.listener.adapter.RecordMessagingMessageListenerAdapter.onMessage(RecordMessagingMessageListenerAdapter.java:92)
	at org.springframework.kafka.listener.adapter.RecordMessagingMessageListenerAdapter.onMessage(RecordMessagingMessageListenerAdapter.java:53)
	at org.springframework.kafka.listener.KafkaMessageListenerContainer$ListenerConsumer.doInvokeOnMessage(KafkaMessageListenerContainer.java:2881)
	... 12 common frames omitted
Caused by: org.springframework.messaging.converter.MessageConversionException: Cannot convert from [com.cognizant.notificationservice.application.dto.event.NotificationEvent] to [com.library.common.event.SolutionSubmittedEvent] for GenericMessage [payload=NotificationEvent(eventType=solution.submitted, referenceId=null, referenceType=null, recipientUserIds=null, templateVariables=null), headers={kafka_offset=164, kafka_consumer=org.springframework.kafka.core.DefaultKafkaConsumerFactory$ExtendedKafkaConsumer@2c75d8b3, kafka_timestampType=CREATE_TIME, kafka_receivedPartitionId=0, kafka_receivedMessageKey=6a0590d7-dbf1-4337-8926-b9f020c2f220, kafka_receivedTopic=solution.submitted, kafka_receivedTimestamp=1779118251772, kafka_groupId=notification-service-group}]
	at org.springframework.messaging.handler.annotation.support.PayloadMethodArgumentResolver.resolveArgument(PayloadMethodArgumentResolver.java:151)
	at org.springframework.kafka.annotation.KafkaNullAwarePayloadArgumentResolver.resolveArgument(KafkaNullAwarePayloadArgumentResolver.java:48)
	at org.springframework.messaging.handler.invocation.HandlerMethodArgumentResolverComposite.resolveArgument(HandlerMethodArgumentResolverComposite.java:118)
	at org.springframework.messaging.handler.invocation.InvocableHandlerMethod.getMethodArgumentValues(InvocableHandlerMethod.java:147)
	at org.springframework.messaging.handler.invocation.InvocableHandlerMethod.invoke(InvocableHandlerMethod.java:115)
	at org.springframework.kafka.listener.adapter.HandlerAdapter.invoke(HandlerAdapter.java:56)
	at org.springframework.kafka.listener.adapter.MessagingMessageListenerAdapter.invokeHandler(MessagingMessageListenerAdapter.java:376)
	... 15 common frames omitted
2026-05-18 21:00:51 [org.springframework.kafka.KafkaListenerEndpointContainer#7-0-C-1] INFO  c.c.n.i.k.NotificationEventConsumer - Received solution.submitted for solution: 6a0590d7-dbf1-4337-8926-b9f020c2f220
2026-05-18 21:00:55 [http-nio-8087-exec-4] DEBUG o.s.security.web.FilterChainProxy - Securing GET /ws/notifications/info?t=1779118255652
2026-05-18 21:00:55 [http-nio-8087-exec-4] DEBUG o.s.s.w.a.AnonymousAuthenticationFilter - Set SecurityContextHolder to anonymous SecurityContext
2026-05-18 21:00:55 [http-nio-8087-exec-4] ERROR c.c.n.i.s.JwtAuthenticationEntryPoint - Unauthorized error: Full authentication is required to access this resource
2026-05-18 21:01:00 [http-nio-8087-exec-3] DEBUG o.s.security.web.FilterChainProxy - Securing GET /ws/notifications/info?t=1779118260661
2026-05-18 21:01:00 [http-nio-8087-exec-3] DEBUG o.s.s.w.a.AnonymousAuthenticationFilter - Set SecurityContextHolder to anonymous SecurityContext
2026-05-18 21:01:00 [http-nio-8087-exec-3] ERROR c.c.n.i.s.JwtAuthenticationEntryPoint - Unauthorized error: Full authentication is required to access this resource
2026-05-18 21:01:05 [http-nio-8087-exec-5] DEBUG o.s.security.web.FilterChainProxy - Securing GET /ws/notifications/info?t=1779118265668
2026-05-18 21:01:05 [http-nio-8087-exec-5] DEBUG o.s.s.w.a.AnonymousAuthenticationFilter - Set SecurityContextHolder to anonymous SecurityContext
2026-05-18 21:01:05 [http-nio-8087-exec-5] ERROR c.c.n.i.s.JwtAuthenticationEntryPoint - Unauthorized error: Full authentication is required to access this resource
2026-05-18 21:01:07 [org.springframework.kafka.KafkaListenerEndpointContainer#5-1-C-1] ERROR o.s.k.listener.DefaultErrorHandler - Backoff FixedBackOff{interval=0, currentAttempts=1, maxAttempts=0} exhausted for solution.approved-1@75
org.springframework.kafka.listener.ListenerExecutionFailedException: Listener method could not be invoked with the incoming message
Endpoint handler details:
Method [public void com.cognizant.notificationservice.infrastructure.kafka.NotificationEventConsumer.consumeSolutionApproved(com.library.common.event.SolutionApprovedEvent)]
Bean [com.cognizant.notificationservice.infrastructure.kafka.NotificationEventConsumer@11fa5334]
	at org.springframework.kafka.listener.KafkaMessageListenerContainer$ListenerConsumer.decorateException(KafkaMessageListenerContainer.java:2950)
	at org.springframework.kafka.listener.KafkaMessageListenerContainer$ListenerConsumer.doInvokeOnMessage(KafkaMessageListenerContainer.java:2895)
	at org.springframework.kafka.listener.KafkaMessageListenerContainer$ListenerConsumer.invokeOnMessage(KafkaMessageListenerContainer.java:2859)
	at org.springframework.kafka.listener.KafkaMessageListenerContainer$ListenerConsumer.lambda$doInvokeRecordListener$55(KafkaMessageListenerContainer.java:2777)
	at io.micrometer.observation.Observation.observe(Observation.java:499)
	at org.springframework.kafka.listener.KafkaMessageListenerContainer$ListenerConsumer.doInvokeRecordListener(KafkaMessageListenerContainer.java:2776)
	at org.springframework.kafka.listener.KafkaMessageListenerContainer$ListenerConsumer.doInvokeWithRecords(KafkaMessageListenerContainer.java:2625)
	at org.springframework.kafka.listener.KafkaMessageListenerContainer$ListenerConsumer.invokeRecordListener(KafkaMessageListenerContainer.java:2511)
	at org.springframework.kafka.listener.KafkaMessageListenerContainer$ListenerConsumer.invokeListener(KafkaMessageListenerContainer.java:2153)
	at org.springframework.kafka.listener.KafkaMessageListenerContainer$ListenerConsumer.invokeIfHaveRecords(KafkaMessageListenerContainer.java:1493)
	at org.springframework.kafka.listener.KafkaMessageListenerContainer$ListenerConsumer.pollAndInvoke(KafkaMessageListenerContainer.java:1458)
	at org.springframework.kafka.listener.KafkaMessageListenerContainer$ListenerConsumer.run(KafkaMessageListenerContainer.java:1328)
	at java.base/java.util.concurrent.CompletableFuture$AsyncRun.run(CompletableFuture.java:1804)
	at java.base/java.lang.Thread.run(Thread.java:1583)
	Suppressed: org.springframework.kafka.listener.ListenerExecutionFailedException: Restored Stack Trace
		at org.springframework.kafka.listener.adapter.MessagingMessageListenerAdapter.checkAckArg(MessagingMessageListenerAdapter.java:402)
		at org.springframework.kafka.listener.adapter.MessagingMessageListenerAdapter.invokeHandler(MessagingMessageListenerAdapter.java:380)
		at org.springframework.kafka.listener.adapter.RecordMessagingMessageListenerAdapter.onMessage(RecordMessagingMessageListenerAdapter.java:92)
		at org.springframework.kafka.listener.adapter.RecordMessagingMessageListenerAdapter.onMessage(RecordMessagingMessageListenerAdapter.java:53)
		at org.springframework.kafka.listener.KafkaMessageListenerContainer$ListenerConsumer.doInvokeOnMessage(KafkaMessageListenerContainer.java:2881)
Caused by: org.springframework.messaging.converter.MessageConversionException: Cannot handle message
	at org.springframework.kafka.listener.adapter.MessagingMessageListenerAdapter.invokeHandler(MessagingMessageListenerAdapter.java:380)
	at org.springframework.kafka.listener.adapter.RecordMessagingMessageListenerAdapter.onMessage(RecordMessagingMessageListenerAdapter.java:92)
	at org.springframework.kafka.listener.adapter.RecordMessagingMessageListenerAdapter.onMessage(RecordMessagingMessageListenerAdapter.java:53)
	at org.springframework.kafka.listener.KafkaMessageListenerContainer$ListenerConsumer.doInvokeOnMessage(KafkaMessageListenerContainer.java:2881)
	... 12 common frames omitted
Caused by: org.springframework.messaging.converter.MessageConversionException: Cannot convert from [com.cognizant.notificationservice.application.dto.event.NotificationEvent] to [com.library.common.event.SolutionApprovedEvent] for GenericMessage [payload=NotificationEvent(eventType=solution.approved, referenceId=null, referenceType=null, recipientUserIds=null, templateVariables=null), headers={kafka_offset=75, kafka_consumer=org.springframework.kafka.core.DefaultKafkaConsumerFactory$ExtendedKafkaConsumer@3426d230, kafka_timestampType=CREATE_TIME, kafka_receivedPartitionId=1, kafka_receivedMessageKey=6a0590d7-dbf1-4337-8926-b9f020c2f220, kafka_receivedTopic=solution.approved, kafka_receivedTimestamp=1779118267385, kafka_groupId=notification-service-group-notify-approved}]
	at org.springframework.messaging.handler.annotation.support.PayloadMethodArgumentResolver.resolveArgument(PayloadMethodArgumentResolver.java:151)
	at org.springframework.kafka.annotation.KafkaNullAwarePayloadArgumentResolver.resolveArgument(KafkaNullAwarePayloadArgumentResolver.java:48)
	at org.springframework.messaging.handler.invocation.HandlerMethodArgumentResolverComposite.resolveArgument(HandlerMethodArgumentResolverComposite.java:118)
	at org.springframework.messaging.handler.invocation.InvocableHandlerMethod.getMethodArgumentValues(InvocableHandlerMethod.java:147)
	at org.springframework.messaging.handler.invocation.InvocableHandlerMethod.invoke(InvocableHandlerMethod.java:115)
	at org.springframework.kafka.listener.adapter.HandlerAdapter.invoke(HandlerAdapter.java:56)
	at org.springframework.kafka.listener.adapter.MessagingMessageListenerAdapter.invokeHandler(MessagingMessageListenerAdapter.java:376)
	... 15 common frames omitted
2026-05-18 21:01:07 [org.springframework.kafka.KafkaListenerEndpointContainer#5-0-C-1] INFO  c.c.n.i.k.NotificationEventConsumer - Received solution.approved for solution: 6a0590d7-dbf1-4337-8926-b9f020c2f220
2026-05-18 21:01:07 [org.springframework.kafka.KafkaListenerEndpointContainer#5-0-C-1] INFO  c.c.n.i.s.NotificationServiceImpl - Creating notification with title: Solution Approved
2026-05-18 21:01:07 [org.springframework.kafka.KafkaListenerEndpointContainer#5-0-C-1] INFO  c.c.n.i.s.NotificationServiceImpl - Notification created with id: 3744276b-ecac-41cb-bff5-51a9f20c27a8
2026-05-18 21:01:07 [org.springframework.kafka.KafkaListenerEndpointContainer#5-0-C-1] DEBUG org.hibernate.SQL - 
    insert 
    into
        notifications
        (created_at, message, reference_id, reference_type, status, title, type, notification_id) 
    values
        (?, ?, ?, ?, ?, ?, ?, ?)
2026-05-18 21:01:07 [org.springframework.kafka.KafkaListenerEndpointContainer#5-0-C-1] DEBUG org.hibernate.SQL - 
    insert 
    into
        notification_activity_logs
        (action, created_at, notification_id, activity_id) 
    values
        (?, ?, ?, ?)
2026-05-18 21:01:07 [org.springframework.kafka.KafkaListenerEndpointContainer#5-0-C-1] DEBUG org.hibernate.SQL - 
    insert 
    into
        notification_recipients
        (delivered_at, notification_id, is_read, read_at, user_id, recipient_id) 
    values
        (?, ?, ?, ?, ?, ?)
2026-05-18 21:01:07 [org.springframework.kafka.KafkaListenerEndpointContainer#5-0-C-1] INFO  c.c.n.i.s.NotificationServiceImpl - Sending notification: 3744276b-ecac-41cb-bff5-51a9f20c27a8
2026-05-18 21:01:07 [org.springframework.kafka.KafkaListenerEndpointContainer#5-0-C-1] DEBUG org.hibernate.SQL - 
    select
        n1_0.notification_id,
        n1_0.created_at,
        n1_0.message,
        n1_0.reference_id,
        n1_0.reference_type,
        n1_0.status,
        n1_0.title,
        n1_0.type 
    from
        notifications n1_0 
    where
        n1_0.notification_id=?
2026-05-18 21:01:07 [org.springframework.kafka.KafkaListenerEndpointContainer#10-0-C-1] INFO  c.c.n.i.k.NotificationEventConsumer - Received reward.points.added for user: 6ce79ccc-df0c-4069-8d50-bdef9c9098be
2026-05-18 21:01:07 [org.springframework.kafka.KafkaListenerEndpointContainer#10-0-C-1] INFO  c.c.n.i.s.NotificationServiceImpl - Creating notification with title: Points Earned
2026-05-18 21:01:07 [org.springframework.kafka.KafkaListenerEndpointContainer#5-0-C-1] DEBUG org.hibernate.SQL - 
    select
        r1_0.notification_id,
        r1_0.recipient_id,
        r1_0.delivered_at,
        r1_0.is_read,
        r1_0.read_at,
        r1_0.user_id 
    from
        notification_recipients r1_0 
    where
        r1_0.notification_id=?
2026-05-18 21:01:07 [org.springframework.kafka.KafkaListenerEndpointContainer#10-0-C-1] INFO  c.c.n.i.s.NotificationServiceImpl - Notification created with id: 8763bcdc-5471-451c-93cb-da963f47c825
2026-05-18 21:01:07 [org.springframework.kafka.KafkaListenerEndpointContainer#10-0-C-1] DEBUG org.hibernate.SQL - 
    insert 
    into
        notifications
        (created_at, message, reference_id, reference_type, status, title, type, notification_id) 
    values
        (?, ?, ?, ?, ?, ?, ?, ?)
2026-05-18 21:01:07 [org.springframework.kafka.KafkaListenerEndpointContainer#10-0-C-1] DEBUG org.hibernate.SQL - 
    insert 
    into
        notification_activity_logs
        (action, created_at, notification_id, activity_id) 
    values
        (?, ?, ?, ?)
2026-05-18 21:01:07 [org.springframework.kafka.KafkaListenerEndpointContainer#10-0-C-1] DEBUG org.hibernate.SQL - 
    insert 
    into
        notification_recipients
        (delivered_at, notification_id, is_read, read_at, user_id, recipient_id) 
    values
        (?, ?, ?, ?, ?, ?)
2026-05-18 21:01:07 [org.springframework.kafka.KafkaListenerEndpointContainer#5-0-C-1] DEBUG org.hibernate.SQL - 
    select
        np1_0.preference_id,
        np1_0.created_at,
        np1_0.email_enabled,
        np1_0.in_app_enabled,
        np1_0.knowledge_updates,
        np1_0.reward_updates,
        np1_0.solution_updates,
        np1_0.ticket_updates,
        np1_0.updated_at,
        np1_0.user_id 
    from
        notification_preferences np1_0 
    where
        np1_0.user_id=?
2026-05-18 21:01:07 [org.springframework.kafka.KafkaListenerEndpointContainer#10-0-C-1] INFO  c.c.n.i.s.NotificationServiceImpl - Sending notification: 8763bcdc-5471-451c-93cb-da963f47c825
2026-05-18 21:01:07 [org.springframework.kafka.KafkaListenerEndpointContainer#10-0-C-1] DEBUG org.hibernate.SQL - 
    select
        n1_0.notification_id,
        n1_0.created_at,
        n1_0.message,
        n1_0.reference_id,
        n1_0.reference_type,
        n1_0.status,
        n1_0.title,
        n1_0.type 
    from
        notifications n1_0 
    where
        n1_0.notification_id=?
2026-05-18 21:01:07 [org.springframework.kafka.KafkaListenerEndpointContainer#10-0-C-1] DEBUG org.hibernate.SQL - 
    select
        r1_0.notification_id,
        r1_0.recipient_id,
        r1_0.delivered_at,
        r1_0.is_read,
        r1_0.read_at,
        r1_0.user_id 
    from
        notification_recipients r1_0 
    where
        r1_0.notification_id=?
2026-05-18 21:01:07 [org.springframework.kafka.KafkaListenerEndpointContainer#5-0-C-1] WARN  c.c.n.i.s.NotificationServiceImpl - Could not fetch preferences for user 6ce79ccc-df0c-4069-8d50-bdef9c9098be, defaulting to no email
2026-05-18 21:01:07 [org.springframework.kafka.KafkaListenerEndpointContainer#10-0-C-1] DEBUG org.hibernate.SQL - 
    select
        np1_0.preference_id,
        np1_0.created_at,
        np1_0.email_enabled,
        np1_0.in_app_enabled,
        np1_0.knowledge_updates,
        np1_0.reward_updates,
        np1_0.solution_updates,
        np1_0.ticket_updates,
        np1_0.updated_at,
        np1_0.user_id 
    from
        notification_preferences np1_0 
    where
        np1_0.user_id=?
2026-05-18 21:01:07 [org.springframework.kafka.KafkaListenerEndpointContainer#5-0-C-1] INFO  c.c.n.i.s.NotificationServiceImpl - Notification sent: 3744276b-ecac-41cb-bff5-51a9f20c27a8
2026-05-18 21:01:07 [org.springframework.kafka.KafkaListenerEndpointContainer#10-0-C-1] WARN  c.c.n.i.s.NotificationServiceImpl - Could not fetch preferences for user 6ce79ccc-df0c-4069-8d50-bdef9c9098be, defaulting to no email
2026-05-18 21:01:07 [org.springframework.kafka.KafkaListenerEndpointContainer#5-0-C-1] DEBUG org.hibernate.SQL - 
    insert 
    into
        notification_activity_logs
        (action, created_at, notification_id, activity_id) 
    values
        (?, ?, ?, ?)
2026-05-18 21:01:07 [org.springframework.kafka.KafkaListenerEndpointContainer#10-0-C-1] INFO  c.c.n.i.s.NotificationServiceImpl - Notification sent: 8763bcdc-5471-451c-93cb-da963f47c825
2026-05-18 21:01:07 [org.springframework.kafka.KafkaListenerEndpointContainer#4-0-C-1] INFO  c.c.n.i.k.NotificationEventConsumer - Processing legacy BADGE_AWARDED event
2026-05-18 21:01:07 [org.springframework.kafka.KafkaListenerEndpointContainer#5-0-C-1] DEBUG org.hibernate.SQL - 
    insert 
    into
        notification_delivery_logs
        (attempted_at, delivery_type, error_message, notification_id, retry_count, status, user_id, delivery_id) 
    values
        (?, ?, ?, ?, ?, ?, ?, ?)
2026-05-18 21:01:07 [org.springframework.kafka.KafkaListenerEndpointContainer#10-0-C-1] DEBUG org.hibernate.SQL - 
    insert 
    into
        notification_activity_logs
        (action, created_at, notification_id, activity_id) 
    values
        (?, ?, ?, ?)
2026-05-18 21:01:07 [org.springframework.kafka.KafkaListenerEndpointContainer#10-0-C-1] DEBUG org.hibernate.SQL - 
    insert 
    into
        notification_delivery_logs
        (attempted_at, delivery_type, error_message, notification_id, retry_count, status, user_id, delivery_id) 
    values
        (?, ?, ?, ?, ?, ?, ?, ?)
2026-05-18 21:01:07 [org.springframework.kafka.KafkaListenerEndpointContainer#4-0-C-1] DEBUG org.hibernate.SQL - 
    select
        nt1_0.template_id,
        nt1_0.created_at,
        nt1_0.event_type,
        nt1_0.message_template,
        nt1_0.title_template,
        nt1_0.updated_at 
    from
        notification_templates nt1_0 
    where
        nt1_0.event_type=?
2026-05-18 21:01:07 [org.springframework.kafka.KafkaListenerEndpointContainer#10-0-C-1] DEBUG org.hibernate.SQL - 
    update
        notifications 
    set
        message=?,
        reference_id=?,
        reference_type=?,
        status=?,
        title=?,
        type=? 
    where
        notification_id=?
2026-05-18 21:01:07 [org.springframework.kafka.KafkaListenerEndpointContainer#5-0-C-1] DEBUG org.hibernate.SQL - 
    update
        notifications 
    set
        message=?,
        reference_id=?,
        reference_type=?,
        status=?,
        title=?,
        type=? 
    where
        notification_id=?
2026-05-18 21:01:07 [org.springframework.kafka.KafkaListenerEndpointContainer#4-0-C-1] WARN  c.c.n.i.k.NotificationEventConsumer - Template not found for BADGE_AWARDED, using default
2026-05-18 21:01:07 [org.springframework.kafka.KafkaListenerEndpointContainer#4-0-C-1] INFO  c.c.n.i.s.NotificationServiceImpl - Creating notification with title: BADGE AWARDED
2026-05-18 21:01:07 [org.springframework.kafka.KafkaListenerEndpointContainer#4-0-C-1] INFO  c.c.n.i.s.NotificationServiceImpl - Notification created with id: 1b8c9cee-e37c-453f-a918-4e09f07ee636
2026-05-18 21:01:07 [org.springframework.kafka.KafkaListenerEndpointContainer#4-0-C-1] DEBUG org.hibernate.SQL - 
    insert 
    into
        notifications
        (created_at, message, reference_id, reference_type, status, title, type, notification_id) 
    values
        (?, ?, ?, ?, ?, ?, ?, ?)
2026-05-18 21:01:07 [org.springframework.kafka.KafkaListenerEndpointContainer#4-0-C-1] DEBUG org.hibernate.SQL - 
    insert 
    into
        notification_activity_logs
        (action, created_at, notification_id, activity_id) 
    values
        (?, ?, ?, ?)
2026-05-18 21:01:07 [org.springframework.kafka.KafkaListenerEndpointContainer#4-0-C-1] INFO  c.c.n.i.s.NotificationServiceImpl - Sending notification: 1b8c9cee-e37c-453f-a918-4e09f07ee636
2026-05-18 21:01:07 [org.springframework.kafka.KafkaListenerEndpointContainer#4-0-C-1] DEBUG org.hibernate.SQL - 
    select
        n1_0.notification_id,
        n1_0.created_at,
        n1_0.message,
        n1_0.reference_id,
        n1_0.reference_type,
        n1_0.status,
        n1_0.title,
        n1_0.type 
    from
        notifications n1_0 
    where
        n1_0.notification_id=?
2026-05-18 21:01:07 [org.springframework.kafka.KafkaListenerEndpointContainer#4-0-C-1] DEBUG org.hibernate.SQL - 
    select
        r1_0.notification_id,
        r1_0.recipient_id,
        r1_0.delivered_at,
        r1_0.is_read,
        r1_0.read_at,
        r1_0.user_id 
    from
        notification_recipients r1_0 
    where
        r1_0.notification_id=?
2026-05-18 21:01:07 [org.springframework.kafka.KafkaListenerEndpointContainer#4-0-C-1] INFO  c.c.n.i.s.NotificationServiceImpl - Notification sent: 1b8c9cee-e37c-453f-a918-4e09f07ee636
2026-05-18 21:01:07 [org.springframework.kafka.KafkaListenerEndpointContainer#4-0-C-1] DEBUG org.hibernate.SQL - 
    insert 
    into
        notification_activity_logs
        (action, created_at, notification_id, activity_id) 
    values
        (?, ?, ?, ?)
2026-05-18 21:01:07 [org.springframework.kafka.KafkaListenerEndpointContainer#4-0-C-1] DEBUG org.hibernate.SQL - 
    update
        notifications 
    set
        message=?,
        reference_id=?,
        reference_type=?,
        status=?,
        title=?,
        type=? 
    where
        notification_id=?
2026-05-18 21:01:07 [org.springframework.kafka.KafkaListenerEndpointContainer#4-0-C-1] INFO  c.c.n.i.k.NotificationEventProducer - Publishing notification.sent event for: 1b8c9cee-e37c-453f-a918-4e09f07ee636
2026-05-18 21:01:07 [org.springframework.kafka.KafkaListenerEndpointContainer#4-0-C-1] INFO  o.a.k.c.producer.ProducerConfig - ProducerConfig values: 
	acks = -1
	auto.include.jmx.reporter = true
	batch.size = 16384
	bootstrap.servers = [localhost:9092]
	buffer.memory = 33554432
	client.dns.lookup = use_all_dns_ips
	client.id = producer-1
	compression.type = none
	connections.max.idle.ms = 540000
	delivery.timeout.ms = 120000
	enable.idempotence = true
	interceptor.classes = []
	key.serializer = class org.apache.kafka.common.serialization.StringSerializer
	linger.ms = 0
	max.block.ms = 60000
	max.in.flight.requests.per.connection = 5
	max.request.size = 1048576
	metadata.max.age.ms = 300000
	metadata.max.idle.ms = 300000
	metric.reporters = []
	metrics.num.samples = 2
	metrics.recording.level = INFO
	metrics.sample.window.ms = 30000
	partitioner.adaptive.partitioning.enable = true
	partitioner.availability.timeout.ms = 0
	partitioner.class = null
	partitioner.ignore.keys = false
	receive.buffer.bytes = 32768
	reconnect.backoff.max.ms = 1000
	reconnect.backoff.ms = 50
	request.timeout.ms = 30000
	retries = 3
	retry.backoff.ms = 100
	sasl.client.callback.handler.class = null
	sasl.jaas.config = null
	sasl.kerberos.kinit.cmd = /usr/bin/kinit
	sasl.kerberos.min.time.before.relogin = 60000
	sasl.kerberos.service.name = null
	sasl.kerberos.ticket.renew.jitter = 0.05
	sasl.kerberos.ticket.renew.window.factor = 0.8
	sasl.login.callback.handler.class = null
	sasl.login.class = null
	sasl.login.connect.timeout.ms = null
	sasl.login.read.timeout.ms = null
	sasl.login.refresh.buffer.seconds = 300
	sasl.login.refresh.min.period.seconds = 60
	sasl.login.refresh.window.factor = 0.8
	sasl.login.refresh.window.jitter = 0.05
	sasl.login.retry.backoff.max.ms = 10000
	sasl.login.retry.backoff.ms = 100
	sasl.mechanism = GSSAPI
	sasl.oauthbearer.clock.skew.seconds = 30
	sasl.oauthbearer.expected.audience = null
	sasl.oauthbearer.expected.issuer = null
	sasl.oauthbearer.jwks.endpoint.refresh.ms = 3600000
	sasl.oauthbearer.jwks.endpoint.retry.backoff.max.ms = 10000
	sasl.oauthbearer.jwks.endpoint.retry.backoff.ms = 100
	sasl.oauthbearer.jwks.endpoint.url = null
	sasl.oauthbearer.scope.claim.name = scope
	sasl.oauthbearer.sub.claim.name = sub
	sasl.oauthbearer.token.endpoint.url = null
	security.protocol = PLAINTEXT
	security.providers = null
	send.buffer.bytes = 131072
	socket.connection.setup.timeout.max.ms = 30000
	socket.connection.setup.timeout.ms = 10000
	ssl.cipher.suites = null
	ssl.enabled.protocols = [TLSv1.2, TLSv1.3]
	ssl.endpoint.identification.algorithm = https
	ssl.engine.factory.class = null
	ssl.key.password = null
	ssl.keymanager.algorithm = SunX509
	ssl.keystore.certificate.chain = null
	ssl.keystore.key = null
	ssl.keystore.location = null
	ssl.keystore.password = null
	ssl.keystore.type = JKS
	ssl.protocol = TLSv1.3
	ssl.provider = null
	ssl.secure.random.implementation = null
	ssl.trustmanager.algorithm = PKIX
	ssl.truststore.certificates = null
	ssl.truststore.location = null
	ssl.truststore.password = null
	ssl.truststore.type = JKS
	transaction.timeout.ms = 60000
	transactional.id = null
	value.serializer = class org.springframework.kafka.support.serializer.JsonSerializer

2026-05-18 21:01:07 [org.springframework.kafka.KafkaListenerEndpointContainer#4-0-C-1] INFO  o.a.k.clients.producer.KafkaProducer - [Producer clientId=producer-1] Instantiated an idempotent producer.
2026-05-18 21:01:07 [org.springframework.kafka.KafkaListenerEndpointContainer#4-0-C-1] INFO  o.a.kafka.common.utils.AppInfoParser - Kafka version: 3.6.1
2026-05-18 21:01:07 [org.springframework.kafka.KafkaListenerEndpointContainer#4-0-C-1] INFO  o.a.kafka.common.utils.AppInfoParser - Kafka commitId: 5e3c2b738d253ff5
2026-05-18 21:01:07 [org.springframework.kafka.KafkaListenerEndpointContainer#4-0-C-1] INFO  o.a.kafka.common.utils.AppInfoParser - Kafka startTimeMs: 1779118267552
2026-05-18 21:01:07 [kafka-producer-network-thread | producer-1] INFO  org.apache.kafka.clients.Metadata - [Producer clientId=producer-1] Cluster ID: 538wPjqAT8OPgbqLgW0seg
2026-05-18 21:01:07 [kafka-producer-network-thread | producer-1] INFO  o.a.k.c.p.i.TransactionManager - [Producer clientId=producer-1] ProducerId set to 8005 with epoch 0
2026-05-18 21:01:07 [kafka-producer-network-thread | producer-1] INFO  c.c.n.i.k.NotificationEventProducer - notification.sent event published for: 1b8c9cee-e37c-453f-a918-4e09f07ee636
2026-05-18 21:01:10 [http-nio-8087-exec-6] DEBUG o.s.security.web.FilterChainProxy - Securing GET /ws/notifications/info?t=1779118270677
2026-05-18 21:01:10 [http-nio-8087-exec-6] DEBUG o.s.s.w.a.AnonymousAuthenticationFilter - Set SecurityContextHolder to anonymous SecurityContext
2026-05-18 21:01:10 [http-nio-8087-exec-6] ERROR c.c.n.i.s.JwtAuthenticationEntryPoint - Unauthorized error: Full authentication is required to access this resource
2026-05-18 21:01:15 [http-nio-8087-exec-7] DEBUG o.s.security.web.FilterChainProxy - Securing GET /ws/notifications/info?t=1779118275687
2026-05-18 21:01:15 [http-nio-8087-exec-7] DEBUG o.s.s.w.a.AnonymousAuthenticationFilter - Set SecurityContextHolder to anonymous SecurityContext
2026-05-18 21:01:15 [http-nio-8087-exec-7] ERROR c.c.n.i.s.JwtAuthenticationEntryPoint - Unauthorized error: Full authentication is required to access this resource
2026-05-18 21:01:20 [http-nio-8087-exec-8] DEBUG o.s.security.web.FilterChainProxy - Securing GET /ws/notifications/info?t=1779118280702
2026-05-18 21:01:20 [http-nio-8087-exec-8] DEBUG o.s.s.w.a.AnonymousAuthenticationFilter - Set SecurityContextHolder to anonymous SecurityContext
2026-05-18 21:01:20 [http-nio-8087-exec-8] ERROR c.c.n.i.s.JwtAuthenticationEntryPoint - Unauthorized error: Full authentication is required to access this resource
2026-05-18 21:01:25 [http-nio-8087-exec-10] DEBUG o.s.security.web.FilterChainProxy - Securing GET /ws/notifications/info?t=1779118285711
2026-05-18 21:01:25 [http-nio-8087-exec-10] DEBUG o.s.s.w.a.AnonymousAuthenticationFilter - Set SecurityContextHolder to anonymous SecurityContext
2026-05-18 21:01:25 [http-nio-8087-exec-10] ERROR c.c.n.i.s.JwtAuthenticationEntryPoint - Unauthorized error: Full authentication is required to access this resource
2026-05-18 21:01:30 [http-nio-8087-exec-9] DEBUG o.s.security.web.FilterChainProxy - Securing GET /ws/notifications/info?t=1779118290718
2026-05-18 21:01:30 [http-nio-8087-exec-9] DEBUG o.s.s.w.a.AnonymousAuthenticationFilter - Set SecurityContextHolder to anonymous SecurityContext
2026-05-18 21:01:30 [http-nio-8087-exec-9] ERROR c.c.n.i.s.JwtAuthenticationEntryPoint - Unauthorized error: Full authentication is required to access this resource
2026-05-18 21:01:35 [http-nio-8087-exec-4] DEBUG o.s.security.web.FilterChainProxy - Securing GET /ws/notifications/info?t=1779118295731
2026-05-18 21:01:35 [http-nio-8087-exec-4] DEBUG o.s.s.w.a.AnonymousAuthenticationFilter - Set SecurityContextHolder to anonymous SecurityContext
2026-05-18 21:01:35 [http-nio-8087-exec-4] ERROR c.c.n.i.s.JwtAuthenticationEntryPoint - Unauthorized error: Full authentication is required to access this resource
2026-05-18 21:01:40 [http-nio-8087-exec-3] DEBUG o.s.security.web.FilterChainProxy - Securing GET /ws/notifications/info?t=1779118300739
2026-05-18 21:01:40 [http-nio-8087-exec-3] DEBUG o.s.s.w.a.AnonymousAuthenticationFilter - Set SecurityContextHolder to anonymous SecurityContext
2026-05-18 21:01:40 [http-nio-8087-exec-3] ERROR c.c.n.i.s.JwtAuthenticationEntryPoint - Unauthorized error: Full authentication is required to access this resource
2026-05-18 21:01:45 [http-nio-8087-exec-5] DEBUG o.s.security.web.FilterChainProxy - Securing GET /ws/notifications/info?t=1779118305749
2026-05-18 21:01:45 [http-nio-8087-exec-5] DEBUG o.s.s.w.a.AnonymousAuthenticationFilter - Set SecurityContextHolder to anonymous SecurityContext
2026-05-18 21:01:45 [http-nio-8087-exec-5] ERROR c.c.n.i.s.JwtAuthenticationEntryPoint - Unauthorized error: Full authentication is required to access this resource
2026-05-18 21:01:50 [http-nio-8087-exec-6] DEBUG o.s.security.web.FilterChainProxy - Securing GET /ws/notifications/info?t=1779118310758
2026-05-18 21:01:50 [http-nio-8087-exec-6] DEBUG o.s.s.w.a.AnonymousAuthenticationFilter - Set SecurityContextHolder to anonymous SecurityContext
2026-05-18 21:01:50 [http-nio-8087-exec-6] ERROR c.c.n.i.s.JwtAuthenticationEntryPoint - Unauthorized error: Full authentication is required to access this resource
2026-05-18 21:01:55 [http-nio-8087-exec-7] DEBUG o.s.security.web.FilterChainProxy - Securing GET /ws/notifications/info?t=1779118315766
2026-05-18 21:01:55 [http-nio-8087-exec-7] DEBUG o.s.s.w.a.AnonymousAuthenticationFilter - Set SecurityContextHolder to anonymous SecurityContext
2026-05-18 21:01:55 [http-nio-8087-exec-7] ERROR c.c.n.i.s.JwtAuthenticationEntryPoint - Unauthorized error: Full authentication is required to access this resource
2026-05-18 21:02:00 [http-nio-8087-exec-8] DEBUG o.s.security.web.FilterChainProxy - Securing GET /ws/notifications/info?t=1779118320773
2026-05-18 21:02:00 [http-nio-8087-exec-8] DEBUG o.s.s.w.a.AnonymousAuthenticationFilter - Set SecurityContextHolder to anonymous SecurityContext
2026-05-18 21:02:00 [http-nio-8087-exec-8] ERROR c.c.n.i.s.JwtAuthenticationEntryPoint - Unauthorized error: Full authentication is required to access this resource
2026-05-18 21:02:05 [http-nio-8087-exec-10] DEBUG o.s.security.web.FilterChainProxy - Securing GET /ws/notifications/info?t=1779118325783
2026-05-18 21:02:05 [http-nio-8087-exec-10] DEBUG o.s.s.w.a.AnonymousAuthenticationFilter - Set SecurityContextHolder to anonymous SecurityContext
2026-05-18 21:02:05 [http-nio-8087-exec-10] ERROR c.c.n.i.s.JwtAuthenticationEntryPoint - Unauthorized error: Full authentication is required to access this resource
2026-05-18 21:02:09 [http-nio-8087-exec-9] DEBUG o.s.security.web.FilterChainProxy - Securing GET /api/notifications/users/5022dcb7-6b70-45ca-b571-0bdbf7a38550
2026-05-18 21:02:09 [http-nio-8087-exec-9] DEBUG c.c.n.i.s.JwtAuthenticationFilter - Set authentication for user: admin1@demo.local
2026-05-18 21:02:09 [http-nio-8087-exec-9] DEBUG o.s.security.web.FilterChainProxy - Secured GET /api/notifications/users/5022dcb7-6b70-45ca-b571-0bdbf7a38550
2026-05-18 21:02:09 [http-nio-8087-exec-9] DEBUG o.s.s.a.m.AuthorizationManagerBeforeMethodInterceptor - Authorizing method invocation ReflectiveMethodInvocation: public org.springframework.http.ResponseEntity com.cognizant.notificationservice.adapter.web.controller.NotificationController.getUserNotifications(java.util.UUID,org.springframework.data.domain.Pageable); target is of class [com.cognizant.notificationservice.adapter.web.controller.NotificationController]
2026-05-18 21:02:09 [http-nio-8087-exec-9] DEBUG o.s.s.a.m.AuthorizationManagerBeforeMethodInterceptor - Authorized method invocation ReflectiveMethodInvocation: public org.springframework.http.ResponseEntity com.cognizant.notificationservice.adapter.web.controller.NotificationController.getUserNotifications(java.util.UUID,org.springframework.data.domain.Pageable); target is of class [com.cognizant.notificationservice.adapter.web.controller.NotificationController]
2026-05-18 21:02:09 [http-nio-8087-exec-9] DEBUG org.hibernate.SQL - 
    select
        nr1_0.recipient_id,
        nr1_0.delivered_at,
        nr1_0.notification_id,
        nr1_0.is_read,
        nr1_0.read_at,
        nr1_0.user_id 
    from
        notification_recipients nr1_0 
    where
        nr1_0.user_id=? 
    order by
        nr1_0.delivered_at desc,
        nr1_0.delivered_at 
    offset
        ? rows 
    fetch
        first ? rows only
2026-05-18 21:02:09 [http-nio-8087-exec-1] DEBUG o.s.security.web.FilterChainProxy - Securing GET /api/notifications/users/5022dcb7-6b70-45ca-b571-0bdbf7a38550
2026-05-18 21:02:09 [http-nio-8087-exec-1] DEBUG c.c.n.i.s.JwtAuthenticationFilter - Set authentication for user: admin1@demo.local
2026-05-18 21:02:09 [http-nio-8087-exec-1] DEBUG o.s.security.web.FilterChainProxy - Secured GET /api/notifications/users/5022dcb7-6b70-45ca-b571-0bdbf7a38550
2026-05-18 21:02:09 [http-nio-8087-exec-1] DEBUG o.s.s.a.m.AuthorizationManagerBeforeMethodInterceptor - Authorizing method invocation ReflectiveMethodInvocation: public org.springframework.http.ResponseEntity com.cognizant.notificationservice.adapter.web.controller.NotificationController.getUserNotifications(java.util.UUID,org.springframework.data.domain.Pageable); target is of class [com.cognizant.notificationservice.adapter.web.controller.NotificationController]
2026-05-18 21:02:09 [http-nio-8087-exec-1] DEBUG o.s.s.a.m.AuthorizationManagerBeforeMethodInterceptor - Authorized method invocation ReflectiveMethodInvocation: public org.springframework.http.ResponseEntity com.cognizant.notificationservice.adapter.web.controller.NotificationController.getUserNotifications(java.util.UUID,org.springframework.data.domain.Pageable); target is of class [com.cognizant.notificationservice.adapter.web.controller.NotificationController]
2026-05-18 21:02:09 [http-nio-8087-exec-1] DEBUG org.hibernate.SQL - 
    select
        nr1_0.recipient_id,
        nr1_0.delivered_at,
        nr1_0.notification_id,
        nr1_0.is_read,
        nr1_0.read_at,
        nr1_0.user_id 
    from
        notification_recipients nr1_0 
    where
        nr1_0.user_id=? 
    order by
        nr1_0.delivered_at desc,
        nr1_0.delivered_at 
    offset
        ? rows 
    fetch
        first ? rows only
2026-05-18 21:02:10 [http-nio-8087-exec-2] DEBUG o.s.security.web.FilterChainProxy - Securing GET /ws/notifications/info?t=1779118330791
2026-05-18 21:02:10 [http-nio-8087-exec-2] DEBUG o.s.s.w.a.AnonymousAuthenticationFilter - Set SecurityContextHolder to anonymous SecurityContext
2026-05-18 21:02:10 [http-nio-8087-exec-2] ERROR c.c.n.i.s.JwtAuthenticationEntryPoint - Unauthorized error: Full authentication is required to access this resource
2026-05-18 21:02:15 [http-nio-8087-exec-4] DEBUG o.s.security.web.FilterChainProxy - Securing GET /ws/notifications/info?t=1779118335796
2026-05-18 21:02:15 [http-nio-8087-exec-4] DEBUG o.s.s.w.a.AnonymousAuthenticationFilter - Set SecurityContextHolder to anonymous SecurityContext
2026-05-18 21:02:15 [http-nio-8087-exec-4] ERROR c.c.n.i.s.JwtAuthenticationEntryPoint - Unauthorized error: Full authentication is required to access this resource
2026-05-18 21:02:20 [http-nio-8087-exec-3] DEBUG o.s.security.web.FilterChainProxy - Securing GET /ws/notifications/info?t=1779118340804
2026-05-18 21:02:20 [http-nio-8087-exec-3] DEBUG o.s.s.w.a.AnonymousAuthenticationFilter - Set SecurityContextHolder to anonymous SecurityContext
2026-05-18 21:02:20 [http-nio-8087-exec-3] ERROR c.c.n.i.s.JwtAuthenticationEntryPoint - Unauthorized error: Full authentication is required to access this resource
2026-05-18 21:02:25 [http-nio-8087-exec-5] DEBUG o.s.security.web.FilterChainProxy - Securing GET /ws/notifications/info?t=1779118345813
2026-05-18 21:02:25 [http-nio-8087-exec-5] DEBUG o.s.s.w.a.AnonymousAuthenticationFilter - Set SecurityContextHolder to anonymous SecurityContext
2026-05-18 21:02:25 [http-nio-8087-exec-5] ERROR c.c.n.i.s.JwtAuthenticationEntryPoint - Unauthorized error: Full authentication is required to access this resource
2026-05-18 21:02:30 [http-nio-8087-exec-6] DEBUG o.s.security.web.FilterChainProxy - Securing GET /ws/notifications/info?t=1779118350822
2026-05-18 21:02:30 [http-nio-8087-exec-6] DEBUG o.s.s.w.a.AnonymousAuthenticationFilter - Set SecurityContextHolder to anonymous SecurityContext
2026-05-18 21:02:30 [http-nio-8087-exec-6] ERROR c.c.n.i.s.JwtAuthenticationEntryPoint - Unauthorized error: Full authentication is required to access this resource
2026-05-18 21:02:35 [http-nio-8087-exec-7] DEBUG o.s.security.web.FilterChainProxy - Securing GET /ws/notifications/info?t=1779118355834
2026-05-18 21:02:35 [http-nio-8087-exec-7] DEBUG o.s.s.w.a.AnonymousAuthenticationFilter - Set SecurityContextHolder to anonymous SecurityContext
2026-05-18 21:02:35 [http-nio-8087-exec-7] ERROR c.c.n.i.s.JwtAuthenticationEntryPoint - Unauthorized error: Full authentication is required to access this resource
2026-05-18 21:02:40 [http-nio-8087-exec-8] DEBUG o.s.security.web.FilterChainProxy - Securing GET /ws/notifications/info?t=1779118360841
2026-05-18 21:02:40 [http-nio-8087-exec-8] DEBUG o.s.s.w.a.AnonymousAuthenticationFilter - Set SecurityContextHolder to anonymous SecurityContext
2026-05-18 21:02:40 [http-nio-8087-exec-8] ERROR c.c.n.i.s.JwtAuthenticationEntryPoint - Unauthorized error: Full authentication is required to access this resource
2026-05-18 21:02:45 [http-nio-8087-exec-10] DEBUG o.s.security.web.FilterChainProxy - Securing GET /ws/notifications/info?t=1779118365854
2026-05-18 21:02:45 [http-nio-8087-exec-10] DEBUG o.s.s.w.a.AnonymousAuthenticationFilter - Set SecurityContextHolder to anonymous SecurityContext
2026-05-18 21:02:45 [http-nio-8087-exec-10] ERROR c.c.n.i.s.JwtAuthenticationEntryPoint - Unauthorized error: Full authentication is required to access this resource
2026-05-18 21:02:50 [http-nio-8087-exec-9] DEBUG o.s.security.web.FilterChainProxy - Securing GET /ws/notifications/info?t=1779118370862
2026-05-18 21:02:50 [http-nio-8087-exec-9] DEBUG o.s.s.w.a.AnonymousAuthenticationFilter - Set SecurityContextHolder to anonymous SecurityContext
2026-05-18 21:02:50 [http-nio-8087-exec-9] ERROR c.c.n.i.s.JwtAuthenticationEntryPoint - Unauthorized error: Full authentication is required to access this resource
2026-05-18 21:02:55 [http-nio-8087-exec-1] DEBUG o.s.security.web.FilterChainProxy - Securing GET /ws/notifications/info?t=1779118375870
2026-05-18 21:02:55 [http-nio-8087-exec-1] DEBUG o.s.s.w.a.AnonymousAuthenticationFilter - Set SecurityContextHolder to anonymous SecurityContext
2026-05-18 21:02:55 [http-nio-8087-exec-1] ERROR c.c.n.i.s.JwtAuthenticationEntryPoint - Unauthorized error: Full authentication is required to access this resource
2026-05-18 21:03:00 [http-nio-8087-exec-2] DEBUG o.s.security.web.FilterChainProxy - Securing GET /ws/notifications/info?t=1779118380876
2026-05-18 21:03:00 [http-nio-8087-exec-2] DEBUG o.s.s.w.a.AnonymousAuthenticationFilter - Set SecurityContextHolder to anonymous SecurityContext
2026-05-18 21:03:00 [http-nio-8087-exec-2] ERROR c.c.n.i.s.JwtAuthenticationEntryPoint - Unauthorized error: Full authentication is required to access this resource
2026-05-18 21:03:05 [http-nio-8087-exec-4] DEBUG o.s.security.web.FilterChainProxy - Securing GET /ws/notifications/info?t=1779118385886
2026-05-18 21:03:05 [http-nio-8087-exec-4] DEBUG o.s.s.w.a.AnonymousAuthenticationFilter - Set SecurityContextHolder to anonymous SecurityContext
2026-05-18 21:03:05 [http-nio-8087-exec-4] ERROR c.c.n.i.s.JwtAuthenticationEntryPoint - Unauthorized error: Full authentication is required to access this resource
2026-05-18 21:03:10 [http-nio-8087-exec-5] DEBUG o.s.security.web.FilterChainProxy - Securing GET /ws/notifications/info?t=1779118390894
2026-05-18 21:03:10 [http-nio-8087-exec-5] DEBUG o.s.s.w.a.AnonymousAuthenticationFilter - Set SecurityContextHolder to anonymous SecurityContext
2026-05-18 21:03:10 [http-nio-8087-exec-5] ERROR c.c.n.i.s.JwtAuthenticationEntryPoint - Unauthorized error: Full authentication is required to access this resource
2026-05-18 21:03:15 [http-nio-8087-exec-6] DEBUG o.s.security.web.FilterChainProxy - Securing GET /ws/notifications/info?t=1779118395901
2026-05-18 21:03:15 [http-nio-8087-exec-6] DEBUG o.s.s.w.a.AnonymousAuthenticationFilter - Set SecurityContextHolder to anonymous SecurityContext
2026-05-18 21:03:15 [http-nio-8087-exec-6] ERROR c.c.n.i.s.JwtAuthenticationEntryPoint - Unauthorized error: Full authentication is required to access this resource
2026-05-18 21:03:20 [http-nio-8087-exec-7] DEBUG o.s.security.web.FilterChainProxy - Securing GET /ws/notifications/info?t=1779118400909
2026-05-18 21:03:20 [http-nio-8087-exec-7] DEBUG o.s.s.w.a.AnonymousAuthenticationFilter - Set SecurityContextHolder to anonymous SecurityContext
2026-05-18 21:03:20 [http-nio-8087-exec-7] ERROR c.c.n.i.s.JwtAuthenticationEntryPoint - Unauthorized error: Full authentication is required to access this resource
2026-05-18 21:03:25 [http-nio-8087-exec-8] DEBUG o.s.security.web.FilterChainProxy - Securing GET /ws/notifications/info?t=1779118405917
2026-05-18 21:03:25 [http-nio-8087-exec-8] DEBUG o.s.s.w.a.AnonymousAuthenticationFilter - Set SecurityContextHolder to anonymous SecurityContext
2026-05-18 21:03:25 [http-nio-8087-exec-8] ERROR c.c.n.i.s.JwtAuthenticationEntryPoint - Unauthorized error: Full authentication is required to access this resource
2026-05-18 21:03:29 [http-nio-8087-exec-10] DEBUG o.s.security.web.FilterChainProxy - Securing GET /api/notifications/users/5022dcb7-6b70-45ca-b571-0bdbf7a38550
2026-05-18 21:03:29 [http-nio-8087-exec-10] DEBUG c.c.n.i.s.JwtAuthenticationFilter - Set authentication for user: admin1@demo.local
2026-05-18 21:03:29 [http-nio-8087-exec-10] DEBUG o.s.security.web.FilterChainProxy - Secured GET /api/notifications/users/5022dcb7-6b70-45ca-b571-0bdbf7a38550
2026-05-18 21:03:29 [http-nio-8087-exec-10] DEBUG o.s.s.a.m.AuthorizationManagerBeforeMethodInterceptor - Authorizing method invocation ReflectiveMethodInvocation: public org.springframework.http.ResponseEntity com.cognizant.notificationservice.adapter.web.controller.NotificationController.getUserNotifications(java.util.UUID,org.springframework.data.domain.Pageable); target is of class [com.cognizant.notificationservice.adapter.web.controller.NotificationController]
2026-05-18 21:03:29 [http-nio-8087-exec-10] DEBUG o.s.s.a.m.AuthorizationManagerBeforeMethodInterceptor - Authorized method invocation ReflectiveMethodInvocation: public org.springframework.http.ResponseEntity com.cognizant.notificationservice.adapter.web.controller.NotificationController.getUserNotifications(java.util.UUID,org.springframework.data.domain.Pageable); target is of class [com.cognizant.notificationservice.adapter.web.controller.NotificationController]
2026-05-18 21:03:29 [http-nio-8087-exec-10] DEBUG org.hibernate.SQL - 
    select
        nr1_0.recipient_id,
        nr1_0.delivered_at,
        nr1_0.notification_id,
        nr1_0.is_read,
        nr1_0.read_at,
        nr1_0.user_id 
    from
        notification_recipients nr1_0 
    where
        nr1_0.user_id=? 
    order by
        nr1_0.delivered_at desc,
        nr1_0.delivered_at 
    offset
        ? rows 
    fetch
        first ? rows only
2026-05-18 21:03:29 [http-nio-8087-exec-9] DEBUG o.s.security.web.FilterChainProxy - Securing GET /api/notifications/users/5022dcb7-6b70-45ca-b571-0bdbf7a38550
2026-05-18 21:03:29 [http-nio-8087-exec-9] DEBUG c.c.n.i.s.JwtAuthenticationFilter - Set authentication for user: admin1@demo.local
2026-05-18 21:03:29 [http-nio-8087-exec-9] DEBUG o.s.security.web.FilterChainProxy - Secured GET /api/notifications/users/5022dcb7-6b70-45ca-b571-0bdbf7a38550
2026-05-18 21:03:29 [http-nio-8087-exec-9] DEBUG o.s.s.a.m.AuthorizationManagerBeforeMethodInterceptor - Authorizing method invocation ReflectiveMethodInvocation: public org.springframework.http.ResponseEntity com.cognizant.notificationservice.adapter.web.controller.NotificationController.getUserNotifications(java.util.UUID,org.springframework.data.domain.Pageable); target is of class [com.cognizant.notificationservice.adapter.web.controller.NotificationController]
2026-05-18 21:03:29 [http-nio-8087-exec-9] DEBUG o.s.s.a.m.AuthorizationManagerBeforeMethodInterceptor - Authorized method invocation ReflectiveMethodInvocation: public org.springframework.http.ResponseEntity com.cognizant.notificationservice.adapter.web.controller.NotificationController.getUserNotifications(java.util.UUID,org.springframework.data.domain.Pageable); target is of class [com.cognizant.notificationservice.adapter.web.controller.NotificationController]
2026-05-18 21:03:29 [http-nio-8087-exec-9] DEBUG org.hibernate.SQL - 
    select
        nr1_0.recipient_id,
        nr1_0.delivered_at,
        nr1_0.notification_id,
        nr1_0.is_read,
        nr1_0.read_at,
        nr1_0.user_id 
    from
        notification_recipients nr1_0 
    where
        nr1_0.user_id=? 
    order by
        nr1_0.delivered_at desc,
        nr1_0.delivered_at 
    offset
        ? rows 
    fetch
        first ? rows only
2026-05-18 21:03:30 [http-nio-8087-exec-1] DEBUG o.s.security.web.FilterChainProxy - Securing GET /ws/notifications/info?t=1779118410925
2026-05-18 21:03:30 [http-nio-8087-exec-1] DEBUG o.s.s.w.a.AnonymousAuthenticationFilter - Set SecurityContextHolder to anonymous SecurityContext
2026-05-18 21:03:30 [http-nio-8087-exec-1] ERROR c.c.n.i.s.JwtAuthenticationEntryPoint - Unauthorized error: Full authentication is required to access this resource
2026-05-18 21:03:35 [http-nio-8087-exec-2] DEBUG o.s.security.web.FilterChainProxy - Securing GET /ws/notifications/info?t=1779118415931
2026-05-18 21:03:35 [http-nio-8087-exec-2] DEBUG o.s.s.w.a.AnonymousAuthenticationFilter - Set SecurityContextHolder to anonymous SecurityContext
2026-05-18 21:03:35 [http-nio-8087-exec-2] ERROR c.c.n.i.s.JwtAuthenticationEntryPoint - Unauthorized error: Full authentication is required to access this resource
2026-05-18 21:03:38 [http-nio-8087-exec-4] DEBUG o.s.security.web.FilterChainProxy - Securing GET /api/notifications/users/5022dcb7-6b70-45ca-b571-0bdbf7a38550
2026-05-18 21:03:38 [http-nio-8087-exec-4] DEBUG c.c.n.i.s.JwtAuthenticationFilter - Set authentication for user: admin1@demo.local
2026-05-18 21:03:38 [http-nio-8087-exec-4] DEBUG o.s.security.web.FilterChainProxy - Secured GET /api/notifications/users/5022dcb7-6b70-45ca-b571-0bdbf7a38550
2026-05-18 21:03:38 [http-nio-8087-exec-4] DEBUG o.s.s.a.m.AuthorizationManagerBeforeMethodInterceptor - Authorizing method invocation ReflectiveMethodInvocation: public org.springframework.http.ResponseEntity com.cognizant.notificationservice.adapter.web.controller.NotificationController.getUserNotifications(java.util.UUID,org.springframework.data.domain.Pageable); target is of class [com.cognizant.notificationservice.adapter.web.controller.NotificationController]
2026-05-18 21:03:38 [http-nio-8087-exec-4] DEBUG o.s.s.a.m.AuthorizationManagerBeforeMethodInterceptor - Authorized method invocation ReflectiveMethodInvocation: public org.springframework.http.ResponseEntity com.cognizant.notificationservice.adapter.web.controller.NotificationController.getUserNotifications(java.util.UUID,org.springframework.data.domain.Pageable); target is of class [com.cognizant.notificationservice.adapter.web.controller.NotificationController]
2026-05-18 21:03:38 [http-nio-8087-exec-4] DEBUG org.hibernate.SQL - 
    select
        nr1_0.recipient_id,
        nr1_0.delivered_at,
        nr1_0.notification_id,
        nr1_0.is_read,
        nr1_0.read_at,
        nr1_0.user_id 
    from
        notification_recipients nr1_0 
    where
        nr1_0.user_id=? 
    order by
        nr1_0.delivered_at desc,
        nr1_0.delivered_at 
    offset
        ? rows 
    fetch
        first ? rows only
2026-05-18 21:03:38 [http-nio-8087-exec-3] DEBUG o.s.security.web.FilterChainProxy - Securing GET /api/notifications/users/5022dcb7-6b70-45ca-b571-0bdbf7a38550
2026-05-18 21:03:38 [http-nio-8087-exec-3] DEBUG c.c.n.i.s.JwtAuthenticationFilter - Set authentication for user: admin1@demo.local
2026-05-18 21:03:38 [http-nio-8087-exec-3] DEBUG o.s.security.web.FilterChainProxy - Secured GET /api/notifications/users/5022dcb7-6b70-45ca-b571-0bdbf7a38550
2026-05-18 21:03:38 [http-nio-8087-exec-3] DEBUG o.s.s.a.m.AuthorizationManagerBeforeMethodInterceptor - Authorizing method invocation ReflectiveMethodInvocation: public org.springframework.http.ResponseEntity com.cognizant.notificationservice.adapter.web.controller.NotificationController.getUserNotifications(java.util.UUID,org.springframework.data.domain.Pageable); target is of class [com.cognizant.notificationservice.adapter.web.controller.NotificationController]
2026-05-18 21:03:38 [http-nio-8087-exec-3] DEBUG o.s.s.a.m.AuthorizationManagerBeforeMethodInterceptor - Authorized method invocation ReflectiveMethodInvocation: public org.springframework.http.ResponseEntity com.cognizant.notificationservice.adapter.web.controller.NotificationController.getUserNotifications(java.util.UUID,org.springframework.data.domain.Pageable); target is of class [com.cognizant.notificationservice.adapter.web.controller.NotificationController]
2026-05-18 21:03:38 [http-nio-8087-exec-3] DEBUG org.hibernate.SQL - 
    select
        nr1_0.recipient_id,
        nr1_0.delivered_at,
        nr1_0.notification_id,
        nr1_0.is_read,
        nr1_0.read_at,
        nr1_0.user_id 
    from
        notification_recipients nr1_0 
    where
        nr1_0.user_id=? 
    order by
        nr1_0.delivered_at desc,
        nr1_0.delivered_at 
    offset
        ? rows 
    fetch
        first ? rows only
2026-05-18 21:03:40 [http-nio-8087-exec-5] DEBUG o.s.security.web.FilterChainProxy - Securing GET /ws/notifications/info?t=1779118420940
2026-05-18 21:03:40 [http-nio-8087-exec-5] DEBUG o.s.s.w.a.AnonymousAuthenticationFilter - Set SecurityContextHolder to anonymous SecurityContext
2026-05-18 21:03:40 [http-nio-8087-exec-5] ERROR c.c.n.i.s.JwtAuthenticationEntryPoint - Unauthorized error: Full authentication is required to access this resource
2026-05-18 21:04:24 [SpringApplicationShutdownHook] INFO  o.s.m.s.b.SimpleBrokerMessageHandler - Stopping...
2026-05-18 21:04:24 [SpringApplicationShutdownHook] INFO  o.s.m.s.b.SimpleBrokerMessageHandler - BrokerAvailabilityEvent[available=false, SimpleBrokerMessageHandler [org.springframework.messaging.simp.broker.DefaultSubscriptionRegistry@27688fc6]]
2026-05-18 21:04:24 [SpringApplicationShutdownHook] INFO  o.s.m.s.b.SimpleBrokerMessageHandler - Stopped.
2026-05-18 21:04:24 [org.springframework.kafka.KafkaListenerEndpointContainer#1-1-C-1] INFO  o.a.k.c.c.i.ConsumerCoordinator - [Consumer clientId=consumer-notification-service-group-32, groupId=notification-service-group] Member consumer-notification-service-group-32-45f70ccf-c47a-4c3d-94d5-375522552745 sending LeaveGroup request to coordinator localhost:9092 (id: 2147483646 rack: null) due to the consumer unsubscribed from all topics
2026-05-18 21:04:24 [org.springframework.kafka.KafkaListenerEndpointContainer#7-1-C-1] INFO  o.a.k.c.c.i.ConsumerCoordinator - [Consumer clientId=consumer-notification-service-group-5, groupId=notification-service-group] Member consumer-notification-service-group-5-f451b758-efa7-4ac1-b296-a6c2a84ad857 sending LeaveGroup request to coordinator localhost:9092 (id: 2147483646 rack: null) due to the consumer unsubscribed from all topics
2026-05-18 21:04:24 [org.springframework.kafka.KafkaListenerEndpointContainer#9-2-C-1] INFO  o.a.k.c.c.i.ConsumerCoordinator - [Consumer clientId=consumer-notification-service-group-12, groupId=notification-service-group] Member consumer-notification-service-group-12-8a55f7aa-e9b3-4267-8bdb-dcab320114fd sending LeaveGroup request to coordinator localhost:9092 (id: 2147483646 rack: null) due to the consumer unsubscribed from all topics
2026-05-18 21:04:24 [org.springframework.kafka.KafkaListenerEndpointContainer#0-0-C-1] INFO  o.a.k.c.c.i.ConsumerCoordinator - [Consumer clientId=consumer-notification-service-group-28, groupId=notification-service-group] Revoke previously assigned partitions ticket.created-0
2026-05-18 21:04:24 [org.springframework.kafka.KafkaListenerEndpointContainer#1-2-C-1] INFO  o.a.k.c.c.i.ConsumerCoordinator - [Consumer clientId=consumer-notification-service-group-33, groupId=notification-service-group] Member consumer-notification-service-group-33-b37a8b0a-72a5-4a82-ad16-7760f29d0f6d sending LeaveGroup request to coordinator localhost:9092 (id: 2147483646 rack: null) due to the consumer unsubscribed from all topics
2026-05-18 21:04:24 [org.springframework.kafka.KafkaListenerEndpointContainer#2-0-C-1] INFO  o.a.k.c.c.i.ConsumerCoordinator - [Consumer clientId=consumer-notification-service-group-13, groupId=notification-service-group] Revoke previously assigned partitions ticket.assigned-0
2026-05-18 21:04:24 [org.springframework.kafka.KafkaListenerEndpointContainer#10-1-C-1] INFO  o.a.k.c.c.i.ConsumerCoordinator - [Consumer clientId=consumer-notification-service-group-35, groupId=notification-service-group] Revoke previously assigned partitions reward.points.added-1
2026-05-18 21:04:24 [org.springframework.kafka.KafkaListenerEndpointContainer#11-1-C-1] INFO  o.a.k.c.c.i.ConsumerCoordinator - [Consumer clientId=consumer-notification-service-group-26, groupId=notification-service-group] Revoke previously assigned partitions leaderboard.updated-1
2026-05-18 21:04:24 [org.springframework.kafka.KafkaListenerEndpointContainer#7-2-C-1] INFO  o.a.k.c.c.i.ConsumerCoordinator - [Consumer clientId=consumer-notification-service-group-6, groupId=notification-service-group] Member consumer-notification-service-group-6-b844a579-1ad5-4479-9818-a8fafa595b22 sending LeaveGroup request to coordinator localhost:9092 (id: 2147483646 rack: null) due to the consumer unsubscribed from all topics
2026-05-18 21:04:24 [org.springframework.kafka.KafkaListenerEndpointContainer#5-0-C-1] INFO  o.a.k.c.c.i.ConsumerCoordinator - [Consumer clientId=consumer-notification-service-group-notify-approved-22, groupId=notification-service-group-notify-approved] Revoke previously assigned partitions solution.approved-0
2026-05-18 21:04:24 [org.springframework.kafka.KafkaListenerEndpointContainer#4-1-C-1] INFO  o.a.k.c.c.i.ConsumerCoordinator - [Consumer clientId=consumer-notification-service-group-20, groupId=notification-service-group] Revoke previously assigned partitions reward.badge.awarded-1
2026-05-18 21:04:24 [org.springframework.kafka.KafkaListenerEndpointContainer#1-1-C-1] INFO  o.a.k.c.c.i.ConsumerCoordinator - [Consumer clientId=consumer-notification-service-group-32, groupId=notification-service-group] Resetting generation and member id due to: consumer pro-actively leaving the group
2026-05-18 21:04:24 [org.springframework.kafka.KafkaListenerEndpointContainer#1-1-C-1] INFO  o.a.k.c.c.i.ConsumerCoordinator - [Consumer clientId=consumer-notification-service-group-32, groupId=notification-service-group] Request joining group due to: consumer pro-actively leaving the group
2026-05-18 21:04:24 [org.springframework.kafka.KafkaListenerEndpointContainer#7-1-C-1] INFO  o.a.k.c.c.i.ConsumerCoordinator - [Consumer clientId=consumer-notification-service-group-5, groupId=notification-service-group] Resetting generation and member id due to: consumer pro-actively leaving the group
2026-05-18 21:04:24 [org.springframework.kafka.KafkaListenerEndpointContainer#6-0-C-1] INFO  o.a.k.c.c.i.ConsumerCoordinator - [Consumer clientId=consumer-notification-service-group-1, groupId=notification-service-group] Revoke previously assigned partitions solution.rejected-0
2026-05-18 21:04:24 [org.springframework.kafka.KafkaListenerEndpointContainer#11-1-C-1] INFO  o.s.k.l.KafkaMessageListenerContainer - notification-service-group: partitions revoked: [leaderboard.updated-1]
2026-05-18 21:04:24 [org.springframework.kafka.KafkaListenerEndpointContainer#10-1-C-1] INFO  o.s.k.l.KafkaMessageListenerContainer - notification-service-group: partitions revoked: [reward.points.added-1]
2026-05-18 21:04:24 [org.springframework.kafka.KafkaListenerEndpointContainer#9-0-C-1] INFO  o.a.k.c.c.i.ConsumerCoordinator - [Consumer clientId=consumer-notification-service-group-10, groupId=notification-service-group] Revoke previously assigned partitions knowledge.created-0
2026-05-18 21:04:24 [org.springframework.kafka.KafkaListenerEndpointContainer#7-2-C-1] INFO  o.a.k.c.c.i.ConsumerCoordinator - [Consumer clientId=consumer-notification-service-group-6, groupId=notification-service-group] Resetting generation and member id due to: consumer pro-actively leaving the group
2026-05-18 21:04:24 [org.springframework.kafka.KafkaListenerEndpointContainer#7-2-C-1] INFO  o.a.k.c.c.i.ConsumerCoordinator - [Consumer clientId=consumer-notification-service-group-6, groupId=notification-service-group] Request joining group due to: consumer pro-actively leaving the group
2026-05-18 21:04:24 [org.springframework.kafka.KafkaListenerEndpointContainer#4-1-C-1] INFO  o.s.k.l.KafkaMessageListenerContainer - notification-service-group: partitions revoked: [reward.badge.awarded-1]
2026-05-18 21:04:24 [org.springframework.kafka.KafkaListenerEndpointContainer#3-0-C-1] INFO  o.a.k.c.c.i.ConsumerCoordinator - [Consumer clientId=consumer-notification-service-group-16, groupId=notification-service-group] Revoke previously assigned partitions ticket.resolved-0
2026-05-18 21:04:24 [org.springframework.kafka.KafkaListenerEndpointContainer#1-2-C-1] INFO  o.a.k.c.c.i.ConsumerCoordinator - [Consumer clientId=consumer-notification-service-group-33, groupId=notification-service-group] Resetting generation and member id due to: consumer pro-actively leaving the group
2026-05-18 21:04:24 [org.springframework.kafka.KafkaListenerEndpointContainer#1-2-C-1] INFO  o.a.k.c.c.i.ConsumerCoordinator - [Consumer clientId=consumer-notification-service-group-33, groupId=notification-service-group] Request joining group due to: consumer pro-actively leaving the group
2026-05-18 21:04:24 [org.springframework.kafka.KafkaListenerEndpointContainer#8-0-C-1] INFO  o.a.k.c.c.i.ConsumerCoordinator - [Consumer clientId=consumer-notification-service-group-7, groupId=notification-service-group] Revoke previously assigned partitions ticket.created.legacy-0
2026-05-18 21:04:24 [org.springframework.kafka.KafkaListenerEndpointContainer#1-2-C-1] INFO  o.s.k.c.DefaultKafkaConsumerFactory$ExtendedKafkaConsumer - [Consumer clientId=consumer-notification-service-group-33, groupId=notification-service-group] Unsubscribed all topics or patterns and assigned partitions
2026-05-18 21:04:24 [org.springframework.kafka.KafkaListenerEndpointContainer#8-0-C-1] INFO  o.s.k.l.KafkaMessageListenerContainer - notification-service-group: partitions revoked: [ticket.created.legacy-0]
2026-05-18 21:04:24 [org.springframework.kafka.KafkaListenerEndpointContainer#8-0-C-1] INFO  o.a.k.c.c.i.ConsumerCoordinator - [Consumer clientId=consumer-notification-service-group-7, groupId=notification-service-group] Member consumer-notification-service-group-7-98cf967b-5df8-469d-8a00-0ef8b78d6cc8 sending LeaveGroup request to coordinator localhost:9092 (id: 2147483646 rack: null) due to the consumer unsubscribed from all topics
2026-05-18 21:04:24 [org.springframework.kafka.KafkaListenerEndpointContainer#10-1-C-1] INFO  o.a.k.c.c.i.ConsumerCoordinator - [Consumer clientId=consumer-notification-service-group-35, groupId=notification-service-group] Member consumer-notification-service-group-35-e81a9a40-517c-4dd7-bfb5-62525e05db24 sending LeaveGroup request to coordinator localhost:9092 (id: 2147483646 rack: null) due to the consumer unsubscribed from all topics
2026-05-18 21:04:24 [org.springframework.kafka.KafkaListenerEndpointContainer#8-0-C-1] INFO  o.a.k.c.c.i.ConsumerCoordinator - [Consumer clientId=consumer-notification-service-group-7, groupId=notification-service-group] Resetting generation and member id due to: consumer pro-actively leaving the group
2026-05-18 21:04:24 [org.springframework.kafka.KafkaListenerEndpointContainer#10-1-C-1] INFO  o.a.k.c.c.i.ConsumerCoordinator - [Consumer clientId=consumer-notification-service-group-35, groupId=notification-service-group] Resetting generation and member id due to: consumer pro-actively leaving the group
2026-05-18 21:04:24 [org.springframework.kafka.KafkaListenerEndpointContainer#10-1-C-1] INFO  o.a.k.c.c.i.ConsumerCoordinator - [Consumer clientId=consumer-notification-service-group-35, groupId=notification-service-group] Request joining group due to: consumer pro-actively leaving the group
2026-05-18 21:04:24 [org.springframework.kafka.KafkaListenerEndpointContainer#10-1-C-1] INFO  o.s.k.c.DefaultKafkaConsumerFactory$ExtendedKafkaConsumer - [Consumer clientId=consumer-notification-service-group-35, groupId=notification-service-group] Unsubscribed all topics or patterns and assigned partitions
2026-05-18 21:04:24 [org.springframework.kafka.KafkaListenerEndpointContainer#4-1-C-1] INFO  o.a.k.c.c.i.ConsumerCoordinator - [Consumer clientId=consumer-notification-service-group-20, groupId=notification-service-group] Member consumer-notification-service-group-20-1ada3baa-4763-45a2-afaa-11235a2b638a sending LeaveGroup request to coordinator localhost:9092 (id: 2147483646 rack: null) due to the consumer unsubscribed from all topics
2026-05-18 21:04:24 [org.springframework.kafka.KafkaListenerEndpointContainer#4-1-C-1] INFO  o.a.k.c.c.i.ConsumerCoordinator - [Consumer clientId=consumer-notification-service-group-20, groupId=notification-service-group] Resetting generation and member id due to: consumer pro-actively leaving the group
2026-05-18 21:04:24 [org.springframework.kafka.KafkaListenerEndpointContainer#4-1-C-1] INFO  o.a.k.c.c.i.ConsumerCoordinator - [Consumer clientId=consumer-notification-service-group-20, groupId=notification-service-group] Request joining group due to: consumer pro-actively leaving the group
2026-05-18 21:04:24 [org.springframework.kafka.KafkaListenerEndpointContainer#4-1-C-1] INFO  o.s.k.c.DefaultKafkaConsumerFactory$ExtendedKafkaConsumer - [Consumer clientId=consumer-notification-service-group-20, groupId=notification-service-group] Unsubscribed all topics or patterns and assigned partitions
2026-05-18 21:04:24 [org.springframework.kafka.KafkaListenerEndpointContainer#9-0-C-1] INFO  o.s.k.l.KafkaMessageListenerContainer - notification-service-group: partitions revoked: [knowledge.created-0]
2026-05-18 21:04:24 [org.springframework.kafka.KafkaListenerEndpointContainer#3-2-C-1] INFO  o.a.k.c.c.i.ConsumerCoordinator - [Consumer clientId=consumer-notification-service-group-18, groupId=notification-service-group] Member consumer-notification-service-group-18-86276cfe-295e-4242-9e70-36811163f585 sending LeaveGroup request to coordinator localhost:9092 (id: 2147483646 rack: null) due to the consumer unsubscribed from all topics
2026-05-18 21:04:24 [org.springframework.kafka.KafkaListenerEndpointContainer#9-0-C-1] INFO  o.a.k.c.c.i.ConsumerCoordinator - [Consumer clientId=consumer-notification-service-group-10, groupId=notification-service-group] Member consumer-notification-service-group-10-b8795e0c-acb6-4cc2-967f-d75f47e9d2de sending LeaveGroup request to coordinator localhost:9092 (id: 2147483646 rack: null) due to the consumer unsubscribed from all topics
2026-05-18 21:04:24 [org.springframework.kafka.KafkaListenerEndpointContainer#11-1-C-1] INFO  o.a.k.c.c.i.ConsumerCoordinator - [Consumer clientId=consumer-notification-service-group-26, groupId=notification-service-group] Member consumer-notification-service-group-26-be0cdd84-20c2-4669-a9c8-e8477aef8967 sending LeaveGroup request to coordinator localhost:9092 (id: 2147483646 rack: null) due to the consumer unsubscribed from all topics
2026-05-18 21:04:24 [org.springframework.kafka.KafkaListenerEndpointContainer#8-2-C-1] INFO  o.a.k.c.c.i.ConsumerCoordinator - [Consumer clientId=consumer-notification-service-group-9, groupId=notification-service-group] Member consumer-notification-service-group-9-df44b84d-1c13-4b35-97c5-0969bae10545 sending LeaveGroup request to coordinator localhost:9092 (id: 2147483646 rack: null) due to the consumer unsubscribed from all topics
2026-05-18 21:04:24 [org.springframework.kafka.KafkaListenerEndpointContainer#5-1-C-1] INFO  o.a.k.c.c.i.ConsumerCoordinator - [Consumer clientId=consumer-notification-service-group-notify-approved-23, groupId=notification-service-group-notify-approved] Revoke previously assigned partitions solution.approved-1
2026-05-18 21:04:24 [org.springframework.kafka.KafkaListenerEndpointContainer#11-1-C-1] INFO  o.a.k.c.c.i.ConsumerCoordinator - [Consumer clientId=consumer-notification-service-group-26, groupId=notification-service-group] Resetting generation and member id due to: consumer pro-actively leaving the group
2026-05-18 21:04:24 [org.springframework.kafka.KafkaListenerEndpointContainer#3-2-C-1] INFO  o.a.k.c.c.i.ConsumerCoordinator - [Consumer clientId=consumer-notification-service-group-18, groupId=notification-service-group] Resetting generation and member id due to: consumer pro-actively leaving the group
2026-05-18 21:04:24 [org.springframework.kafka.KafkaListenerEndpointContainer#3-2-C-1] INFO  o.a.k.c.c.i.ConsumerCoordinator - [Consumer clientId=consumer-notification-service-group-18, groupId=notification-service-group] Request joining group due to: consumer pro-actively leaving the group
2026-05-18 21:04:24 [org.springframework.kafka.KafkaListenerEndpointContainer#5-1-C-1] INFO  o.s.k.l.KafkaMessageListenerContainer - notification-service-group-notify-approved: partitions revoked: [solution.approved-1]
2026-05-18 21:04:24 [org.springframework.kafka.KafkaListenerEndpointContainer#5-1-C-1] INFO  o.a.k.c.c.i.ConsumerCoordinator - [Consumer clientId=consumer-notification-service-group-notify-approved-23, groupId=notification-service-group-notify-approved] Member consumer-notification-service-group-notify-approved-23-07c55a0e-dc08-4db0-9a91-c35164a5b522 sending LeaveGroup request to coordinator localhost:9092 (id: 2147483646 rack: null) due to the consumer unsubscribed from all topics
2026-05-18 21:04:24 [org.springframework.kafka.KafkaListenerEndpointContainer#4-0-C-1] INFO  o.a.k.c.c.i.ConsumerCoordinator - [Consumer clientId=consumer-notification-service-group-19, groupId=notification-service-group] Revoke previously assigned partitions reward.badge.awarded-0
2026-05-18 21:04:24 [org.springframework.kafka.KafkaListenerEndpointContainer#5-1-C-1] INFO  o.a.k.c.c.i.ConsumerCoordinator - [Consumer clientId=consumer-notification-service-group-notify-approved-23, groupId=notification-service-group-notify-approved] Resetting generation and member id due to: consumer pro-actively leaving the group
2026-05-18 21:04:24 [org.springframework.kafka.KafkaListenerEndpointContainer#4-0-C-1] INFO  o.s.k.l.KafkaMessageListenerContainer - notification-service-group: partitions revoked: [reward.badge.awarded-0]
2026-05-18 21:04:24 [org.springframework.kafka.KafkaListenerEndpointContainer#0-1-C-1] INFO  o.a.k.c.c.i.ConsumerCoordinator - [Consumer clientId=consumer-notification-service-group-29, groupId=notification-service-group] Member consumer-notification-service-group-29-204089e4-e442-43b8-bc67-7bbed9efe2f3 sending LeaveGroup request to coordinator localhost:9092 (id: 2147483646 rack: null) due to the consumer unsubscribed from all topics
2026-05-18 21:04:24 [org.springframework.kafka.KafkaListenerEndpointContainer#8-2-C-1] INFO  o.a.k.c.c.i.ConsumerCoordinator - [Consumer clientId=consumer-notification-service-group-9, groupId=notification-service-group] Resetting generation and member id due to: consumer pro-actively leaving the group
2026-05-18 21:04:24 [org.springframework.kafka.KafkaListenerEndpointContainer#0-1-C-1] INFO  o.a.k.c.c.i.ConsumerCoordinator - [Consumer clientId=consumer-notification-service-group-29, groupId=notification-service-group] Resetting generation and member id due to: consumer pro-actively leaving the group
2026-05-18 21:04:24 [org.springframework.kafka.KafkaListenerEndpointContainer#4-0-C-1] INFO  o.a.k.c.c.i.ConsumerCoordinator - [Consumer clientId=consumer-notification-service-group-19, groupId=notification-service-group] Member consumer-notification-service-group-19-00daf4fd-58fa-427d-8f07-c5a78a5884c0 sending LeaveGroup request to coordinator localhost:9092 (id: 2147483646 rack: null) due to the consumer unsubscribed from all topics
2026-05-18 21:04:24 [org.springframework.kafka.KafkaListenerEndpointContainer#8-2-C-1] INFO  o.a.k.c.c.i.ConsumerCoordinator - [Consumer clientId=consumer-notification-service-group-9, groupId=notification-service-group] Request joining group due to: consumer pro-actively leaving the group
2026-05-18 21:04:24 [org.springframework.kafka.KafkaListenerEndpointContainer#8-2-C-1] INFO  o.s.k.c.DefaultKafkaConsumerFactory$ExtendedKafkaConsumer - [Consumer clientId=consumer-notification-service-group-9, groupId=notification-service-group] Unsubscribed all topics or patterns and assigned partitions
2026-05-18 21:04:24 [org.springframework.kafka.KafkaListenerEndpointContainer#3-0-C-1] INFO  o.s.k.l.KafkaMessageListenerContainer - notification-service-group: partitions revoked: [ticket.resolved-0]
2026-05-18 21:04:24 [org.springframework.kafka.KafkaListenerEndpointContainer#11-2-C-1] INFO  o.a.k.c.c.i.ConsumerCoordinator - [Consumer clientId=consumer-notification-service-group-27, groupId=notification-service-group] Revoke previously assigned partitions leaderboard.updated-2
2026-05-18 21:04:24 [org.springframework.kafka.KafkaListenerEndpointContainer#3-0-C-1] INFO  o.a.k.c.c.i.ConsumerCoordinator - [Consumer clientId=consumer-notification-service-group-16, groupId=notification-service-group] Member consumer-notification-service-group-16-31dc758e-57d4-49fc-acba-8d164003fd35 sending LeaveGroup request to coordinator localhost:9092 (id: 2147483646 rack: null) due to the consumer unsubscribed from all topics
2026-05-18 21:04:24 [org.springframework.kafka.KafkaListenerEndpointContainer#3-0-C-1] INFO  o.a.k.c.c.i.ConsumerCoordinator - [Consumer clientId=consumer-notification-service-group-16, groupId=notification-service-group] Resetting generation and member id due to: consumer pro-actively leaving the group
2026-05-18 21:04:24 [org.springframework.kafka.KafkaListenerEndpointContainer#3-0-C-1] INFO  o.a.k.c.c.i.ConsumerCoordinator - [Consumer clientId=consumer-notification-service-group-16, groupId=notification-service-group] Request joining group due to: consumer pro-actively leaving the group
2026-05-18 21:04:24 [org.springframework.kafka.KafkaListenerEndpointContainer#3-0-C-1] INFO  o.s.k.c.DefaultKafkaConsumerFactory$ExtendedKafkaConsumer - [Consumer clientId=consumer-notification-service-group-16, groupId=notification-service-group] Unsubscribed all topics or patterns and assigned partitions
2026-05-18 21:04:24 [org.springframework.kafka.KafkaListenerEndpointContainer#11-2-C-1] INFO  o.s.k.l.KafkaMessageListenerContainer - notification-service-group: partitions revoked: [leaderboard.updated-2]
2026-05-18 21:04:24 [org.springframework.kafka.KafkaListenerEndpointContainer#11-2-C-1] INFO  o.a.k.c.c.i.ConsumerCoordinator - [Consumer clientId=consumer-notification-service-group-27, groupId=notification-service-group] Member consumer-notification-service-group-27-fc27cf76-3351-4937-ac37-7534bf233dbc sending LeaveGroup request to coordinator localhost:9092 (id: 2147483646 rack: null) due to the consumer unsubscribed from all topics
2026-05-18 21:04:24 [org.springframework.kafka.KafkaListenerEndpointContainer#11-2-C-1] INFO  o.a.k.c.c.i.ConsumerCoordinator - [Consumer clientId=consumer-notification-service-group-27, groupId=notification-service-group] Resetting generation and member id due to: consumer pro-actively leaving the group
2026-05-18 21:04:24 [org.springframework.kafka.KafkaListenerEndpointContainer#11-1-C-1] INFO  o.a.k.c.c.i.ConsumerCoordinator - [Consumer clientId=consumer-notification-service-group-26, groupId=notification-service-group] Request joining group due to: consumer pro-actively leaving the group
2026-05-18 21:04:24 [org.springframework.kafka.KafkaListenerEndpointContainer#6-2-C-1] INFO  o.a.k.c.c.i.ConsumerCoordinator - [Consumer clientId=consumer-notification-service-group-3, groupId=notification-service-group] Revoke previously assigned partitions solution.rejected-2
2026-05-18 21:04:24 [org.springframework.kafka.KafkaListenerEndpointContainer#6-2-C-1] INFO  o.s.k.l.KafkaMessageListenerContainer - notification-service-group: partitions revoked: [solution.rejected-2]
2026-05-18 21:04:24 [org.springframework.kafka.KafkaListenerEndpointContainer#6-2-C-1] INFO  o.a.k.c.c.i.ConsumerCoordinator - [Consumer clientId=consumer-notification-service-group-3, groupId=notification-service-group] Member consumer-notification-service-group-3-4bef6894-7caa-46c6-9c70-3d903aab463e sending LeaveGroup request to coordinator localhost:9092 (id: 2147483646 rack: null) due to the consumer unsubscribed from all topics
2026-05-18 21:04:24 [org.springframework.kafka.KafkaListenerEndpointContainer#5-1-C-1] INFO  o.a.k.c.c.i.ConsumerCoordinator - [Consumer clientId=consumer-notification-service-group-notify-approved-23, groupId=notification-service-group-notify-approved] Request joining group due to: consumer pro-actively leaving the group
2026-05-18 21:04:24 [org.springframework.kafka.KafkaListenerEndpointContainer#6-1-C-1] INFO  o.a.k.c.c.i.ConsumerCoordinator - [Consumer clientId=consumer-notification-service-group-2, groupId=notification-service-group] Revoke previously assigned partitions solution.rejected-1
2026-05-18 21:04:24 [org.springframework.kafka.KafkaListenerEndpointContainer#5-1-C-1] INFO  o.s.k.c.DefaultKafkaConsumerFactory$ExtendedKafkaConsumer - [Consumer clientId=consumer-notification-service-group-notify-approved-23, groupId=notification-service-group-notify-approved] Unsubscribed all topics or patterns and assigned partitions
2026-05-18 21:04:24 [org.springframework.kafka.KafkaListenerEndpointContainer#6-1-C-1] INFO  o.s.k.l.KafkaMessageListenerContainer - notification-service-group: partitions revoked: [solution.rejected-1]
2026-05-18 21:04:24 [org.springframework.kafka.KafkaListenerEndpointContainer#6-1-C-1] INFO  o.a.k.c.c.i.ConsumerCoordinator - [Consumer clientId=consumer-notification-service-group-2, groupId=notification-service-group] Member consumer-notification-service-group-2-7e2e4f26-8282-4715-b64e-1b3a2530367a sending LeaveGroup request to coordinator localhost:9092 (id: 2147483646 rack: null) due to the consumer unsubscribed from all topics
2026-05-18 21:04:24 [org.springframework.kafka.KafkaListenerEndpointContainer#6-1-C-1] INFO  o.a.k.c.c.i.ConsumerCoordinator - [Consumer clientId=consumer-notification-service-group-2, groupId=notification-service-group] Resetting generation and member id due to: consumer pro-actively leaving the group
2026-05-18 21:04:24 [org.springframework.kafka.KafkaListenerEndpointContainer#6-1-C-1] INFO  o.a.k.c.c.i.ConsumerCoordinator - [Consumer clientId=consumer-notification-service-group-2, groupId=notification-service-group] Request joining group due to: consumer pro-actively leaving the group
2026-05-18 21:04:24 [org.springframework.kafka.KafkaListenerEndpointContainer#6-1-C-1] INFO  o.s.k.c.DefaultKafkaConsumerFactory$ExtendedKafkaConsumer - [Consumer clientId=consumer-notification-service-group-2, groupId=notification-service-group] Unsubscribed all topics or patterns and assigned partitions
2026-05-18 21:04:24 [org.springframework.kafka.KafkaListenerEndpointContainer#0-2-C-1] INFO  o.a.k.c.c.i.ConsumerCoordinator - [Consumer clientId=consumer-notification-service-group-30, groupId=notification-service-group] Member consumer-notification-service-group-30-f5548f1e-0e40-466d-94f8-1a8447d77d35 sending LeaveGroup request to coordinator localhost:9092 (id: 2147483646 rack: null) due to the consumer unsubscribed from all topics
2026-05-18 21:04:24 [org.springframework.kafka.KafkaListenerEndpointContainer#0-2-C-1] INFO  o.a.k.c.c.i.ConsumerCoordinator - [Consumer clientId=consumer-notification-service-group-30, groupId=notification-service-group] Resetting generation and member id due to: consumer pro-actively leaving the group
2026-05-18 21:04:24 [org.springframework.kafka.KafkaListenerEndpointContainer#0-2-C-1] INFO  o.a.k.c.c.i.ConsumerCoordinator - [Consumer clientId=consumer-notification-service-group-30, groupId=notification-service-group] Request joining group due to: consumer pro-actively leaving the group
2026-05-18 21:04:24 [org.springframework.kafka.KafkaListenerEndpointContainer#0-2-C-1] INFO  o.s.k.c.DefaultKafkaConsumerFactory$ExtendedKafkaConsumer - [Consumer clientId=consumer-notification-service-group-30, groupId=notification-service-group] Unsubscribed all topics or patterns and assigned partitions
2026-05-18 21:04:24 [org.springframework.kafka.KafkaListenerEndpointContainer#9-0-C-1] INFO  o.a.k.c.c.i.ConsumerCoordinator - [Consumer clientId=consumer-notification-service-group-10, groupId=notification-service-group] Resetting generation and member id due to: consumer pro-actively leaving the group
2026-05-18 21:04:24 [org.springframework.kafka.KafkaListenerEndpointContainer#9-0-C-1] INFO  o.a.k.c.c.i.ConsumerCoordinator - [Consumer clientId=consumer-notification-service-group-10, groupId=notification-service-group] Request joining group due to: consumer pro-actively leaving the group
2026-05-18 21:04:24 [org.springframework.kafka.KafkaListenerEndpointContainer#9-0-C-1] INFO  o.s.k.c.DefaultKafkaConsumerFactory$ExtendedKafkaConsumer - [Consumer clientId=consumer-notification-service-group-10, groupId=notification-service-group] Unsubscribed all topics or patterns and assigned partitions
2026-05-18 21:04:24 [org.springframework.kafka.KafkaListenerEndpointContainer#6-2-C-1] INFO  o.a.k.c.c.i.ConsumerCoordinator - [Consumer clientId=consumer-notification-service-group-3, groupId=notification-service-group] Resetting generation and member id due to: consumer pro-actively leaving the group
2026-05-18 21:04:24 [org.springframework.kafka.KafkaListenerEndpointContainer#6-2-C-1] INFO  o.a.k.c.c.i.ConsumerCoordinator - [Consumer clientId=consumer-notification-service-group-3, groupId=notification-service-group] Request joining group due to: consumer pro-actively leaving the group
2026-05-18 21:04:24 [org.springframework.kafka.KafkaListenerEndpointContainer#6-2-C-1] INFO  o.s.k.c.DefaultKafkaConsumerFactory$ExtendedKafkaConsumer - [Consumer clientId=consumer-notification-service-group-3, groupId=notification-service-group] Unsubscribed all topics or patterns and assigned partitions
2026-05-18 21:04:24 [org.springframework.kafka.KafkaListenerEndpointContainer#10-0-C-1] INFO  o.a.k.c.c.i.ConsumerCoordinator - [Consumer clientId=consumer-notification-service-group-34, groupId=notification-service-group] Revoke previously assigned partitions reward.points.added-0
2026-05-18 21:04:24 [org.springframework.kafka.KafkaListenerEndpointContainer#11-2-C-1] INFO  o.a.k.c.c.i.ConsumerCoordinator - [Consumer clientId=consumer-notification-service-group-27, groupId=notification-service-group] Request joining group due to: consumer pro-actively leaving the group
2026-05-18 21:04:24 [org.springframework.kafka.KafkaListenerEndpointContainer#11-2-C-1] INFO  o.s.k.c.DefaultKafkaConsumerFactory$ExtendedKafkaConsumer - [Consumer clientId=consumer-notification-service-group-27, groupId=notification-service-group] Unsubscribed all topics or patterns and assigned partitions
2026-05-18 21:04:24 [org.springframework.kafka.KafkaListenerEndpointContainer#1-2-C-1] INFO  o.a.k.c.c.i.ConsumerCoordinator - [Consumer clientId=consumer-notification-service-group-33, groupId=notification-service-group] Resetting generation and member id due to: consumer pro-actively leaving the group
2026-05-18 21:04:24 [org.springframework.kafka.KafkaListenerEndpointContainer#1-2-C-1] INFO  o.a.k.c.c.i.ConsumerCoordinator - [Consumer clientId=consumer-notification-service-group-33, groupId=notification-service-group] Request joining group due to: consumer pro-actively leaving the group
2026-05-18 21:04:24 [org.springframework.kafka.KafkaListenerEndpointContainer#5-1-C-1] INFO  o.a.k.c.c.i.ConsumerCoordinator - [Consumer clientId=consumer-notification-service-group-notify-approved-23, groupId=notification-service-group-notify-approved] Resetting generation and member id due to: consumer pro-actively leaving the group
2026-05-18 21:04:24 [org.springframework.kafka.KafkaListenerEndpointContainer#5-1-C-1] INFO  o.a.k.c.c.i.ConsumerCoordinator - [Consumer clientId=consumer-notification-service-group-notify-approved-23, groupId=notification-service-group-notify-approved] Request joining group due to: consumer pro-actively leaving the group
2026-05-18 21:04:24 [org.springframework.kafka.KafkaListenerEndpointContainer#0-2-C-1] INFO  o.a.k.c.c.i.ConsumerCoordinator - [Consumer clientId=consumer-notification-service-group-30, groupId=notification-service-group] Resetting generation and member id due to: consumer pro-actively leaving the group
2026-05-18 21:04:24 [org.springframework.kafka.KafkaListenerEndpointContainer#0-2-C-1] INFO  o.a.k.c.c.i.ConsumerCoordinator - [Consumer clientId=consumer-notification-service-group-30, groupId=notification-service-group] Request joining group due to: consumer pro-actively leaving the group
2026-05-18 21:04:24 [org.springframework.kafka.KafkaListenerEndpointContainer#2-1-C-1] INFO  o.a.k.c.c.i.ConsumerCoordinator - [Consumer clientId=consumer-notification-service-group-14, groupId=notification-service-group] Member consumer-notification-service-group-14-0b4605cb-2117-45bf-97bb-f42e0b169ae5 sending LeaveGroup request to coordinator localhost:9092 (id: 2147483646 rack: null) due to the consumer unsubscribed from all topics
2026-05-18 21:04:24 [org.springframework.kafka.KafkaListenerEndpointContainer#8-1-C-1] INFO  o.a.k.c.c.i.ConsumerCoordinator - [Consumer clientId=consumer-notification-service-group-8, groupId=notification-service-group] Member consumer-notification-service-group-8-4f46ef43-394f-4add-81d6-0aa8dcce1e67 sending LeaveGroup request to coordinator localhost:9092 (id: 2147483646 rack: null) due to the consumer unsubscribed from all topics
2026-05-18 21:04:24 [org.springframework.kafka.KafkaListenerEndpointContainer#6-2-C-1] INFO  o.a.k.c.c.i.ConsumerCoordinator - [Consumer clientId=consumer-notification-service-group-3, groupId=notification-service-group] Resetting generation and member id due to: consumer pro-actively leaving the group
2026-05-18 21:04:24 [org.springframework.kafka.KafkaListenerEndpointContainer#9-0-C-1] INFO  o.a.k.c.c.i.ConsumerCoordinator - [Consumer clientId=consumer-notification-service-group-10, groupId=notification-service-group] Resetting generation and member id due to: consumer pro-actively leaving the group
2026-05-18 21:04:24 [org.springframework.kafka.KafkaListenerEndpointContainer#6-2-C-1] INFO  o.a.k.c.c.i.ConsumerCoordinator - [Consumer clientId=consumer-notification-service-group-3, groupId=notification-service-group] Request joining group due to: consumer pro-actively leaving the group
2026-05-18 21:04:24 [org.springframework.kafka.KafkaListenerEndpointContainer#9-0-C-1] INFO  o.a.k.c.c.i.ConsumerCoordinator - [Consumer clientId=consumer-notification-service-group-10, groupId=notification-service-group] Request joining group due to: consumer pro-actively leaving the group
2026-05-18 21:04:24 [org.springframework.kafka.KafkaListenerEndpointContainer#2-1-C-1] INFO  o.a.k.c.c.i.ConsumerCoordinator - [Consumer clientId=consumer-notification-service-group-14, groupId=notification-service-group] Resetting generation and member id due to: consumer pro-actively leaving the group
2026-05-18 21:04:24 [org.springframework.kafka.KafkaListenerEndpointContainer#2-1-C-1] INFO  o.a.k.c.c.i.ConsumerCoordinator - [Consumer clientId=consumer-notification-service-group-14, groupId=notification-service-group] Request joining group due to: consumer pro-actively leaving the group
2026-05-18 21:04:24 [org.springframework.kafka.KafkaListenerEndpointContainer#2-1-C-1] INFO  o.s.k.c.DefaultKafkaConsumerFactory$ExtendedKafkaConsumer - [Consumer clientId=consumer-notification-service-group-14, groupId=notification-service-group] Unsubscribed all topics or patterns and assigned partitions
2026-05-18 21:04:24 [org.springframework.kafka.KafkaListenerEndpointContainer#6-1-C-1] INFO  o.a.k.c.c.i.ConsumerCoordinator - [Consumer clientId=consumer-notification-service-group-2, groupId=notification-service-group] Resetting generation and member id due to: consumer pro-actively leaving the group
2026-05-18 21:04:24 [org.springframework.kafka.KafkaListenerEndpointContainer#6-1-C-1] INFO  o.a.k.c.c.i.ConsumerCoordinator - [Consumer clientId=consumer-notification-service-group-2, groupId=notification-service-group] Request joining group due to: consumer pro-actively leaving the group
2026-05-18 21:04:24 [org.springframework.kafka.KafkaListenerEndpointContainer#8-2-C-1] INFO  o.a.k.c.c.i.ConsumerCoordinator - [Consumer clientId=consumer-notification-service-group-9, groupId=notification-service-group] Resetting generation and member id due to: consumer pro-actively leaving the group
2026-05-18 21:04:24 [org.springframework.kafka.KafkaListenerEndpointContainer#1-0-C-1] INFO  o.a.k.c.c.i.ConsumerCoordinator - [Consumer clientId=consumer-notification-service-group-31, groupId=notification-service-group] Revoke previously assigned partitions reward.added-0
2026-05-18 21:04:24 [org.springframework.kafka.KafkaListenerEndpointContainer#1-0-C-1] INFO  o.s.k.l.KafkaMessageListenerContainer - notification-service-group: partitions revoked: [reward.added-0]
2026-05-18 21:04:24 [org.springframework.kafka.KafkaListenerEndpointContainer#3-0-C-1] INFO  o.a.k.c.c.i.ConsumerCoordinator - [Consumer clientId=consumer-notification-service-group-16, groupId=notification-service-group] Resetting generation and member id due to: consumer pro-actively leaving the group
2026-05-18 21:04:24 [org.springframework.kafka.KafkaListenerEndpointContainer#9-1-C-1] INFO  o.a.k.c.c.i.ConsumerCoordinator - [Consumer clientId=consumer-notification-service-group-11, groupId=notification-service-group] Member consumer-notification-service-group-11-0ba2bcb7-b7f0-4cd8-a7bc-a02a609a7b9b sending LeaveGroup request to coordinator localhost:9092 (id: 2147483646 rack: null) due to the consumer unsubscribed from all topics
2026-05-18 21:04:24 [org.springframework.kafka.KafkaListenerEndpointContainer#7-0-C-1] INFO  o.a.k.c.c.i.ConsumerCoordinator - [Consumer clientId=consumer-notification-service-group-4, groupId=notification-service-group] Revoke previously assigned partitions solution.submitted-0
2026-05-18 21:04:24 [org.springframework.kafka.KafkaListenerEndpointContainer#11-2-C-1] INFO  o.a.k.c.c.i.ConsumerCoordinator - [Consumer clientId=consumer-notification-service-group-27, groupId=notification-service-group] Resetting generation and member id due to: consumer pro-actively leaving the group
2026-05-18 21:04:24 [org.springframework.kafka.KafkaListenerEndpointContainer#7-0-C-1] INFO  o.s.k.l.KafkaMessageListenerContainer - notification-service-group: partitions revoked: [solution.submitted-0]
2026-05-18 21:04:24 [org.springframework.kafka.KafkaListenerEndpointContainer#11-2-C-1] INFO  o.a.k.c.c.i.ConsumerCoordinator - [Consumer clientId=consumer-notification-service-group-27, groupId=notification-service-group] Request joining group due to: consumer pro-actively leaving the group
2026-05-18 21:04:24 [org.springframework.kafka.KafkaListenerEndpointContainer#7-0-C-1] INFO  o.a.k.c.c.i.ConsumerCoordinator - [Consumer clientId=consumer-notification-service-group-4, groupId=notification-service-group] Member consumer-notification-service-group-4-27bb6faf-b2cf-40d4-ab70-36a1c83d4f74 sending LeaveGroup request to coordinator localhost:9092 (id: 2147483646 rack: null) due to the consumer unsubscribed from all topics
2026-05-18 21:04:24 [org.springframework.kafka.KafkaListenerEndpointContainer#7-0-C-1] INFO  o.a.k.c.c.i.ConsumerCoordinator - [Consumer clientId=consumer-notification-service-group-4, groupId=notification-service-group] Resetting generation and member id due to: consumer pro-actively leaving the group
2026-05-18 21:04:24 [org.springframework.kafka.KafkaListenerEndpointContainer#7-0-C-1] INFO  o.a.k.c.c.i.ConsumerCoordinator - [Consumer clientId=consumer-notification-service-group-4, groupId=notification-service-group] Request joining group due to: consumer pro-actively leaving the group
2026-05-18 21:04:24 [org.springframework.kafka.KafkaListenerEndpointContainer#7-0-C-1] INFO  o.s.k.c.DefaultKafkaConsumerFactory$ExtendedKafkaConsumer - [Consumer clientId=consumer-notification-service-group-4, groupId=notification-service-group] Unsubscribed all topics or patterns and assigned partitions
2026-05-18 21:04:24 [org.springframework.kafka.KafkaListenerEndpointContainer#1-0-C-1] INFO  o.a.k.c.c.i.ConsumerCoordinator - [Consumer clientId=consumer-notification-service-group-31, groupId=notification-service-group] Member consumer-notification-service-group-31-fe97baf9-c917-4c08-bbfe-33b43a9d45f5 sending LeaveGroup request to coordinator localhost:9092 (id: 2147483646 rack: null) due to the consumer unsubscribed from all topics
2026-05-18 21:04:24 [org.springframework.kafka.KafkaListenerEndpointContainer#1-0-C-1] INFO  o.a.k.c.c.i.ConsumerCoordinator - [Consumer clientId=consumer-notification-service-group-31, groupId=notification-service-group] Resetting generation and member id due to: consumer pro-actively leaving the group
2026-05-18 21:04:24 [org.springframework.kafka.KafkaListenerEndpointContainer#1-0-C-1] INFO  o.a.k.c.c.i.ConsumerCoordinator - [Consumer clientId=consumer-notification-service-group-31, groupId=notification-service-group] Request joining group due to: consumer pro-actively leaving the group
2026-05-18 21:04:24 [org.springframework.kafka.KafkaListenerEndpointContainer#1-0-C-1] INFO  o.s.k.c.DefaultKafkaConsumerFactory$ExtendedKafkaConsumer - [Consumer clientId=consumer-notification-service-group-31, groupId=notification-service-group] Unsubscribed all topics or patterns and assigned partitions
2026-05-18 21:04:24 [org.springframework.kafka.KafkaListenerEndpointContainer#11-0-C-1] INFO  o.a.k.c.c.i.ConsumerCoordinator - [Consumer clientId=consumer-notification-service-group-25, groupId=notification-service-group] Revoke previously assigned partitions leaderboard.updated-0
2026-05-18 21:04:24 [org.springframework.kafka.KafkaListenerEndpointContainer#11-0-C-1] INFO  o.s.k.l.KafkaMessageListenerContainer - notification-service-group: partitions revoked: [leaderboard.updated-0]
2026-05-18 21:04:24 [org.springframework.kafka.KafkaListenerEndpointContainer#11-0-C-1] INFO  o.a.k.c.c.i.ConsumerCoordinator - [Consumer clientId=consumer-notification-service-group-25, groupId=notification-service-group] Member consumer-notification-service-group-25-bf5be529-22f2-4fb2-aff8-a99d6a4f6e33 sending LeaveGroup request to coordinator localhost:9092 (id: 2147483646 rack: null) due to the consumer unsubscribed from all topics
2026-05-18 21:04:24 [org.springframework.kafka.KafkaListenerEndpointContainer#10-2-C-1] INFO  o.a.k.c.c.i.ConsumerCoordinator - [Consumer clientId=consumer-notification-service-group-36, groupId=notification-service-group] Revoke previously assigned partitions reward.points.added-2
2026-05-18 21:04:24 [org.springframework.kafka.KafkaListenerEndpointContainer#11-0-C-1] INFO  o.a.k.c.c.i.ConsumerCoordinator - [Consumer clientId=consumer-notification-service-group-25, groupId=notification-service-group] Resetting generation and member id due to: consumer pro-actively leaving the group
2026-05-18 21:04:24 [org.springframework.kafka.KafkaListenerEndpointContainer#4-2-C-1] INFO  o.a.k.c.c.i.ConsumerCoordinator - [Consumer clientId=consumer-notification-service-group-21, groupId=notification-service-group] Revoke previously assigned partitions reward.badge.awarded-2
2026-05-18 21:04:24 [org.springframework.kafka.KafkaListenerEndpointContainer#4-2-C-1] INFO  o.s.k.l.KafkaMessageListenerContainer - notification-service-group: partitions revoked: [reward.badge.awarded-2]
2026-05-18 21:04:24 [org.springframework.kafka.KafkaListenerEndpointContainer#4-2-C-1] INFO  o.a.k.c.c.i.ConsumerCoordinator - [Consumer clientId=consumer-notification-service-group-21, groupId=notification-service-group] Member consumer-notification-service-group-21-badba8a4-bce6-491b-af19-36f50e18ca8e sending LeaveGroup request to coordinator localhost:9092 (id: 2147483646 rack: null) due to the consumer unsubscribed from all topics
2026-05-18 21:04:24 [org.springframework.kafka.KafkaListenerEndpointContainer#4-2-C-1] INFO  o.a.k.c.c.i.ConsumerCoordinator - [Consumer clientId=consumer-notification-service-group-21, groupId=notification-service-group] Resetting generation and member id due to: consumer pro-actively leaving the group
2026-05-18 21:04:24 [org.springframework.kafka.KafkaListenerEndpointContainer#1-1-C-1] INFO  o.s.k.c.DefaultKafkaConsumerFactory$ExtendedKafkaConsumer - [Consumer clientId=consumer-notification-service-group-32, groupId=notification-service-group] Unsubscribed all topics or patterns and assigned partitions
2026-05-18 21:04:24 [org.springframework.kafka.KafkaListenerEndpointContainer#5-0-C-1] INFO  o.s.k.l.KafkaMessageListenerContainer - notification-service-group-notify-approved: partitions revoked: [solution.approved-0]
2026-05-18 21:04:24 [org.springframework.kafka.KafkaListenerEndpointContainer#5-0-C-1] INFO  o.a.k.c.c.i.ConsumerCoordinator - [Consumer clientId=consumer-notification-service-group-notify-approved-22, groupId=notification-service-group-notify-approved] Member consumer-notification-service-group-notify-approved-22-9dad7f64-8518-44bd-8a39-6c4097c39534 sending LeaveGroup request to coordinator localhost:9092 (id: 2147483646 rack: null) due to the consumer unsubscribed from all topics
2026-05-18 21:04:24 [org.springframework.kafka.KafkaListenerEndpointContainer#5-0-C-1] INFO  o.a.k.c.c.i.ConsumerCoordinator - [Consumer clientId=consumer-notification-service-group-notify-approved-22, groupId=notification-service-group-notify-approved] Resetting generation and member id due to: consumer pro-actively leaving the group
2026-05-18 21:04:24 [org.springframework.kafka.KafkaListenerEndpointContainer#5-0-C-1] INFO  o.a.k.c.c.i.ConsumerCoordinator - [Consumer clientId=consumer-notification-service-group-notify-approved-22, groupId=notification-service-group-notify-approved] Request joining group due to: consumer pro-actively leaving the group
2026-05-18 21:04:24 [org.springframework.kafka.KafkaListenerEndpointContainer#5-0-C-1] INFO  o.s.k.c.DefaultKafkaConsumerFactory$ExtendedKafkaConsumer - [Consumer clientId=consumer-notification-service-group-notify-approved-22, groupId=notification-service-group-notify-approved] Unsubscribed all topics or patterns and assigned partitions
2026-05-18 21:04:24 [org.springframework.kafka.KafkaListenerEndpointContainer#4-2-C-1] INFO  o.a.k.c.c.i.ConsumerCoordinator - [Consumer clientId=consumer-notification-service-group-21, groupId=notification-service-group] Request joining group due to: consumer pro-actively leaving the group
2026-05-18 21:04:24 [org.springframework.kafka.KafkaListenerEndpointContainer#4-2-C-1] INFO  o.s.k.c.DefaultKafkaConsumerFactory$ExtendedKafkaConsumer - [Consumer clientId=consumer-notification-service-group-21, groupId=notification-service-group] Unsubscribed all topics or patterns and assigned partitions
2026-05-18 21:04:24 [org.springframework.kafka.KafkaListenerEndpointContainer#2-0-C-1] INFO  o.s.k.l.KafkaMessageListenerContainer - notification-service-group: partitions revoked: [ticket.assigned-0]
2026-05-18 21:04:24 [org.springframework.kafka.KafkaListenerEndpointContainer#2-0-C-1] INFO  o.a.k.c.c.i.ConsumerCoordinator - [Consumer clientId=consumer-notification-service-group-13, groupId=notification-service-group] Member consumer-notification-service-group-13-76d279ca-6d0d-4106-a145-cf13914605c3 sending LeaveGroup request to coordinator localhost:9092 (id: 2147483646 rack: null) due to the consumer unsubscribed from all topics
2026-05-18 21:04:24 [org.springframework.kafka.KafkaListenerEndpointContainer#2-0-C-1] INFO  o.a.k.c.c.i.ConsumerCoordinator - [Consumer clientId=consumer-notification-service-group-13, groupId=notification-service-group] Resetting generation and member id due to: consumer pro-actively leaving the group
2026-05-18 21:04:24 [org.springframework.kafka.KafkaListenerEndpointContainer#2-0-C-1] INFO  o.a.k.c.c.i.ConsumerCoordinator - [Consumer clientId=consumer-notification-service-group-13, groupId=notification-service-group] Request joining group due to: consumer pro-actively leaving the group
2026-05-18 21:04:24 [org.springframework.kafka.KafkaListenerEndpointContainer#2-0-C-1] INFO  o.s.k.c.DefaultKafkaConsumerFactory$ExtendedKafkaConsumer - [Consumer clientId=consumer-notification-service-group-13, groupId=notification-service-group] Unsubscribed all topics or patterns and assigned partitions
2026-05-18 21:04:24 [org.springframework.kafka.KafkaListenerEndpointContainer#0-0-C-1] INFO  o.s.k.l.KafkaMessageListenerContainer - notification-service-group: partitions revoked: [ticket.created-0]
2026-05-18 21:04:24 [org.springframework.kafka.KafkaListenerEndpointContainer#0-0-C-1] INFO  o.a.k.c.c.i.ConsumerCoordinator - [Consumer clientId=consumer-notification-service-group-28, groupId=notification-service-group] Member consumer-notification-service-group-28-91bd6959-a6b4-44d8-b706-52296dcd3f4c sending LeaveGroup request to coordinator localhost:9092 (id: 2147483646 rack: null) due to the consumer unsubscribed from all topics
2026-05-18 21:04:24 [org.springframework.kafka.KafkaListenerEndpointContainer#1-1-C-1] INFO  o.a.k.c.c.i.ConsumerCoordinator - [Consumer clientId=consumer-notification-service-group-32, groupId=notification-service-group] Resetting generation and member id due to: consumer pro-actively leaving the group
2026-05-18 21:04:24 [org.springframework.kafka.KafkaListenerEndpointContainer#1-1-C-1] INFO  o.a.k.c.c.i.ConsumerCoordinator - [Consumer clientId=consumer-notification-service-group-32, groupId=notification-service-group] Request joining group due to: consumer pro-actively leaving the group
2026-05-18 21:04:24 [org.springframework.kafka.KafkaListenerEndpointContainer#4-2-C-1] INFO  o.a.k.c.c.i.ConsumerCoordinator - [Consumer clientId=consumer-notification-service-group-21, groupId=notification-service-group] Resetting generation and member id due to: consumer pro-actively leaving the group
2026-05-18 21:04:24 [org.springframework.kafka.KafkaListenerEndpointContainer#4-2-C-1] INFO  o.a.k.c.c.i.ConsumerCoordinator - [Consumer clientId=consumer-notification-service-group-21, groupId=notification-service-group] Request joining group due to: consumer pro-actively leaving the group
2026-05-18 21:04:24 [org.springframework.kafka.KafkaListenerEndpointContainer#5-0-C-1] INFO  o.a.k.c.c.i.ConsumerCoordinator - [Consumer clientId=consumer-notification-service-group-notify-approved-22, groupId=notification-service-group-notify-approved] Resetting generation and member id due to: consumer pro-actively leaving the group
2026-05-18 21:04:24 [org.springframework.kafka.KafkaListenerEndpointContainer#7-1-C-1] INFO  o.a.k.c.c.i.ConsumerCoordinator - [Consumer clientId=consumer-notification-service-group-5, groupId=notification-service-group] Request joining group due to: consumer pro-actively leaving the group
2026-05-18 21:04:24 [org.springframework.kafka.KafkaListenerEndpointContainer#6-0-C-1] INFO  o.s.k.l.KafkaMessageListenerContainer - notification-service-group: partitions revoked: [solution.rejected-0]
2026-05-18 21:04:24 [org.springframework.kafka.KafkaListenerEndpointContainer#9-2-C-1] INFO  o.a.k.c.c.i.ConsumerCoordinator - [Consumer clientId=consumer-notification-service-group-12, groupId=notification-service-group] Resetting generation and member id due to: consumer pro-actively leaving the group
2026-05-18 21:04:24 [org.springframework.kafka.KafkaListenerEndpointContainer#5-2-C-1] INFO  o.a.k.c.c.i.ConsumerCoordinator - [Consumer clientId=consumer-notification-service-group-notify-approved-24, groupId=notification-service-group-notify-approved] Revoke previously assigned partitions solution.approved-2
2026-05-18 21:04:24 [org.springframework.kafka.KafkaListenerEndpointContainer#7-2-C-1] INFO  o.s.k.c.DefaultKafkaConsumerFactory$ExtendedKafkaConsumer - [Consumer clientId=consumer-notification-service-group-6, groupId=notification-service-group] Unsubscribed all topics or patterns and assigned partitions
2026-05-18 21:04:24 [org.springframework.kafka.KafkaListenerEndpointContainer#8-0-C-1] INFO  o.a.k.c.c.i.ConsumerCoordinator - [Consumer clientId=consumer-notification-service-group-7, groupId=notification-service-group] Request joining group due to: consumer pro-actively leaving the group
2026-05-18 21:04:24 [org.springframework.kafka.KafkaListenerEndpointContainer#3-1-C-1] INFO  o.a.k.c.c.i.ConsumerCoordinator - [Consumer clientId=consumer-notification-service-group-17, groupId=notification-service-group] Member consumer-notification-service-group-17-c4bd180c-81c5-426d-9076-37c56c6e485e sending LeaveGroup request to coordinator localhost:9092 (id: 2147483646 rack: null) due to the consumer unsubscribed from all topics
2026-05-18 21:04:24 [org.springframework.kafka.KafkaListenerEndpointContainer#3-2-C-1] INFO  o.s.k.c.DefaultKafkaConsumerFactory$ExtendedKafkaConsumer - [Consumer clientId=consumer-notification-service-group-18, groupId=notification-service-group] Unsubscribed all topics or patterns and assigned partitions
2026-05-18 21:04:24 [org.springframework.kafka.KafkaListenerEndpointContainer#3-1-C-1] INFO  o.a.k.c.c.i.ConsumerCoordinator - [Consumer clientId=consumer-notification-service-group-17, groupId=notification-service-group] Resetting generation and member id due to: consumer pro-actively leaving the group
2026-05-18 21:04:24 [org.springframework.kafka.KafkaListenerEndpointContainer#3-1-C-1] INFO  o.a.k.c.c.i.ConsumerCoordinator - [Consumer clientId=consumer-notification-service-group-17, groupId=notification-service-group] Request joining group due to: consumer pro-actively leaving the group
2026-05-18 21:04:24 [org.springframework.kafka.KafkaListenerEndpointContainer#3-1-C-1] INFO  o.s.k.c.DefaultKafkaConsumerFactory$ExtendedKafkaConsumer - [Consumer clientId=consumer-notification-service-group-17, groupId=notification-service-group] Unsubscribed all topics or patterns and assigned partitions
2026-05-18 21:04:24 [org.springframework.kafka.KafkaListenerEndpointContainer#0-1-C-1] INFO  o.a.k.c.c.i.ConsumerCoordinator - [Consumer clientId=consumer-notification-service-group-29, groupId=notification-service-group] Request joining group due to: consumer pro-actively leaving the group
2026-05-18 21:04:24 [org.springframework.kafka.KafkaListenerEndpointContainer#0-1-C-1] INFO  o.s.k.c.DefaultKafkaConsumerFactory$ExtendedKafkaConsumer - [Consumer clientId=consumer-notification-service-group-29, groupId=notification-service-group] Unsubscribed all topics or patterns and assigned partitions
2026-05-18 21:04:24 [org.springframework.kafka.KafkaListenerEndpointContainer#7-2-C-1] INFO  o.a.k.c.c.i.ConsumerCoordinator - [Consumer clientId=consumer-notification-service-group-6, groupId=notification-service-group] Resetting generation and member id due to: consumer pro-actively leaving the group
2026-05-18 21:04:24 [org.springframework.kafka.KafkaListenerEndpointContainer#7-2-C-1] INFO  o.a.k.c.c.i.ConsumerCoordinator - [Consumer clientId=consumer-notification-service-group-6, groupId=notification-service-group] Request joining group due to: consumer pro-actively leaving the group
2026-05-18 21:04:24 [org.springframework.kafka.KafkaListenerEndpointContainer#4-0-C-1] INFO  o.a.k.c.c.i.ConsumerCoordinator - [Consumer clientId=consumer-notification-service-group-19, groupId=notification-service-group] Resetting generation and member id due to: consumer pro-actively leaving the group
2026-05-18 21:04:24 [org.springframework.kafka.KafkaListenerEndpointContainer#4-0-C-1] INFO  o.a.k.c.c.i.ConsumerCoordinator - [Consumer clientId=consumer-notification-service-group-19, groupId=notification-service-group] Request joining group due to: consumer pro-actively leaving the group
2026-05-18 21:04:24 [org.springframework.kafka.KafkaListenerEndpointContainer#4-0-C-1] INFO  o.s.k.c.DefaultKafkaConsumerFactory$ExtendedKafkaConsumer - [Consumer clientId=consumer-notification-service-group-19, groupId=notification-service-group] Unsubscribed all topics or patterns and assigned partitions
2026-05-18 21:04:24 [org.springframework.kafka.KafkaListenerEndpointContainer#7-2-C-1] INFO  o.a.kafka.common.metrics.Metrics - Metrics scheduler closed
2026-05-18 21:04:24 [org.springframework.kafka.KafkaListenerEndpointContainer#7-2-C-1] INFO  o.a.kafka.common.metrics.Metrics - Closing reporter org.apache.kafka.common.metrics.JmxReporter
2026-05-18 21:04:24 [org.springframework.kafka.KafkaListenerEndpointContainer#11-1-C-1] INFO  o.s.k.c.DefaultKafkaConsumerFactory$ExtendedKafkaConsumer - [Consumer clientId=consumer-notification-service-group-26, groupId=notification-service-group] Unsubscribed all topics or patterns and assigned partitions
2026-05-18 21:04:24 [org.springframework.kafka.KafkaListenerEndpointContainer#7-2-C-1] INFO  o.a.kafka.common.metrics.Metrics - Metrics reporters closed
2026-05-18 21:04:24 [org.springframework.kafka.KafkaListenerEndpointContainer#0-1-C-1] INFO  o.a.k.c.c.i.ConsumerCoordinator - [Consumer clientId=consumer-notification-service-group-29, groupId=notification-service-group] Resetting generation and member id due to: consumer pro-actively leaving the group
2026-05-18 21:04:24 [org.springframework.kafka.KafkaListenerEndpointContainer#0-1-C-1] INFO  o.a.k.c.c.i.ConsumerCoordinator - [Consumer clientId=consumer-notification-service-group-29, groupId=notification-service-group] Request joining group due to: consumer pro-actively leaving the group
2026-05-18 21:04:24 [org.springframework.kafka.KafkaListenerEndpointContainer#2-2-C-1] INFO  o.a.k.c.c.i.ConsumerCoordinator - [Consumer clientId=consumer-notification-service-group-15, groupId=notification-service-group] Member consumer-notification-service-group-15-64111cff-4032-4bb9-8a0e-4ece2588bcc1 sending LeaveGroup request to coordinator localhost:9092 (id: 2147483646 rack: null) due to the consumer unsubscribed from all topics
2026-05-18 21:04:24 [org.springframework.kafka.KafkaListenerEndpointContainer#10-1-C-1] INFO  o.a.k.c.c.i.ConsumerCoordinator - [Consumer clientId=consumer-notification-service-group-35, groupId=notification-service-group] Resetting generation and member id due to: consumer pro-actively leaving the group
2026-05-18 21:04:24 [org.springframework.kafka.KafkaListenerEndpointContainer#10-1-C-1] INFO  o.a.k.c.c.i.ConsumerCoordinator - [Consumer clientId=consumer-notification-service-group-35, groupId=notification-service-group] Request joining group due to: consumer pro-actively leaving the group
2026-05-18 21:04:24 [org.springframework.kafka.KafkaListenerEndpointContainer#2-2-C-1] INFO  o.a.k.c.c.i.ConsumerCoordinator - [Consumer clientId=consumer-notification-service-group-15, groupId=notification-service-group] Resetting generation and member id due to: consumer pro-actively leaving the group
2026-05-18 21:04:24 [org.springframework.kafka.KafkaListenerEndpointContainer#2-2-C-1] INFO  o.a.k.c.c.i.ConsumerCoordinator - [Consumer clientId=consumer-notification-service-group-15, groupId=notification-service-group] Request joining group due to: consumer pro-actively leaving the group
2026-05-18 21:04:24 [org.springframework.kafka.KafkaListenerEndpointContainer#2-2-C-1] INFO  o.s.k.c.DefaultKafkaConsumerFactory$ExtendedKafkaConsumer - [Consumer clientId=consumer-notification-service-group-15, groupId=notification-service-group] Unsubscribed all topics or patterns and assigned partitions
2026-05-18 21:04:24 [org.springframework.kafka.KafkaListenerEndpointContainer#3-1-C-1] INFO  o.a.k.c.c.i.ConsumerCoordinator - [Consumer clientId=consumer-notification-service-group-17, groupId=notification-service-group] Resetting generation and member id due to: consumer pro-actively leaving the group
2026-05-18 21:04:24 [org.springframework.kafka.KafkaListenerEndpointContainer#10-0-C-1] INFO  o.s.k.l.KafkaMessageListenerContainer - notification-service-group: partitions revoked: [reward.points.added-0]
2026-05-18 21:04:24 [org.springframework.kafka.KafkaListenerEndpointContainer#3-1-C-1] INFO  o.a.k.c.c.i.ConsumerCoordinator - [Consumer clientId=consumer-notification-service-group-17, groupId=notification-service-group] Request joining group due to: consumer pro-actively leaving the group
2026-05-18 21:04:24 [org.springframework.kafka.KafkaListenerEndpointContainer#10-0-C-1] INFO  o.a.k.c.c.i.ConsumerCoordinator - [Consumer clientId=consumer-notification-service-group-34, groupId=notification-service-group] Member consumer-notification-service-group-34-d1e0fd44-bbeb-44e1-adcd-0a52a5464a5b sending LeaveGroup request to coordinator localhost:9092 (id: 2147483646 rack: null) due to the consumer unsubscribed from all topics
2026-05-18 21:04:24 [org.springframework.kafka.KafkaListenerEndpointContainer#11-1-C-1] INFO  o.a.k.c.c.i.ConsumerCoordinator - [Consumer clientId=consumer-notification-service-group-26, groupId=notification-service-group] Resetting generation and member id due to: consumer pro-actively leaving the group
2026-05-18 21:04:24 [org.springframework.kafka.KafkaListenerEndpointContainer#10-0-C-1] INFO  o.a.k.c.c.i.ConsumerCoordinator - [Consumer clientId=consumer-notification-service-group-34, groupId=notification-service-group] Resetting generation and member id due to: consumer pro-actively leaving the group
2026-05-18 21:04:24 [org.springframework.kafka.KafkaListenerEndpointContainer#11-1-C-1] INFO  o.a.k.c.c.i.ConsumerCoordinator - [Consumer clientId=consumer-notification-service-group-26, groupId=notification-service-group] Request joining group due to: consumer pro-actively leaving the group
2026-05-18 21:04:24 [org.springframework.kafka.KafkaListenerEndpointContainer#8-1-C-1] INFO  o.a.k.c.c.i.ConsumerCoordinator - [Consumer clientId=consumer-notification-service-group-8, groupId=notification-service-group] Resetting generation and member id due to: consumer pro-actively leaving the group
2026-05-18 21:04:24 [org.springframework.kafka.KafkaListenerEndpointContainer#4-0-C-1] INFO  o.a.k.c.c.i.ConsumerCoordinator - [Consumer clientId=consumer-notification-service-group-19, groupId=notification-service-group] Resetting generation and member id due to: consumer pro-actively leaving the group
2026-05-18 21:04:24 [org.springframework.kafka.KafkaListenerEndpointContainer#4-0-C-1] INFO  o.a.k.c.c.i.ConsumerCoordinator - [Consumer clientId=consumer-notification-service-group-19, groupId=notification-service-group] Request joining group due to: consumer pro-actively leaving the group
2026-05-18 21:04:24 [org.springframework.kafka.KafkaListenerEndpointContainer#8-2-C-1] INFO  o.a.k.c.c.i.ConsumerCoordinator - [Consumer clientId=consumer-notification-service-group-9, groupId=notification-service-group] Request joining group due to: consumer pro-actively leaving the group
2026-05-18 21:04:24 [org.springframework.kafka.KafkaListenerEndpointContainer#8-1-C-1] INFO  o.a.k.c.c.i.ConsumerCoordinator - [Consumer clientId=consumer-notification-service-group-8, groupId=notification-service-group] Request joining group due to: consumer pro-actively leaving the group
2026-05-18 21:04:24 [org.springframework.kafka.KafkaListenerEndpointContainer#2-2-C-1] INFO  o.a.k.c.c.i.ConsumerCoordinator - [Consumer clientId=consumer-notification-service-group-15, groupId=notification-service-group] Resetting generation and member id due to: consumer pro-actively leaving the group
2026-05-18 21:04:24 [org.springframework.kafka.KafkaListenerEndpointContainer#8-1-C-1] INFO  o.s.k.c.DefaultKafkaConsumerFactory$ExtendedKafkaConsumer - [Consumer clientId=consumer-notification-service-group-8, groupId=notification-service-group] Unsubscribed all topics or patterns and assigned partitions
2026-05-18 21:04:24 [org.springframework.kafka.KafkaListenerEndpointContainer#4-1-C-1] INFO  o.a.k.c.c.i.ConsumerCoordinator - [Consumer clientId=consumer-notification-service-group-20, groupId=notification-service-group] Resetting generation and member id due to: consumer pro-actively leaving the group
2026-05-18 21:04:24 [org.springframework.kafka.KafkaListenerEndpointContainer#2-2-C-1] INFO  o.a.k.c.c.i.ConsumerCoordinator - [Consumer clientId=consumer-notification-service-group-15, groupId=notification-service-group] Request joining group due to: consumer pro-actively leaving the group
2026-05-18 21:04:24 [org.springframework.kafka.KafkaListenerEndpointContainer#2-1-C-1] INFO  o.a.k.c.c.i.ConsumerCoordinator - [Consumer clientId=consumer-notification-service-group-14, groupId=notification-service-group] Resetting generation and member id due to: consumer pro-actively leaving the group
2026-05-18 21:04:24 [org.springframework.kafka.KafkaListenerEndpointContainer#4-1-C-1] INFO  o.a.k.c.c.i.ConsumerCoordinator - [Consumer clientId=consumer-notification-service-group-20, groupId=notification-service-group] Request joining group due to: consumer pro-actively leaving the group
2026-05-18 21:04:24 [org.springframework.kafka.KafkaListenerEndpointContainer#3-0-C-1] INFO  o.a.k.c.c.i.ConsumerCoordinator - [Consumer clientId=consumer-notification-service-group-16, groupId=notification-service-group] Request joining group due to: consumer pro-actively leaving the group
2026-05-18 21:04:24 [org.springframework.kafka.KafkaListenerEndpointContainer#2-1-C-1] INFO  o.a.k.c.c.i.ConsumerCoordinator - [Consumer clientId=consumer-notification-service-group-14, groupId=notification-service-group] Request joining group due to: consumer pro-actively leaving the group
2026-05-18 21:04:24 [org.springframework.kafka.KafkaListenerEndpointContainer#8-1-C-1] INFO  o.a.k.c.c.i.ConsumerCoordinator - [Consumer clientId=consumer-notification-service-group-8, groupId=notification-service-group] Resetting generation and member id due to: consumer pro-actively leaving the group
2026-05-18 21:04:24 [org.springframework.kafka.KafkaListenerEndpointContainer#8-1-C-1] INFO  o.a.k.c.c.i.ConsumerCoordinator - [Consumer clientId=consumer-notification-service-group-8, groupId=notification-service-group] Request joining group due to: consumer pro-actively leaving the group
2026-05-18 21:04:24 [org.springframework.kafka.KafkaListenerEndpointContainer#9-1-C-1] INFO  o.a.k.c.c.i.ConsumerCoordinator - [Consumer clientId=consumer-notification-service-group-11, groupId=notification-service-group] Resetting generation and member id due to: consumer pro-actively leaving the group
2026-05-18 21:04:24 [org.springframework.kafka.KafkaListenerEndpointContainer#9-1-C-1] INFO  o.a.k.c.c.i.ConsumerCoordinator - [Consumer clientId=consumer-notification-service-group-11, groupId=notification-service-group] Request joining group due to: consumer pro-actively leaving the group
2026-05-18 21:04:24 [org.springframework.kafka.KafkaListenerEndpointContainer#9-1-C-1] INFO  o.s.k.c.DefaultKafkaConsumerFactory$ExtendedKafkaConsumer - [Consumer clientId=consumer-notification-service-group-11, groupId=notification-service-group] Unsubscribed all topics or patterns and assigned partitions
2026-05-18 21:04:24 [org.springframework.kafka.KafkaListenerEndpointContainer#10-2-C-1] INFO  o.s.k.l.KafkaMessageListenerContainer - notification-service-group: partitions revoked: [reward.points.added-2]
2026-05-18 21:04:24 [org.springframework.kafka.KafkaListenerEndpointContainer#10-2-C-1] INFO  o.a.k.c.c.i.ConsumerCoordinator - [Consumer clientId=consumer-notification-service-group-36, groupId=notification-service-group] Member consumer-notification-service-group-36-e8f93fb9-ff1b-4a22-9b2e-d6a826791d8f sending LeaveGroup request to coordinator localhost:9092 (id: 2147483646 rack: null) due to the consumer unsubscribed from all topics
2026-05-18 21:04:24 [org.springframework.kafka.KafkaListenerEndpointContainer#10-2-C-1] INFO  o.a.k.c.c.i.ConsumerCoordinator - [Consumer clientId=consumer-notification-service-group-36, groupId=notification-service-group] Resetting generation and member id due to: consumer pro-actively leaving the group
2026-05-18 21:04:24 [org.springframework.kafka.KafkaListenerEndpointContainer#10-2-C-1] INFO  o.a.k.c.c.i.ConsumerCoordinator - [Consumer clientId=consumer-notification-service-group-36, groupId=notification-service-group] Request joining group due to: consumer pro-actively leaving the group
2026-05-18 21:04:24 [org.springframework.kafka.KafkaListenerEndpointContainer#10-2-C-1] INFO  o.s.k.c.DefaultKafkaConsumerFactory$ExtendedKafkaConsumer - [Consumer clientId=consumer-notification-service-group-36, groupId=notification-service-group] Unsubscribed all topics or patterns and assigned partitions
2026-05-18 21:04:24 [org.springframework.kafka.KafkaListenerEndpointContainer#7-0-C-1] INFO  o.a.k.c.c.i.ConsumerCoordinator - [Consumer clientId=consumer-notification-service-group-4, groupId=notification-service-group] Resetting generation and member id due to: consumer pro-actively leaving the group
2026-05-18 21:04:24 [org.springframework.kafka.KafkaListenerEndpointContainer#7-0-C-1] INFO  o.a.k.c.c.i.ConsumerCoordinator - [Consumer clientId=consumer-notification-service-group-4, groupId=notification-service-group] Request joining group due to: consumer pro-actively leaving the group
2026-05-18 21:04:24 [org.springframework.kafka.KafkaListenerEndpointContainer#1-0-C-1] INFO  o.a.k.c.c.i.ConsumerCoordinator - [Consumer clientId=consumer-notification-service-group-31, groupId=notification-service-group] Resetting generation and member id due to: consumer pro-actively leaving the group
2026-05-18 21:04:24 [org.springframework.kafka.KafkaListenerEndpointContainer#1-0-C-1] INFO  o.a.k.c.c.i.ConsumerCoordinator - [Consumer clientId=consumer-notification-service-group-31, groupId=notification-service-group] Request joining group due to: consumer pro-actively leaving the group
2026-05-18 21:04:24 [org.springframework.kafka.KafkaListenerEndpointContainer#9-1-C-1] INFO  o.a.k.c.c.i.ConsumerCoordinator - [Consumer clientId=consumer-notification-service-group-11, groupId=notification-service-group] Resetting generation and member id due to: consumer pro-actively leaving the group
2026-05-18 21:04:24 [org.springframework.kafka.KafkaListenerEndpointContainer#9-1-C-1] INFO  o.a.k.c.c.i.ConsumerCoordinator - [Consumer clientId=consumer-notification-service-group-11, groupId=notification-service-group] Request joining group due to: consumer pro-actively leaving the group
2026-05-18 21:04:24 [org.springframework.kafka.KafkaListenerEndpointContainer#11-0-C-1] INFO  o.a.k.c.c.i.ConsumerCoordinator - [Consumer clientId=consumer-notification-service-group-25, groupId=notification-service-group] Request joining group due to: consumer pro-actively leaving the group
2026-05-18 21:04:24 [org.springframework.kafka.KafkaListenerEndpointContainer#0-0-C-1] INFO  o.a.k.c.c.i.ConsumerCoordinator - [Consumer clientId=consumer-notification-service-group-28, groupId=notification-service-group] Resetting generation and member id due to: consumer pro-actively leaving the group
2026-05-18 21:04:24 [org.springframework.kafka.KafkaListenerEndpointContainer#0-0-C-1] INFO  o.a.k.c.c.i.ConsumerCoordinator - [Consumer clientId=consumer-notification-service-group-28, groupId=notification-service-group] Request joining group due to: consumer pro-actively leaving the group
2026-05-18 21:04:24 [org.springframework.kafka.KafkaListenerEndpointContainer#0-0-C-1] INFO  o.s.k.c.DefaultKafkaConsumerFactory$ExtendedKafkaConsumer - [Consumer clientId=consumer-notification-service-group-28, groupId=notification-service-group] Unsubscribed all topics or patterns and assigned partitions
2026-05-18 21:04:24 [org.springframework.kafka.KafkaListenerEndpointContainer#10-2-C-1] INFO  o.a.k.c.c.i.ConsumerCoordinator - [Consumer clientId=consumer-notification-service-group-36, groupId=notification-service-group] Resetting generation and member id due to: consumer pro-actively leaving the group
2026-05-18 21:04:24 [org.springframework.kafka.KafkaListenerEndpointContainer#10-2-C-1] INFO  o.a.k.c.c.i.ConsumerCoordinator - [Consumer clientId=consumer-notification-service-group-36, groupId=notification-service-group] Request joining group due to: consumer pro-actively leaving the group
2026-05-18 21:04:24 [org.springframework.kafka.KafkaListenerEndpointContainer#1-2-C-1] INFO  o.a.kafka.common.metrics.Metrics - Metrics scheduler closed
2026-05-18 21:04:24 [org.springframework.kafka.KafkaListenerEndpointContainer#1-2-C-1] INFO  o.a.kafka.common.metrics.Metrics - Closing reporter org.apache.kafka.common.metrics.JmxReporter
2026-05-18 21:04:24 [org.springframework.kafka.KafkaListenerEndpointContainer#1-2-C-1] INFO  o.a.kafka.common.metrics.Metrics - Metrics reporters closed
2026-05-18 21:04:24 [org.springframework.kafka.KafkaListenerEndpointContainer#5-0-C-1] INFO  o.a.k.c.c.i.ConsumerCoordinator - [Consumer clientId=consumer-notification-service-group-notify-approved-22, groupId=notification-service-group-notify-approved] Request joining group due to: consumer pro-actively leaving the group
2026-05-18 21:04:24 [org.springframework.kafka.KafkaListenerEndpointContainer#0-0-C-1] INFO  o.a.k.c.c.i.ConsumerCoordinator - [Consumer clientId=consumer-notification-service-group-28, groupId=notification-service-group] Resetting generation and member id due to: consumer pro-actively leaving the group
2026-05-18 21:04:24 [org.springframework.kafka.KafkaListenerEndpointContainer#0-0-C-1] INFO  o.a.k.c.c.i.ConsumerCoordinator - [Consumer clientId=consumer-notification-service-group-28, groupId=notification-service-group] Request joining group due to: consumer pro-actively leaving the group
2026-05-18 21:04:24 [org.springframework.kafka.KafkaListenerEndpointContainer#2-0-C-1] INFO  o.a.k.c.c.i.ConsumerCoordinator - [Consumer clientId=consumer-notification-service-group-13, groupId=notification-service-group] Resetting generation and member id due to: consumer pro-actively leaving the group
2026-05-18 21:04:24 [org.springframework.kafka.KafkaListenerEndpointContainer#2-0-C-1] INFO  o.a.k.c.c.i.ConsumerCoordinator - [Consumer clientId=consumer-notification-service-group-13, groupId=notification-service-group] Request joining group due to: consumer pro-actively leaving the group
2026-05-18 21:04:24 [org.springframework.kafka.KafkaListenerEndpointContainer#7-1-C-1] INFO  o.s.k.c.DefaultKafkaConsumerFactory$ExtendedKafkaConsumer - [Consumer clientId=consumer-notification-service-group-5, groupId=notification-service-group] Unsubscribed all topics or patterns and assigned partitions
2026-05-18 21:04:24 [org.springframework.kafka.KafkaListenerEndpointContainer#7-2-C-1] INFO  o.a.kafka.common.utils.AppInfoParser - App info kafka.consumer for consumer-notification-service-group-6 unregistered
2026-05-18 21:04:24 [org.springframework.kafka.KafkaListenerEndpointContainer#1-1-C-1] INFO  o.a.kafka.common.metrics.Metrics - Metrics scheduler closed
2026-05-18 21:04:24 [org.springframework.kafka.KafkaListenerEndpointContainer#1-1-C-1] INFO  o.a.kafka.common.metrics.Metrics - Closing reporter org.apache.kafka.common.metrics.JmxReporter
2026-05-18 21:04:24 [org.springframework.kafka.KafkaListenerEndpointContainer#8-2-C-1] INFO  o.a.kafka.common.metrics.Metrics - Metrics scheduler closed
2026-05-18 21:04:24 [org.springframework.kafka.KafkaListenerEndpointContainer#8-2-C-1] INFO  o.a.kafka.common.metrics.Metrics - Closing reporter org.apache.kafka.common.metrics.JmxReporter
2026-05-18 21:04:24 [org.springframework.kafka.KafkaListenerEndpointContainer#1-1-C-1] INFO  o.a.kafka.common.metrics.Metrics - Metrics reporters closed
2026-05-18 21:04:24 [org.springframework.kafka.KafkaListenerEndpointContainer#8-2-C-1] INFO  o.a.kafka.common.metrics.Metrics - Metrics reporters closed
2026-05-18 21:04:24 [org.springframework.kafka.KafkaListenerEndpointContainer#7-2-C-1] INFO  o.s.k.l.KafkaMessageListenerContainer - notification-service-group: Consumer stopped
2026-05-18 21:04:24 [org.springframework.kafka.KafkaListenerEndpointContainer#9-2-C-1] INFO  o.a.k.c.c.i.ConsumerCoordinator - [Consumer clientId=consumer-notification-service-group-12, groupId=notification-service-group] Request joining group due to: consumer pro-actively leaving the group
2026-05-18 21:04:24 [org.springframework.kafka.KafkaListenerEndpointContainer#9-2-C-1] INFO  o.s.k.c.DefaultKafkaConsumerFactory$ExtendedKafkaConsumer - [Consumer clientId=consumer-notification-service-group-12, groupId=notification-service-group] Unsubscribed all topics or patterns and assigned partitions
2026-05-18 21:04:24 [org.springframework.kafka.KafkaListenerEndpointContainer#6-0-C-1] INFO  o.a.k.c.c.i.ConsumerCoordinator - [Consumer clientId=consumer-notification-service-group-1, groupId=notification-service-group] Member consumer-notification-service-group-1-ec621b24-6c80-4e08-ae71-c7031c0ef207 sending LeaveGroup request to coordinator localhost:9092 (id: 2147483646 rack: null) due to the consumer unsubscribed from all topics
2026-05-18 21:04:24 [org.springframework.kafka.KafkaListenerEndpointContainer#6-0-C-1] INFO  o.a.k.c.c.i.ConsumerCoordinator - [Consumer clientId=consumer-notification-service-group-1, groupId=notification-service-group] Resetting generation and member id due to: consumer pro-actively leaving the group
2026-05-18 21:04:24 [org.springframework.kafka.KafkaListenerEndpointContainer#6-0-C-1] INFO  o.a.k.c.c.i.ConsumerCoordinator - [Consumer clientId=consumer-notification-service-group-1, groupId=notification-service-group] Request joining group due to: consumer pro-actively leaving the group
2026-05-18 21:04:24 [org.springframework.kafka.KafkaListenerEndpointContainer#6-0-C-1] INFO  o.s.k.c.DefaultKafkaConsumerFactory$ExtendedKafkaConsumer - [Consumer clientId=consumer-notification-service-group-1, groupId=notification-service-group] Unsubscribed all topics or patterns and assigned partitions
2026-05-18 21:04:24 [org.springframework.kafka.KafkaListenerEndpointContainer#7-1-C-1] INFO  o.a.k.c.c.i.ConsumerCoordinator - [Consumer clientId=consumer-notification-service-group-5, groupId=notification-service-group] Resetting generation and member id due to: consumer pro-actively leaving the group
2026-05-18 21:04:24 [org.springframework.kafka.KafkaListenerEndpointContainer#7-1-C-1] INFO  o.a.k.c.c.i.ConsumerCoordinator - [Consumer clientId=consumer-notification-service-group-5, groupId=notification-service-group] Request joining group due to: consumer pro-actively leaving the group
2026-05-18 21:04:24 [org.springframework.kafka.KafkaListenerEndpointContainer#5-2-C-1] INFO  o.s.k.l.KafkaMessageListenerContainer - notification-service-group-notify-approved: partitions revoked: [solution.approved-2]
2026-05-18 21:04:24 [org.springframework.kafka.KafkaListenerEndpointContainer#5-2-C-1] INFO  o.a.k.c.c.i.ConsumerCoordinator - [Consumer clientId=consumer-notification-service-group-notify-approved-24, groupId=notification-service-group-notify-approved] Member consumer-notification-service-group-notify-approved-24-d991e83b-ed6f-4ff3-9b3a-36f8e80048ed sending LeaveGroup request to coordinator localhost:9092 (id: 2147483646 rack: null) due to the consumer unsubscribed from all topics
2026-05-18 21:04:24 [org.springframework.kafka.KafkaListenerEndpointContainer#5-2-C-1] INFO  o.a.k.c.c.i.ConsumerCoordinator - [Consumer clientId=consumer-notification-service-group-notify-approved-24, groupId=notification-service-group-notify-approved] Resetting generation and member id due to: consumer pro-actively leaving the group
2026-05-18 21:04:24 [org.springframework.kafka.KafkaListenerEndpointContainer#5-2-C-1] INFO  o.a.k.c.c.i.ConsumerCoordinator - [Consumer clientId=consumer-notification-service-group-notify-approved-24, groupId=notification-service-group-notify-approved] Request joining group due to: consumer pro-actively leaving the group
2026-05-18 21:04:24 [org.springframework.kafka.KafkaListenerEndpointContainer#5-2-C-1] INFO  o.s.k.c.DefaultKafkaConsumerFactory$ExtendedKafkaConsumer - [Consumer clientId=consumer-notification-service-group-notify-approved-24, groupId=notification-service-group-notify-approved] Unsubscribed all topics or patterns and assigned partitions
2026-05-18 21:04:24 [org.springframework.kafka.KafkaListenerEndpointContainer#9-2-C-1] INFO  o.a.k.c.c.i.ConsumerCoordinator - [Consumer clientId=consumer-notification-service-group-12, groupId=notification-service-group] Resetting generation and member id due to: consumer pro-actively leaving the group
2026-05-18 21:04:24 [org.springframework.kafka.KafkaListenerEndpointContainer#9-2-C-1] INFO  o.a.k.c.c.i.ConsumerCoordinator - [Consumer clientId=consumer-notification-service-group-12, groupId=notification-service-group] Request joining group due to: consumer pro-actively leaving the group
2026-05-18 21:04:24 [org.springframework.kafka.KafkaListenerEndpointContainer#8-0-C-1] INFO  o.s.k.c.DefaultKafkaConsumerFactory$ExtendedKafkaConsumer - [Consumer clientId=consumer-notification-service-group-7, groupId=notification-service-group] Unsubscribed all topics or patterns and assigned partitions
2026-05-18 21:04:24 [org.springframework.kafka.KafkaListenerEndpointContainer#6-0-C-1] INFO  o.a.k.c.c.i.ConsumerCoordinator - [Consumer clientId=consumer-notification-service-group-1, groupId=notification-service-group] Resetting generation and member id due to: consumer pro-actively leaving the group
2026-05-18 21:04:24 [org.springframework.kafka.KafkaListenerEndpointContainer#6-0-C-1] INFO  o.a.k.c.c.i.ConsumerCoordinator - [Consumer clientId=consumer-notification-service-group-1, groupId=notification-service-group] Request joining group due to: consumer pro-actively leaving the group
2026-05-18 21:04:24 [org.springframework.kafka.KafkaListenerEndpointContainer#3-2-C-1] INFO  o.a.k.c.c.i.ConsumerCoordinator - [Consumer clientId=consumer-notification-service-group-18, groupId=notification-service-group] Resetting generation and member id due to: consumer pro-actively leaving the group
2026-05-18 21:04:24 [org.springframework.kafka.KafkaListenerEndpointContainer#3-2-C-1] INFO  o.a.k.c.c.i.ConsumerCoordinator - [Consumer clientId=consumer-notification-service-group-18, groupId=notification-service-group] Request joining group due to: consumer pro-actively leaving the group
2026-05-18 21:04:24 [org.springframework.kafka.KafkaListenerEndpointContainer#9-2-C-1] INFO  o.a.kafka.common.metrics.Metrics - Metrics scheduler closed
2026-05-18 21:04:24 [org.springframework.kafka.KafkaListenerEndpointContainer#9-2-C-1] INFO  o.a.kafka.common.metrics.Metrics - Closing reporter org.apache.kafka.common.metrics.JmxReporter
2026-05-18 21:04:24 [org.springframework.kafka.KafkaListenerEndpointContainer#9-2-C-1] INFO  o.a.kafka.common.metrics.Metrics - Metrics reporters closed
2026-05-18 21:04:24 [org.springframework.kafka.KafkaListenerEndpointContainer#5-2-C-1] INFO  o.a.k.c.c.i.ConsumerCoordinator - [Consumer clientId=consumer-notification-service-group-notify-approved-24, groupId=notification-service-group-notify-approved] Resetting generation and member id due to: consumer pro-actively leaving the group
2026-05-18 21:04:24 [org.springframework.kafka.KafkaListenerEndpointContainer#5-2-C-1] INFO  o.a.k.c.c.i.ConsumerCoordinator - [Consumer clientId=consumer-notification-service-group-notify-approved-24, groupId=notification-service-group-notify-approved] Request joining group due to: consumer pro-actively leaving the group
2026-05-18 21:04:24 [org.springframework.kafka.KafkaListenerEndpointContainer#10-0-C-1] INFO  o.a.k.c.c.i.ConsumerCoordinator - [Consumer clientId=consumer-notification-service-group-34, groupId=notification-service-group] Request joining group due to: consumer pro-actively leaving the group
2026-05-18 21:04:24 [org.springframework.kafka.KafkaListenerEndpointContainer#11-0-C-1] INFO  o.s.k.c.DefaultKafkaConsumerFactory$ExtendedKafkaConsumer - [Consumer clientId=consumer-notification-service-group-25, groupId=notification-service-group] Unsubscribed all topics or patterns and assigned partitions
2026-05-18 21:04:24 [org.springframework.kafka.KafkaListenerEndpointContainer#10-0-C-1] INFO  o.s.k.c.DefaultKafkaConsumerFactory$ExtendedKafkaConsumer - [Consumer clientId=consumer-notification-service-group-34, groupId=notification-service-group] Unsubscribed all topics or patterns and assigned partitions
2026-05-18 21:04:24 [org.springframework.kafka.KafkaListenerEndpointContainer#0-1-C-1] INFO  o.a.kafka.common.metrics.Metrics - Metrics scheduler closed
2026-05-18 21:04:24 [org.springframework.kafka.KafkaListenerEndpointContainer#0-1-C-1] INFO  o.a.kafka.common.metrics.Metrics - Closing reporter org.apache.kafka.common.metrics.JmxReporter
2026-05-18 21:04:24 [org.springframework.kafka.KafkaListenerEndpointContainer#8-0-C-1] INFO  o.a.k.c.c.i.ConsumerCoordinator - [Consumer clientId=consumer-notification-service-group-7, groupId=notification-service-group] Resetting generation and member id due to: consumer pro-actively leaving the group
2026-05-18 21:04:24 [org.springframework.kafka.KafkaListenerEndpointContainer#8-0-C-1] INFO  o.a.k.c.c.i.ConsumerCoordinator - [Consumer clientId=consumer-notification-service-group-7, groupId=notification-service-group] Request joining group due to: consumer pro-actively leaving the group
2026-05-18 21:04:24 [org.springframework.kafka.KafkaListenerEndpointContainer#11-0-C-1] INFO  o.a.k.c.c.i.ConsumerCoordinator - [Consumer clientId=consumer-notification-service-group-25, groupId=notification-service-group] Resetting generation and member id due to: consumer pro-actively leaving the group
2026-05-18 21:04:24 [org.springframework.kafka.KafkaListenerEndpointContainer#11-0-C-1] INFO  o.a.k.c.c.i.ConsumerCoordinator - [Consumer clientId=consumer-notification-service-group-25, groupId=notification-service-group] Request joining group due to: consumer pro-actively leaving the group
2026-05-18 21:04:24 [org.springframework.kafka.KafkaListenerEndpointContainer#10-0-C-1] INFO  o.a.k.c.c.i.ConsumerCoordinator - [Consumer clientId=consumer-notification-service-group-34, groupId=notification-service-group] Resetting generation and member id due to: consumer pro-actively leaving the group
2026-05-18 21:04:24 [org.springframework.kafka.KafkaListenerEndpointContainer#10-0-C-1] INFO  o.a.k.c.c.i.ConsumerCoordinator - [Consumer clientId=consumer-notification-service-group-34, groupId=notification-service-group] Request joining group due to: consumer pro-actively leaving the group
2026-05-18 21:04:24 [org.springframework.kafka.KafkaListenerEndpointContainer#9-2-C-1] INFO  o.a.kafka.common.utils.AppInfoParser - App info kafka.consumer for consumer-notification-service-group-12 unregistered
2026-05-18 21:04:24 [org.springframework.kafka.KafkaListenerEndpointContainer#9-2-C-1] INFO  o.s.k.l.KafkaMessageListenerContainer - notification-service-group: Consumer stopped
2026-05-18 21:04:24 [org.springframework.kafka.KafkaListenerEndpointContainer#9-1-C-1] INFO  o.a.kafka.common.metrics.Metrics - Metrics scheduler closed
2026-05-18 21:04:24 [org.springframework.kafka.KafkaListenerEndpointContainer#9-1-C-1] INFO  o.a.kafka.common.metrics.Metrics - Closing reporter org.apache.kafka.common.metrics.JmxReporter
2026-05-18 21:04:24 [org.springframework.kafka.KafkaListenerEndpointContainer#1-1-C-1] INFO  o.a.kafka.common.utils.AppInfoParser - App info kafka.consumer for consumer-notification-service-group-32 unregistered
2026-05-18 21:04:24 [org.springframework.kafka.KafkaListenerEndpointContainer#1-1-C-1] INFO  o.s.k.l.KafkaMessageListenerContainer - notification-service-group: Consumer stopped
2026-05-18 21:04:24 [org.springframework.kafka.KafkaListenerEndpointContainer#7-1-C-1] INFO  o.a.kafka.common.metrics.Metrics - Metrics scheduler closed
2026-05-18 21:04:24 [org.springframework.kafka.KafkaListenerEndpointContainer#7-1-C-1] INFO  o.a.kafka.common.metrics.Metrics - Closing reporter org.apache.kafka.common.metrics.JmxReporter
2026-05-18 21:04:24 [org.springframework.kafka.KafkaListenerEndpointContainer#7-1-C-1] INFO  o.a.kafka.common.metrics.Metrics - Metrics reporters closed
2026-05-18 21:04:24 [org.springframework.kafka.KafkaListenerEndpointContainer#9-1-C-1] INFO  o.a.kafka.common.metrics.Metrics - Metrics reporters closed
2026-05-18 21:04:24 [org.springframework.kafka.KafkaListenerEndpointContainer#0-1-C-1] INFO  o.a.kafka.common.metrics.Metrics - Metrics reporters closed
2026-05-18 21:04:24 [org.springframework.kafka.KafkaListenerEndpointContainer#3-2-C-1] INFO  o.a.kafka.common.metrics.Metrics - Metrics scheduler closed
2026-05-18 21:04:24 [org.springframework.kafka.KafkaListenerEndpointContainer#3-2-C-1] INFO  o.a.kafka.common.metrics.Metrics - Closing reporter org.apache.kafka.common.metrics.JmxReporter
2026-05-18 21:04:24 [org.springframework.kafka.KafkaListenerEndpointContainer#2-1-C-1] INFO  o.a.kafka.common.metrics.Metrics - Metrics scheduler closed
2026-05-18 21:04:24 [org.springframework.kafka.KafkaListenerEndpointContainer#2-1-C-1] INFO  o.a.kafka.common.metrics.Metrics - Closing reporter org.apache.kafka.common.metrics.JmxReporter
2026-05-18 21:04:24 [org.springframework.kafka.KafkaListenerEndpointContainer#2-1-C-1] INFO  o.a.kafka.common.metrics.Metrics - Metrics reporters closed
2026-05-18 21:04:24 [org.springframework.kafka.KafkaListenerEndpointContainer#3-2-C-1] INFO  o.a.kafka.common.metrics.Metrics - Metrics reporters closed
2026-05-18 21:04:24 [org.springframework.kafka.KafkaListenerEndpointContainer#8-1-C-1] INFO  o.a.kafka.common.metrics.Metrics - Metrics scheduler closed
2026-05-18 21:04:24 [org.springframework.kafka.KafkaListenerEndpointContainer#8-1-C-1] INFO  o.a.kafka.common.metrics.Metrics - Closing reporter org.apache.kafka.common.metrics.JmxReporter
2026-05-18 21:04:24 [org.springframework.kafka.KafkaListenerEndpointContainer#8-1-C-1] INFO  o.a.kafka.common.metrics.Metrics - Metrics reporters closed
2026-05-18 21:04:24 [org.springframework.kafka.KafkaListenerEndpointContainer#0-2-C-1] INFO  o.a.kafka.common.metrics.Metrics - Metrics scheduler closed
2026-05-18 21:04:24 [org.springframework.kafka.KafkaListenerEndpointContainer#0-2-C-1] INFO  o.a.kafka.common.metrics.Metrics - Closing reporter org.apache.kafka.common.metrics.JmxReporter
2026-05-18 21:04:24 [org.springframework.kafka.KafkaListenerEndpointContainer#7-1-C-1] INFO  o.a.kafka.common.utils.AppInfoParser - App info kafka.consumer for consumer-notification-service-group-5 unregistered
2026-05-18 21:04:24 [org.springframework.kafka.KafkaListenerEndpointContainer#7-1-C-1] INFO  o.s.k.l.KafkaMessageListenerContainer - notification-service-group: Consumer stopped
2026-05-18 21:04:24 [org.springframework.kafka.KafkaListenerEndpointContainer#0-2-C-1] INFO  o.a.kafka.common.metrics.Metrics - Metrics reporters closed
2026-05-18 21:04:24 [org.springframework.kafka.KafkaListenerEndpointContainer#3-1-C-1] INFO  o.a.kafka.common.metrics.Metrics - Metrics scheduler closed
2026-05-18 21:04:24 [org.springframework.kafka.KafkaListenerEndpointContainer#3-1-C-1] INFO  o.a.kafka.common.metrics.Metrics - Closing reporter org.apache.kafka.common.metrics.JmxReporter
2026-05-18 21:04:24 [org.springframework.kafka.KafkaListenerEndpointContainer#0-1-C-1] INFO  o.a.kafka.common.utils.AppInfoParser - App info kafka.consumer for consumer-notification-service-group-29 unregistered
2026-05-18 21:04:24 [org.springframework.kafka.KafkaListenerEndpointContainer#3-1-C-1] INFO  o.a.kafka.common.metrics.Metrics - Metrics reporters closed
2026-05-18 21:04:24 [org.springframework.kafka.KafkaListenerEndpointContainer#0-1-C-1] INFO  o.s.k.l.KafkaMessageListenerContainer - notification-service-group: Consumer stopped
2026-05-18 21:04:24 [org.springframework.kafka.KafkaListenerEndpointContainer#8-1-C-1] INFO  o.a.kafka.common.utils.AppInfoParser - App info kafka.consumer for consumer-notification-service-group-8 unregistered
2026-05-18 21:04:24 [org.springframework.kafka.KafkaListenerEndpointContainer#8-1-C-1] INFO  o.s.k.l.KafkaMessageListenerContainer - notification-service-group: Consumer stopped
2026-05-18 21:04:24 [org.springframework.kafka.KafkaListenerEndpointContainer#2-2-C-1] INFO  o.a.kafka.common.metrics.Metrics - Metrics scheduler closed
2026-05-18 21:04:24 [org.springframework.kafka.KafkaListenerEndpointContainer#2-2-C-1] INFO  o.a.kafka.common.metrics.Metrics - Closing reporter org.apache.kafka.common.metrics.JmxReporter
2026-05-18 21:04:24 [org.springframework.kafka.KafkaListenerEndpointContainer#2-2-C-1] INFO  o.a.kafka.common.metrics.Metrics - Metrics reporters closed
2026-05-18 21:04:24 [org.springframework.kafka.KafkaListenerEndpointContainer#1-2-C-1] INFO  o.a.kafka.common.utils.AppInfoParser - App info kafka.consumer for consumer-notification-service-group-33 unregistered
2026-05-18 21:04:24 [org.springframework.kafka.KafkaListenerEndpointContainer#1-2-C-1] INFO  o.s.k.l.KafkaMessageListenerContainer - notification-service-group: Consumer stopped
2026-05-18 21:04:24 [org.springframework.kafka.KafkaListenerEndpointContainer#3-2-C-1] INFO  o.a.kafka.common.utils.AppInfoParser - App info kafka.consumer for consumer-notification-service-group-18 unregistered
2026-05-18 21:04:24 [org.springframework.kafka.KafkaListenerEndpointContainer#3-2-C-1] INFO  o.s.k.l.KafkaMessageListenerContainer - notification-service-group: Consumer stopped
2026-05-18 21:04:24 [org.springframework.kafka.KafkaListenerEndpointContainer#2-1-C-1] INFO  o.a.kafka.common.utils.AppInfoParser - App info kafka.consumer for consumer-notification-service-group-14 unregistered
2026-05-18 21:04:24 [org.springframework.kafka.KafkaListenerEndpointContainer#2-1-C-1] INFO  o.s.k.l.KafkaMessageListenerContainer - notification-service-group: Consumer stopped
2026-05-18 21:04:24 [org.springframework.kafka.KafkaListenerEndpointContainer#2-2-C-1] INFO  o.a.kafka.common.utils.AppInfoParser - App info kafka.consumer for consumer-notification-service-group-15 unregistered
2026-05-18 21:04:24 [org.springframework.kafka.KafkaListenerEndpointContainer#2-2-C-1] INFO  o.s.k.l.KafkaMessageListenerContainer - notification-service-group: Consumer stopped
2026-05-18 21:04:24 [org.springframework.kafka.KafkaListenerEndpointContainer#0-2-C-1] INFO  o.a.kafka.common.utils.AppInfoParser - App info kafka.consumer for consumer-notification-service-group-30 unregistered
2026-05-18 21:04:24 [org.springframework.kafka.KafkaListenerEndpointContainer#0-2-C-1] INFO  o.s.k.l.KafkaMessageListenerContainer - notification-service-group: Consumer stopped
2026-05-18 21:04:24 [org.springframework.kafka.KafkaListenerEndpointContainer#8-2-C-1] INFO  o.a.kafka.common.utils.AppInfoParser - App info kafka.consumer for consumer-notification-service-group-9 unregistered
2026-05-18 21:04:24 [org.springframework.kafka.KafkaListenerEndpointContainer#8-2-C-1] INFO  o.s.k.l.KafkaMessageListenerContainer - notification-service-group: Consumer stopped
2026-05-18 21:04:24 [org.springframework.kafka.KafkaListenerEndpointContainer#3-1-C-1] INFO  o.a.kafka.common.utils.AppInfoParser - App info kafka.consumer for consumer-notification-service-group-17 unregistered
2026-05-18 21:04:24 [org.springframework.kafka.KafkaListenerEndpointContainer#3-1-C-1] INFO  o.s.k.l.KafkaMessageListenerContainer - notification-service-group: Consumer stopped
2026-05-18 21:04:24 [org.springframework.kafka.KafkaListenerEndpointContainer#9-1-C-1] INFO  o.a.kafka.common.utils.AppInfoParser - App info kafka.consumer for consumer-notification-service-group-11 unregistered
2026-05-18 21:04:24 [org.springframework.kafka.KafkaListenerEndpointContainer#9-1-C-1] INFO  o.s.k.l.KafkaMessageListenerContainer - notification-service-group: Consumer stopped
2026-05-18 21:04:24 [org.springframework.kafka.KafkaListenerEndpointContainer#6-2-C-1] INFO  o.a.kafka.common.metrics.Metrics - Metrics scheduler closed
2026-05-18 21:04:24 [org.springframework.kafka.KafkaListenerEndpointContainer#6-2-C-1] INFO  o.a.kafka.common.metrics.Metrics - Closing reporter org.apache.kafka.common.metrics.JmxReporter
2026-05-18 21:04:24 [org.springframework.kafka.KafkaListenerEndpointContainer#6-1-C-1] INFO  o.a.kafka.common.metrics.Metrics - Metrics scheduler closed
2026-05-18 21:04:24 [org.springframework.kafka.KafkaListenerEndpointContainer#6-1-C-1] INFO  o.a.kafka.common.metrics.Metrics - Closing reporter org.apache.kafka.common.metrics.JmxReporter
2026-05-18 21:04:24 [org.springframework.kafka.KafkaListenerEndpointContainer#11-0-C-1] INFO  o.a.kafka.common.metrics.Metrics - Metrics scheduler closed
2026-05-18 21:04:24 [org.springframework.kafka.KafkaListenerEndpointContainer#11-0-C-1] INFO  o.a.kafka.common.metrics.Metrics - Closing reporter org.apache.kafka.common.metrics.JmxReporter
2026-05-18 21:04:24 [org.springframework.kafka.KafkaListenerEndpointContainer#10-2-C-1] INFO  o.a.kafka.common.metrics.Metrics - Metrics scheduler closed
2026-05-18 21:04:24 [org.springframework.kafka.KafkaListenerEndpointContainer#10-2-C-1] INFO  o.a.kafka.common.metrics.Metrics - Closing reporter org.apache.kafka.common.metrics.JmxReporter
2026-05-18 21:04:24 [org.springframework.kafka.KafkaListenerEndpointContainer#6-0-C-1] INFO  o.a.kafka.common.metrics.Metrics - Metrics scheduler closed
2026-05-18 21:04:24 [org.springframework.kafka.KafkaListenerEndpointContainer#6-0-C-1] INFO  o.a.kafka.common.metrics.Metrics - Closing reporter org.apache.kafka.common.metrics.JmxReporter
2026-05-18 21:04:24 [org.springframework.kafka.KafkaListenerEndpointContainer#1-0-C-1] INFO  o.a.kafka.common.metrics.Metrics - Metrics scheduler closed
2026-05-18 21:04:24 [org.springframework.kafka.KafkaListenerEndpointContainer#1-0-C-1] INFO  o.a.kafka.common.metrics.Metrics - Closing reporter org.apache.kafka.common.metrics.JmxReporter
2026-05-18 21:04:24 [org.springframework.kafka.KafkaListenerEndpointContainer#10-0-C-1] INFO  o.a.kafka.common.metrics.Metrics - Metrics scheduler closed
2026-05-18 21:04:24 [org.springframework.kafka.KafkaListenerEndpointContainer#10-0-C-1] INFO  o.a.kafka.common.metrics.Metrics - Closing reporter org.apache.kafka.common.metrics.JmxReporter
2026-05-18 21:04:24 [org.springframework.kafka.KafkaListenerEndpointContainer#2-0-C-1] INFO  o.a.kafka.common.metrics.Metrics - Metrics scheduler closed
2026-05-18 21:04:24 [org.springframework.kafka.KafkaListenerEndpointContainer#2-0-C-1] INFO  o.a.kafka.common.metrics.Metrics - Closing reporter org.apache.kafka.common.metrics.JmxReporter
2026-05-18 21:04:24 [org.springframework.kafka.KafkaListenerEndpointContainer#6-1-C-1] INFO  o.a.kafka.common.metrics.Metrics - Metrics reporters closed
2026-05-18 21:04:24 [org.springframework.kafka.KafkaListenerEndpointContainer#2-0-C-1] INFO  o.a.kafka.common.metrics.Metrics - Metrics reporters closed
2026-05-18 21:04:24 [org.springframework.kafka.KafkaListenerEndpointContainer#4-0-C-1] INFO  o.a.kafka.common.metrics.Metrics - Metrics scheduler closed
2026-05-18 21:04:24 [org.springframework.kafka.KafkaListenerEndpointContainer#4-0-C-1] INFO  o.a.kafka.common.metrics.Metrics - Closing reporter org.apache.kafka.common.metrics.JmxReporter
2026-05-18 21:04:24 [org.springframework.kafka.KafkaListenerEndpointContainer#4-0-C-1] INFO  o.a.kafka.common.metrics.Metrics - Metrics reporters closed
2026-05-18 21:04:24 [org.springframework.kafka.KafkaListenerEndpointContainer#10-1-C-1] INFO  o.a.kafka.common.metrics.Metrics - Metrics scheduler closed
2026-05-18 21:04:24 [org.springframework.kafka.KafkaListenerEndpointContainer#10-1-C-1] INFO  o.a.kafka.common.metrics.Metrics - Closing reporter org.apache.kafka.common.metrics.JmxReporter
2026-05-18 21:04:24 [org.springframework.kafka.KafkaListenerEndpointContainer#10-1-C-1] INFO  o.a.kafka.common.metrics.Metrics - Metrics reporters closed
2026-05-18 21:04:24 [org.springframework.kafka.KafkaListenerEndpointContainer#10-1-C-1] INFO  o.a.kafka.common.utils.AppInfoParser - App info kafka.consumer for consumer-notification-service-group-35 unregistered
2026-05-18 21:04:24 [org.springframework.kafka.KafkaListenerEndpointContainer#10-1-C-1] INFO  o.s.k.l.KafkaMessageListenerContainer - notification-service-group: Consumer stopped
2026-05-18 21:04:24 [org.springframework.kafka.KafkaListenerEndpointContainer#6-2-C-1] INFO  o.a.kafka.common.metrics.Metrics - Metrics reporters closed
2026-05-18 21:04:24 [org.springframework.kafka.KafkaListenerEndpointContainer#11-1-C-1] INFO  o.a.kafka.common.metrics.Metrics - Metrics scheduler closed
2026-05-18 21:04:24 [org.springframework.kafka.KafkaListenerEndpointContainer#11-1-C-1] INFO  o.a.kafka.common.metrics.Metrics - Closing reporter org.apache.kafka.common.metrics.JmxReporter
2026-05-18 21:04:24 [org.springframework.kafka.KafkaListenerEndpointContainer#11-1-C-1] INFO  o.a.kafka.common.metrics.Metrics - Metrics reporters closed
2026-05-18 21:04:24 [org.springframework.kafka.KafkaListenerEndpointContainer#11-1-C-1] INFO  o.a.kafka.common.utils.AppInfoParser - App info kafka.consumer for consumer-notification-service-group-26 unregistered
2026-05-18 21:04:24 [org.springframework.kafka.KafkaListenerEndpointContainer#11-1-C-1] INFO  o.s.k.l.KafkaMessageListenerContainer - notification-service-group: Consumer stopped
2026-05-18 21:04:24 [org.springframework.kafka.KafkaListenerEndpointContainer#8-0-C-1] INFO  o.a.kafka.common.metrics.Metrics - Metrics scheduler closed
2026-05-18 21:04:24 [org.springframework.kafka.KafkaListenerEndpointContainer#8-0-C-1] INFO  o.a.kafka.common.metrics.Metrics - Closing reporter org.apache.kafka.common.metrics.JmxReporter
2026-05-18 21:04:24 [org.springframework.kafka.KafkaListenerEndpointContainer#8-0-C-1] INFO  o.a.kafka.common.metrics.Metrics - Metrics reporters closed
2026-05-18 21:04:24 [org.springframework.kafka.KafkaListenerEndpointContainer#8-0-C-1] INFO  o.a.kafka.common.utils.AppInfoParser - App info kafka.consumer for consumer-notification-service-group-7 unregistered
2026-05-18 21:04:24 [org.springframework.kafka.KafkaListenerEndpointContainer#8-0-C-1] INFO  o.s.k.l.KafkaMessageListenerContainer - notification-service-group: Consumer stopped
2026-05-18 21:04:24 [org.springframework.kafka.KafkaListenerEndpointContainer#11-2-C-1] INFO  o.a.kafka.common.metrics.Metrics - Metrics scheduler closed
2026-05-18 21:04:24 [org.springframework.kafka.KafkaListenerEndpointContainer#11-2-C-1] INFO  o.a.kafka.common.metrics.Metrics - Closing reporter org.apache.kafka.common.metrics.JmxReporter
2026-05-18 21:04:24 [org.springframework.kafka.KafkaListenerEndpointContainer#9-0-C-1] INFO  o.a.kafka.common.metrics.Metrics - Metrics scheduler closed
2026-05-18 21:04:24 [org.springframework.kafka.KafkaListenerEndpointContainer#9-0-C-1] INFO  o.a.kafka.common.metrics.Metrics - Closing reporter org.apache.kafka.common.metrics.JmxReporter
2026-05-18 21:04:24 [org.springframework.kafka.KafkaListenerEndpointContainer#11-2-C-1] INFO  o.a.kafka.common.metrics.Metrics - Metrics reporters closed
2026-05-18 21:04:24 [org.springframework.kafka.KafkaListenerEndpointContainer#9-0-C-1] INFO  o.a.kafka.common.metrics.Metrics - Metrics reporters closed
2026-05-18 21:04:24 [org.springframework.kafka.KafkaListenerEndpointContainer#11-2-C-1] INFO  o.a.kafka.common.utils.AppInfoParser - App info kafka.consumer for consumer-notification-service-group-27 unregistered
2026-05-18 21:04:24 [org.springframework.kafka.KafkaListenerEndpointContainer#11-2-C-1] INFO  o.s.k.l.KafkaMessageListenerContainer - notification-service-group: Consumer stopped
2026-05-18 21:04:24 [org.springframework.kafka.KafkaListenerEndpointContainer#5-2-C-1] INFO  o.a.kafka.common.metrics.Metrics - Metrics scheduler closed
2026-05-18 21:04:24 [org.springframework.kafka.KafkaListenerEndpointContainer#5-2-C-1] INFO  o.a.kafka.common.metrics.Metrics - Closing reporter org.apache.kafka.common.metrics.JmxReporter
2026-05-18 21:04:24 [org.springframework.kafka.KafkaListenerEndpointContainer#5-2-C-1] INFO  o.a.kafka.common.metrics.Metrics - Metrics reporters closed
2026-05-18 21:04:24 [org.springframework.kafka.KafkaListenerEndpointContainer#9-0-C-1] INFO  o.a.kafka.common.utils.AppInfoParser - App info kafka.consumer for consumer-notification-service-group-10 unregistered
2026-05-18 21:04:24 [org.springframework.kafka.KafkaListenerEndpointContainer#9-0-C-1] INFO  o.s.k.l.KafkaMessageListenerContainer - notification-service-group: Consumer stopped
2026-05-18 21:04:24 [org.springframework.kafka.KafkaListenerEndpointContainer#6-2-C-1] INFO  o.a.kafka.common.utils.AppInfoParser - App info kafka.consumer for consumer-notification-service-group-3 unregistered
2026-05-18 21:04:24 [org.springframework.kafka.KafkaListenerEndpointContainer#6-2-C-1] INFO  o.s.k.l.KafkaMessageListenerContainer - notification-service-group: Consumer stopped
2026-05-18 21:04:24 [org.springframework.kafka.KafkaListenerEndpointContainer#4-0-C-1] INFO  o.a.kafka.common.utils.AppInfoParser - App info kafka.consumer for consumer-notification-service-group-19 unregistered
2026-05-18 21:04:24 [org.springframework.kafka.KafkaListenerEndpointContainer#4-0-C-1] INFO  o.s.k.l.KafkaMessageListenerContainer - notification-service-group: Consumer stopped
2026-05-18 21:04:24 [org.springframework.kafka.KafkaListenerEndpointContainer#0-0-C-1] INFO  o.a.kafka.common.metrics.Metrics - Metrics scheduler closed
2026-05-18 21:04:24 [org.springframework.kafka.KafkaListenerEndpointContainer#0-0-C-1] INFO  o.a.kafka.common.metrics.Metrics - Closing reporter org.apache.kafka.common.metrics.JmxReporter
2026-05-18 21:04:24 [org.springframework.kafka.KafkaListenerEndpointContainer#10-0-C-1] INFO  o.a.kafka.common.metrics.Metrics - Metrics reporters closed
2026-05-18 21:04:24 [org.springframework.kafka.KafkaListenerEndpointContainer#10-0-C-1] INFO  o.a.kafka.common.utils.AppInfoParser - App info kafka.consumer for consumer-notification-service-group-34 unregistered
2026-05-18 21:04:24 [org.springframework.kafka.KafkaListenerEndpointContainer#10-0-C-1] INFO  o.s.k.l.KafkaMessageListenerContainer - notification-service-group: Consumer stopped
2026-05-18 21:04:24 [org.springframework.kafka.KafkaListenerEndpointContainer#1-0-C-1] INFO  o.a.kafka.common.metrics.Metrics - Metrics reporters closed
2026-05-18 21:04:24 [org.springframework.kafka.KafkaListenerEndpointContainer#6-0-C-1] INFO  o.a.kafka.common.metrics.Metrics - Metrics reporters closed
2026-05-18 21:04:24 [org.springframework.kafka.KafkaListenerEndpointContainer#10-2-C-1] INFO  o.a.kafka.common.metrics.Metrics - Metrics reporters closed
2026-05-18 21:04:24 [org.springframework.kafka.KafkaListenerEndpointContainer#11-0-C-1] INFO  o.a.kafka.common.metrics.Metrics - Metrics reporters closed
2026-05-18 21:04:24 [org.springframework.kafka.KafkaListenerEndpointContainer#7-0-C-1] INFO  o.a.kafka.common.metrics.Metrics - Metrics scheduler closed
2026-05-18 21:04:24 [org.springframework.kafka.KafkaListenerEndpointContainer#7-0-C-1] INFO  o.a.kafka.common.metrics.Metrics - Closing reporter org.apache.kafka.common.metrics.JmxReporter
2026-05-18 21:04:24 [org.springframework.kafka.KafkaListenerEndpointContainer#4-1-C-1] INFO  o.a.kafka.common.metrics.Metrics - Metrics scheduler closed
2026-05-18 21:04:24 [org.springframework.kafka.KafkaListenerEndpointContainer#4-1-C-1] INFO  o.a.kafka.common.metrics.Metrics - Closing reporter org.apache.kafka.common.metrics.JmxReporter
2026-05-18 21:04:24 [org.springframework.kafka.KafkaListenerEndpointContainer#3-0-C-1] INFO  o.a.kafka.common.metrics.Metrics - Metrics scheduler closed
2026-05-18 21:04:24 [org.springframework.kafka.KafkaListenerEndpointContainer#3-0-C-1] INFO  o.a.kafka.common.metrics.Metrics - Closing reporter org.apache.kafka.common.metrics.JmxReporter
2026-05-18 21:04:24 [org.springframework.kafka.KafkaListenerEndpointContainer#5-1-C-1] INFO  o.a.kafka.common.metrics.Metrics - Metrics scheduler closed
2026-05-18 21:04:24 [org.springframework.kafka.KafkaListenerEndpointContainer#5-1-C-1] INFO  o.a.kafka.common.metrics.Metrics - Closing reporter org.apache.kafka.common.metrics.JmxReporter
2026-05-18 21:04:24 [org.springframework.kafka.KafkaListenerEndpointContainer#0-0-C-1] INFO  o.a.kafka.common.metrics.Metrics - Metrics reporters closed
2026-05-18 21:04:24 [org.springframework.kafka.KafkaListenerEndpointContainer#2-0-C-1] INFO  o.a.kafka.common.utils.AppInfoParser - App info kafka.consumer for consumer-notification-service-group-13 unregistered
2026-05-18 21:04:24 [org.springframework.kafka.KafkaListenerEndpointContainer#2-0-C-1] INFO  o.s.k.l.KafkaMessageListenerContainer - notification-service-group: Consumer stopped
2026-05-18 21:04:24 [org.springframework.kafka.KafkaListenerEndpointContainer#5-1-C-1] INFO  o.a.kafka.common.metrics.Metrics - Metrics reporters closed
2026-05-18 21:04:24 [org.springframework.kafka.KafkaListenerEndpointContainer#4-2-C-1] INFO  o.a.kafka.common.metrics.Metrics - Metrics scheduler closed
2026-05-18 21:04:24 [org.springframework.kafka.KafkaListenerEndpointContainer#3-0-C-1] INFO  o.a.kafka.common.metrics.Metrics - Metrics reporters closed
2026-05-18 21:04:24 [org.springframework.kafka.KafkaListenerEndpointContainer#4-2-C-1] INFO  o.a.kafka.common.metrics.Metrics - Closing reporter org.apache.kafka.common.metrics.JmxReporter
2026-05-18 21:04:24 [org.springframework.kafka.KafkaListenerEndpointContainer#4-1-C-1] INFO  o.a.kafka.common.metrics.Metrics - Metrics reporters closed
2026-05-18 21:04:24 [org.springframework.kafka.KafkaListenerEndpointContainer#5-0-C-1] INFO  o.a.kafka.common.metrics.Metrics - Metrics scheduler closed
2026-05-18 21:04:24 [org.springframework.kafka.KafkaListenerEndpointContainer#5-0-C-1] INFO  o.a.kafka.common.metrics.Metrics - Closing reporter org.apache.kafka.common.metrics.JmxReporter
2026-05-18 21:04:24 [org.springframework.kafka.KafkaListenerEndpointContainer#5-0-C-1] INFO  o.a.kafka.common.metrics.Metrics - Metrics reporters closed
2026-05-18 21:04:24 [org.springframework.kafka.KafkaListenerEndpointContainer#4-2-C-1] INFO  o.a.kafka.common.metrics.Metrics - Metrics reporters closed
2026-05-18 21:04:24 [org.springframework.kafka.KafkaListenerEndpointContainer#5-0-C-1] INFO  o.a.kafka.common.utils.AppInfoParser - App info kafka.consumer for consumer-notification-service-group-notify-approved-22 unregistered
2026-05-18 21:04:24 [org.springframework.kafka.KafkaListenerEndpointContainer#5-0-C-1] INFO  o.s.k.l.KafkaMessageListenerContainer - notification-service-group-notify-approved: Consumer stopped
2026-05-18 21:04:24 [org.springframework.kafka.KafkaListenerEndpointContainer#7-0-C-1] INFO  o.a.kafka.common.metrics.Metrics - Metrics reporters closed
2026-05-18 21:04:24 [org.springframework.kafka.KafkaListenerEndpointContainer#6-0-C-1] INFO  o.a.kafka.common.utils.AppInfoParser - App info kafka.consumer for consumer-notification-service-group-1 unregistered
2026-05-18 21:04:24 [org.springframework.kafka.KafkaListenerEndpointContainer#6-0-C-1] INFO  o.s.k.l.KafkaMessageListenerContainer - notification-service-group: Consumer stopped
2026-05-18 21:04:24 [org.springframework.kafka.KafkaListenerEndpointContainer#10-2-C-1] INFO  o.a.kafka.common.utils.AppInfoParser - App info kafka.consumer for consumer-notification-service-group-36 unregistered
2026-05-18 21:04:24 [org.springframework.kafka.KafkaListenerEndpointContainer#10-2-C-1] INFO  o.s.k.l.KafkaMessageListenerContainer - notification-service-group: Consumer stopped
2026-05-18 21:04:24 [org.springframework.kafka.KafkaListenerEndpointContainer#5-1-C-1] INFO  o.a.kafka.common.utils.AppInfoParser - App info kafka.consumer for consumer-notification-service-group-notify-approved-23 unregistered
2026-05-18 21:04:24 [org.springframework.kafka.KafkaListenerEndpointContainer#5-1-C-1] INFO  o.s.k.l.KafkaMessageListenerContainer - notification-service-group-notify-approved: Consumer stopped
2026-05-18 21:04:24 [org.springframework.kafka.KafkaListenerEndpointContainer#5-2-C-1] INFO  o.a.kafka.common.utils.AppInfoParser - App info kafka.consumer for consumer-notification-service-group-notify-approved-24 unregistered
2026-05-18 21:04:24 [org.springframework.kafka.KafkaListenerEndpointContainer#5-2-C-1] INFO  o.s.k.l.KafkaMessageListenerContainer - notification-service-group-notify-approved: Consumer stopped
2026-05-18 21:04:24 [org.springframework.kafka.KafkaListenerEndpointContainer#0-0-C-1] INFO  o.a.kafka.common.utils.AppInfoParser - App info kafka.consumer for consumer-notification-service-group-28 unregistered
2026-05-18 21:04:24 [org.springframework.kafka.KafkaListenerEndpointContainer#0-0-C-1] INFO  o.s.k.l.KafkaMessageListenerContainer - notification-service-group: Consumer stopped
2026-05-18 21:04:24 [org.springframework.kafka.KafkaListenerEndpointContainer#7-0-C-1] INFO  o.a.kafka.common.utils.AppInfoParser - App info kafka.consumer for consumer-notification-service-group-4 unregistered
2026-05-18 21:04:24 [org.springframework.kafka.KafkaListenerEndpointContainer#7-0-C-1] INFO  o.s.k.l.KafkaMessageListenerContainer - notification-service-group: Consumer stopped
2026-05-18 21:04:24 [org.springframework.kafka.KafkaListenerEndpointContainer#4-2-C-1] INFO  o.a.kafka.common.utils.AppInfoParser - App info kafka.consumer for consumer-notification-service-group-21 unregistered
2026-05-18 21:04:24 [org.springframework.kafka.KafkaListenerEndpointContainer#4-2-C-1] INFO  o.s.k.l.KafkaMessageListenerContainer - notification-service-group: Consumer stopped
2026-05-18 21:04:24 [org.springframework.kafka.KafkaListenerEndpointContainer#4-1-C-1] INFO  o.a.kafka.common.utils.AppInfoParser - App info kafka.consumer for consumer-notification-service-group-20 unregistered
2026-05-18 21:04:24 [org.springframework.kafka.KafkaListenerEndpointContainer#4-1-C-1] INFO  o.s.k.l.KafkaMessageListenerContainer - notification-service-group: Consumer stopped
2026-05-18 21:04:24 [org.springframework.kafka.KafkaListenerEndpointContainer#11-0-C-1] INFO  o.a.kafka.common.utils.AppInfoParser - App info kafka.consumer for consumer-notification-service-group-25 unregistered
2026-05-18 21:04:24 [org.springframework.kafka.KafkaListenerEndpointContainer#11-0-C-1] INFO  o.s.k.l.KafkaMessageListenerContainer - notification-service-group: Consumer stopped
2026-05-18 21:04:24 [org.springframework.kafka.KafkaListenerEndpointContainer#6-1-C-1] INFO  o.a.kafka.common.utils.AppInfoParser - App info kafka.consumer for consumer-notification-service-group-2 unregistered
2026-05-18 21:04:24 [org.springframework.kafka.KafkaListenerEndpointContainer#6-1-C-1] INFO  o.s.k.l.KafkaMessageListenerContainer - notification-service-group: Consumer stopped
2026-05-18 21:04:24 [org.springframework.kafka.KafkaListenerEndpointContainer#1-0-C-1] INFO  o.a.kafka.common.utils.AppInfoParser - App info kafka.consumer for consumer-notification-service-group-31 unregistered
2026-05-18 21:04:24 [org.springframework.kafka.KafkaListenerEndpointContainer#1-0-C-1] INFO  o.s.k.l.KafkaMessageListenerContainer - notification-service-group: Consumer stopped
2026-05-18 21:04:24 [org.springframework.kafka.KafkaListenerEndpointContainer#3-0-C-1] INFO  o.a.kafka.common.utils.AppInfoParser - App info kafka.consumer for consumer-notification-service-group-16 unregistered
2026-05-18 21:04:24 [org.springframework.kafka.KafkaListenerEndpointContainer#3-0-C-1] INFO  o.s.k.l.KafkaMessageListenerContainer - notification-service-group: Consumer stopped
2026-05-18 21:04:25 [SpringApplicationShutdownHook] INFO  o.a.k.clients.producer.KafkaProducer - [Producer clientId=producer-1] Closing the Kafka producer with timeoutMillis = 30000 ms.
2026-05-18 21:04:25 [SpringApplicationShutdownHook] INFO  o.a.kafka.common.metrics.Metrics - Metrics scheduler closed
2026-05-18 21:04:25 [SpringApplicationShutdownHook] INFO  o.a.kafka.common.metrics.Metrics - Closing reporter org.apache.kafka.common.metrics.JmxReporter
2026-05-18 21:04:25 [SpringApplicationShutdownHook] INFO  o.a.kafka.common.metrics.Metrics - Metrics reporters closed
2026-05-18 21:04:25 [SpringApplicationShutdownHook] INFO  o.a.kafka.common.utils.AppInfoParser - App info kafka.producer for producer-1 unregistered
2026-05-18 21:04:25 [SpringApplicationShutdownHook] INFO  o.s.o.j.LocalContainerEntityManagerFactoryBean - Closing JPA EntityManagerFactory for persistence unit 'default'
2026-05-18 21:04:25 [SpringApplicationShutdownHook] INFO  com.zaxxer.hikari.HikariDataSource - HikariPool-1 - Shutdown initiated...
2026-05-18 21:04:25 [SpringApplicationShutdownHook] INFO  com.zaxxer.hikari.HikariDataSource - HikariPool-1 - Shutdown completed.
